V262: Year survey,B_COUNTRY_ALPHA: Country code ISO 3166 alpha,V256: Region where the interview was conducted,V240: Sex,V242: Age,V247: Language at home,V57: Marital status,V248R: Highest educational level: Respondent (recoded into 3 groups),V238: Social class (subjective),Counts
2013,-4,EG: Alexandria,Female,18,Arabic,Single,Middle,Lower middle class,1
2013,-4,EG: Alexandria,Female,19,Arabic,Single,Lower,Lower middle class,1
2013,-4,EG: Alexandria,Female,21,Arabic,Married,Lower,Lower class,1
2013,-4,EG: Alexandria,Female,21,Arabic,Single,Higher,Lower middle class,1
2013,-4,EG: Alexandria,Female,23,Arabic,Single,Higher,Lower middle class,1
2013,-4,EG: Alexandria,Female,24,Arabic,Single,Middle,Lower class,1
2013,-4,EG: Alexandria,Female,25,Arabic,Married,Middle,Lower class,1
2013,-4,EG: Alexandria,Female,26,Arabic,Single,Higher,Lower middle class,1
2013,-4,EG: Alexandria,Female,27,Arabic,Married,Higher,Lower middle class,1
2013,-4,EG: Alexandria,Female,27,Arabic,Married,Higher,Upper middle class,1
2013,-4,EG: Alexandria,Female,29,Arabic,Married,Middle,Lower class,1
2013,-4,EG: Alexandria,Female,32,Arabic,Married,Lower,Lower class,1
2013,-4,EG: Alexandria,Female,32,Arabic,Single,Lower,Lower class,1
2013,-4,EG: Alexandria,Female,34,Arabic,Married,Lower,Lower class,1
2013,-4,EG: Alexandria,Female,35,Arabic,Married,Lower,Lower class,2
2013,-4,EG: Alexandria,Female,36,Arabic,Married,Higher,Upper class,1
2013,-4,EG: Alexandria,Female,36,Arabic,Married,Middle,Lower class,1
2013,-4,EG: Alexandria,Female,36,Arabic,Married,Middle,Working class,1
2013,-4,EG: Alexandria,Female,37,Arabic,Married,Lower,Lower class,1
2013,-4,EG: Alexandria,Female,38,Arabic,Married,Lower,Lower class,1
2013,-4,EG: Alexandria,Female,39,Arabic,Married,Middle,Working class,1
2013,-4,EG: Alexandria,Female,40,Arabic,Married,Higher,Working class,1
2013,-4,EG: Alexandria,Female,40,Arabic,Married,Middle,Lower middle class,2
2013,-4,EG: Alexandria,Female,41,Arabic,Married,Middle,Upper middle class,1
2013,-4,EG: Alexandria,Female,42,Arabic,Married,Lower,Lower class,1
2013,-4,EG: Alexandria,Female,42,Arabic,Married,Lower,Lower middle class,1
2013,-4,EG: Alexandria,Female,42,Arabic,Married,Lower,Working class,1
2013,-4,EG: Alexandria,Female,43,Arabic,Married,Middle,Lower class,1
2013,-4,EG: Alexandria,Female,44,Arabic,Married,Lower,Lower class,1
2013,-4,EG: Alexandria,Female,45,Arabic,Married,Higher,Upper middle class,1
2013,-4,EG: Alexandria,Female,45,Arabic,Married,Middle,Lower middle class,1
2013,-4,EG: Alexandria,Female,46,Arabic,Married,Middle,Lower middle class,1
2013,-4,EG: Alexandria,Female,47,Arabic,Married,Higher,Upper middle class,1
2013,-4,EG: Alexandria,Female,48,Arabic,Married,Middle,Working class,1
2013,-4,EG: Alexandria,Female,50,Arabic,Married,Middle,Lower class,1
2013,-4,EG: Alexandria,Female,50,Arabic,Widowed,Middle,Working class,1
2013,-4,EG: Alexandria,Female,51,Arabic,Married,Middle,Working class,1
2013,-4,EG: Alexandria,Female,52,Arabic,Married,Lower,Lower class,1
2013,-4,EG: Alexandria,Female,52,Arabic,Married,Middle,Working class,2
2013,-4,EG: Alexandria,Female,53,Arabic,Married,Lower,Lower class,1
2013,-4,EG: Alexandria,Female,53,Arabic,Widowed,Lower,Lower middle class,1
2013,-4,EG: Alexandria,Female,54,Arabic,Married,Lower,Lower middle class,1
2013,-4,EG: Alexandria,Female,55,Arabic,Widowed,Lower,Lower class,1
2013,-4,EG: Alexandria,Female,58,Arabic,Married,Middle,Lower class,1
2013,-4,EG: Alexandria,Female,60,Arabic,Widowed,Lower,Lower class,2
2013,-4,EG: Alexandria,Female,62,Arabic,Married,Higher,Lower middle class,1
2013,-4,EG: Alexandria,Female,62,Arabic,Separated,Higher,Lower middle class,1
2013,-4,EG: Alexandria,Female,62,Arabic,Widowed,Lower,Lower class,1
2013,-4,EG: Alexandria,Female,62,Arabic,Widowed,Lower,Lower middle class,1
2013,-4,EG: Alexandria,Female,63,Arabic,Widowed,Lower,Working class,1
2013,-4,EG: Alexandria,Female,65,Arabic,Widowed,Lower,Working class,1
2013,-4,EG: Alexandria,Female,66,Arabic,Divorced,Lower,Lower middle class,1
2013,-4,EG: Alexandria,Female,68,Arabic,Widowed,Lower,Working class,1
2013,-4,EG: Alexandria,Female,70,Arabic,Married,Lower,Lower class,1
2013,-4,EG: Alexandria,Female,70,Arabic,Widowed,Lower,Lower class,1
2013,-4,EG: Alexandria,Female,70,Arabic,Widowed,Middle,Working class,1
2013,-4,EG: Alexandria,Female,71,Arabic,Widowed,Lower,Working class,1
2013,-4,EG: Alexandria,Female,72,Arabic,Widowed,Middle,Lower middle class,1
2013,-4,EG: Alexandria,Female,75,Arabic,Widowed,Lower,Working class,1
2013,-4,EG: Alexandria,Male,18,Arabic,Single,Lower,Working class,1
2013,-4,EG: Alexandria,Male,19,Arabic,Single,Lower,Lower middle class,1
2013,-4,EG: Alexandria,Male,23,Arabic,Single,Higher,Lower middle class,1
2013,-4,EG: Alexandria,Male,28,Arabic,Married,Middle,Working class,1
2013,-4,EG: Alexandria,Male,30,Arabic,Married,Middle,Lower middle class,1
2013,-4,EG: Alexandria,Male,30,Arabic,Single,Lower,Lower class,1
2013,-4,EG: Alexandria,Male,35,Arabic,Married,Lower,Lower class,1
2013,-4,EG: Alexandria,Male,36,Arabic,Married,Lower,Lower class,1
2013,-4,EG: Alexandria,Male,40,Arabic,Married,Lower,Lower middle class,1
2013,-4,EG: Alexandria,Male,42,Arabic,Married,Middle,Lower class,1
2013,-4,EG: Alexandria,Male,44,Arabic,Married,Higher,Upper middle class,1
2013,-4,EG: Alexandria,Male,48,Arabic,Married,Lower,Lower class,1
2013,-4,EG: Alexandria,Male,48,Arabic,Married,Middle,Lower class,1
2013,-4,EG: Alexandria,Male,48,Arabic,Married,Middle,Lower middle class,1
2013,-4,EG: Alexandria,Male,52,Arabic,Married,Higher,Working class,2
2013,-4,EG: Alexandria,Male,53,Arabic,Married,Lower,Lower class,1
2013,-4,EG: Alexandria,Male,53,Arabic,Married,Middle,Lower class,1
2013,-4,EG: Alexandria,Male,53,Arabic,Single,Lower,Lower class,1
2013,-4,EG: Alexandria,Male,56,Arabic,Married,Middle,Lower middle class,1
2013,-4,EG: Alexandria,Male,60,Arabic,Married,Middle,Lower class,1
2013,-4,EG: Alexandria,Male,61,Arabic,Married,Lower,Working class,1
2013,-4,EG: Alexandria,Male,61,Arabic,Married,Middle,Working class,1
2013,-4,EG: Alexandria,Male,63,Arabic,Married,Lower,Working class,1
2013,-4,EG: Alexandria,Male,64,Arabic,Married,Lower,Lower class,1
2013,-4,EG: Alexandria,Male,68,Arabic,Married,Lower,Lower class,1
2013,-4,EG: Alexandria,Male,68,Arabic,Married,Lower,Upper middle class,1
2013,-4,EG: Alexandria,Male,70,Arabic,Married,Middle,Lower class,1
2013,-4,EG: Alexandria,Male,75,Arabic,Married,Lower,Working class,1
2013,-4,EG: Alexandria,Male,80,Arabic,Widowed,Lower,Working class,1
2013,-4,EG: Asyut,Female,18,Arabic,Married,Lower,Working class,1
2013,-4,EG: Asyut,Female,18,Arabic,Single,Lower,Working class,1
2013,-4,EG: Asyut,Female,18,Arabic,Single,Middle,Lower middle class,1
2013,-4,EG: Asyut,Female,19,Arabic,Married,Middle,Lower middle class,1
2013,-4,EG: Asyut,Female,19,Arabic,Single,Lower,Lower middle class,2
2013,-4,EG: Asyut,Female,20,Arabic,Married,Lower,Lower middle class,1
2013,-4,EG: Asyut,Female,20,Arabic,Single,Lower,Lower middle class,1
2013,-4,EG: Asyut,Female,20,Arabic,Single,Middle,Lower middle class,1
2013,-4,EG: Asyut,Female,21,Arabic,Married,Lower,Lower middle class,2
2013,-4,EG: Asyut,Female,21,Arabic,Married,Lower,Working class,1
2013,-4,EG: Asyut,Female,21,Arabic,Single,Higher,Lower middle class,1
2013,-4,EG: Asyut,Female,22,Arabic,Married,Lower,Lower class,2
2013,-4,EG: Asyut,Female,22,Arabic,Married,Lower,Lower middle class,1
2013,-4,EG: Asyut,Female,22,Arabic,Married,Middle,Lower middle class,1
2013,-4,EG: Asyut,Female,22,Arabic,Single,Lower,Lower middle class,2
2013,-4,EG: Asyut,Female,22,Arabic,Single,Middle,Lower class,1
2013,-4,EG: Asyut,Female,23,Arabic,Married,Lower,Lower middle class,1
2013,-4,EG: Asyut,Female,23,Arabic,Married,Lower,Working class,1
2013,-4,EG: Asyut,Female,23,Arabic,Single,Higher,Upper middle class,1
2013,-4,EG: Asyut,Female,24,Arabic,Married,Lower,Lower middle class,1
2013,-4,EG: Asyut,Female,24,Arabic,Married,Middle,Working class,1
2013,-4,EG: Asyut,Female,24,Arabic,Single,Middle,Lower middle class,1
2013,-4,EG: Asyut,Female,25,Arabic,Married,Lower,Lower middle class,2
2013,-4,EG: Asyut,Female,25,Arabic,Married,Middle,Lower class,1
2013,-4,EG: Asyut,Female,25,Arabic,Single,Lower,Lower middle class,2
2013,-4,EG: Asyut,Female,26,Arabic,Married,Lower,Lower class,2
2013,-4,EG: Asyut,Female,26,Arabic,Married,Middle,Lower middle class,1
2013,-4,EG: Asyut,Female,26,Arabic,Single,Middle,Lower middle class,1
2013,-4,EG: Asyut,Female,27,Arabic,Married,Lower,Lower middle class,2
2013,-4,EG: Asyut,Female,27,Arabic,Single,Lower,Lower class,1
2013,-4,EG: Asyut,Female,28,Arabic,Married,Lower,Lower middle class,2
2013,-4,EG: Asyut,Female,28,Arabic,Married,Middle,Lower middle class,1
2013,-4,EG: Asyut,Female,28,Arabic,Single,Higher,Lower middle class,1
2013,-4,EG: Asyut,Female,28,Arabic,Single,Lower,Lower middle class,1
2013,-4,EG: Asyut,Female,29,Arabic,Married,Lower,Lower class,1
2013,-4,EG: Asyut,Female,29,Arabic,Married,Lower,Lower middle class,1
2013,-4,EG: Asyut,Female,29,Arabic,Married,Lower,Upper middle class,1
2013,-4,EG: Asyut,Female,29,Arabic,Married,Lower,Working class,1
2013,-4,EG: Asyut,Female,30,Arabic,Married,Lower,Lower middle class,2
2013,-4,EG: Asyut,Female,30,Arabic,Married,Middle,Lower class,1
2013,-4,EG: Asyut,Female,30,Arabic,Single,Middle,Lower middle class,1
2013,-4,EG: Asyut,Female,31,Arabic,Married,Lower,Lower middle class,2
2013,-4,EG: Asyut,Female,31,Arabic,Married,Middle,Lower middle class,1
2013,-4,EG: Asyut,Female,32,Arabic,Married,Lower,Lower class,1
2013,-4,EG: Asyut,Female,32,Arabic,Married,Lower,Lower middle class,1
2013,-4,EG: Asyut,Female,32,Arabic,Married,Lower,Working class,1
2013,-4,EG: Asyut,Female,32,Arabic,Married,Middle,Lower middle class,2
2013,-4,EG: Asyut,Female,33,Arabic,Married,Lower,Lower middle class,1
2013,-4,EG: Asyut,Female,33,Arabic,Married,Middle,Lower middle class,2
2013,-4,EG: Asyut,Female,34,Arabic,Married,Middle,Lower class,1
2013,-4,EG: Asyut,Female,34,Arabic,Married,Middle,Lower middle class,1
2013,-4,EG: Asyut,Female,35,Arabic,Divorced,Middle,Lower middle class,1
2013,-4,EG: Asyut,Female,35,Arabic,Married,Lower,Lower class,2
2013,-4,EG: Asyut,Female,35,Arabic,Married,Lower,Lower middle class,4
2013,-4,EG: Asyut,Female,35,Arabic,Single,Middle,Lower middle class,1
2013,-4,EG: Asyut,Female,36,Arabic,Married,Lower,Lower class,1
2013,-4,EG: Asyut,Female,36,Arabic,Single,Lower,Working class,1
2013,-4,EG: Asyut,Female,37,Arabic,Married,Middle,Lower middle class,1
2013,-4,EG: Asyut,Female,38,Arabic,Married,Lower,Lower class,1
2013,-4,EG: Asyut,Female,38,Arabic,Married,Lower,Lower middle class,3
2013,-4,EG: Asyut,Female,39,Arabic,Married,Lower,Lower class,1
2013,-4,EG: Asyut,Female,40,Arabic,Married,Lower,Lower class,1
2013,-4,EG: Asyut,Female,40,Arabic,Married,Lower,Lower middle class,1
2013,-4,EG: Asyut,Female,40,Arabic,Married,Lower,Working class,1
2013,-4,EG: Asyut,Female,42,Arabic,Married,Lower,Lower class,1
2013,-4,EG: Asyut,Female,43,Arabic,Married,Lower,Lower class,1
2013,-4,EG: Asyut,Female,43,Arabic,Married,Lower,Lower middle class,1
2013,-4,EG: Asyut,Female,44,Arabic,Married,Middle,Lower middle class,1
2013,-4,EG: Asyut,Female,45,Arabic,Married,Lower,Lower middle class,1
2013,-4,EG: Asyut,Female,45,Arabic,Single,Lower,Lower class,1
2013,-4,EG: Asyut,Female,46,Arabic,Divorced,Lower,Lower class,1
2013,-4,EG: Asyut,Female,48,Arabic,Married,Lower,Lower middle class,4
2013,-4,EG: Asyut,Female,49,Arabic,Married,Lower,Lower class,1
2013,-4,EG: Asyut,Female,50,Arabic,Married,Higher,Lower class,1
2013,-4,EG: Asyut,Female,50,Arabic,Married,Lower,Lower class,1
2013,-4,EG: Asyut,Female,50,Arabic,Married,Lower,Lower middle class,3
2013,-4,EG: Asyut,Female,50,Arabic,Widowed,Lower,Lower class,1
2013,-4,EG: Asyut,Female,52,Arabic,Married,Lower,Lower class,1
2013,-4,EG: Asyut,Female,55,Arabic,Married,Lower,Lower middle class,4
2013,-4,EG: Asyut,Female,55,Arabic,Widowed,Lower,Lower class,1
2013,-4,EG: Asyut,Female,56,Arabic,Widowed,Lower,Lower middle class,1
2013,-4,EG: Asyut,Female,58,Arabic,Married,Lower,Lower class,1
2013,-4,EG: Asyut,Female,58,Arabic,Married,Lower,Lower middle class,1
2013,-4,EG: Asyut,Female,59,Arabic,Married,Lower,Lower middle class,1
2013,-4,EG: Asyut,Female,59,Arabic,Married,Middle,Lower middle class,1
2013,-4,EG: Asyut,Female,60,Arabic,Married,Lower,Lower class,1
2013,-4,EG: Asyut,Female,60,Arabic,Married,Lower,Lower middle class,4
2013,-4,EG: Asyut,Female,60,Arabic,Married,Lower,Working class,1
2013,-4,EG: Asyut,Female,62,Arabic,Married,Lower,Lower class,1
2013,-4,EG: Asyut,Female,70,Arabic,Married,Lower,Lower class,1
2013,-4,EG: Asyut,Female,70,Arabic,Married,Lower,Lower middle class,1
2013,-4,EG: Asyut,Female,72,Arabic,Married,Lower,Lower class,1
2013,-4,EG: Asyut,Female,79,Arabic,Married,Lower,Lower middle class,1
2013,-4,EG: Asyut,Male,18,Arabic,Single,Middle,Lower middle class,1
2013,-4,EG: Asyut,Male,19,Arabic,Single,Higher,Lower class,1
2013,-4,EG: Asyut,Male,19,Arabic,Single,Middle,Lower middle class,1
2013,-4,EG: Asyut,Male,20,Arabic,Single,Middle,Lower middle class,2
2013,-4,EG: Asyut,Male,25,Arabic,Single,Middle,Lower middle class,2
2013,-4,EG: Asyut,Male,26,Arabic,Single,Lower,Lower middle class,1
2013,-4,EG: Asyut,Male,27,Arabic,Married,Middle,Lower class,1
2013,-4,EG: Asyut,Male,28,Arabic,Married,Middle,Lower middle class,1
2013,-4,EG: Asyut,Male,29,Arabic,Married,Middle,Lower middle class,1
2013,-4,EG: Asyut,Male,31,Arabic,Single,Middle,Lower class,1
2013,-4,EG: Asyut,Male,32,Arabic,Married,Lower,Lower class,1
2013,-4,EG: Asyut,Male,32,Arabic,Married,Middle,Lower middle class,1
2013,-4,EG: Asyut,Male,32,Arabic,Single,Higher,Lower middle class,1
2013,-4,EG: Asyut,Male,33,Arabic,Married,Lower,Lower middle class,1
2013,-4,EG: Asyut,Male,36,Arabic,Married,Lower,Lower class,1
2013,-4,EG: Asyut,Male,40,Arabic,Married,Middle,Lower middle class,1
2013,-4,EG: Asyut,Male,42,Arabic,Married,Lower,Lower middle class,1
2013,-4,EG: Asyut,Male,43,Arabic,Married,Lower,Lower class,2
2013,-4,EG: Asyut,Male,44,Arabic,Married,Lower,Lower middle class,1
2013,-4,EG: Asyut,Male,50,Arabic,Married,Lower,Lower class,1
2013,-4,EG: Asyut,Male,50,Arabic,Married,Lower,Lower middle class,1
2013,-4,EG: Asyut,Male,55,Arabic,Married,Higher,Lower middle class,1
2013,-4,EG: Asyut,Male,62,Arabic,Married,Lower,Lower middle class,1
2013,-4,EG: Asyut,Male,65,Arabic,Married,Lower,Lower class,1
2013,-4,EG: Asyut,Male,68,Arabic,Married,Middle,Lower class,1
2013,-4,EG: Asyut,Male,75,Arabic,Married,Lower,Lower middle class,1
2013,-4,EG: Asyut,Male,78,Arabic,Married,Lower,Lower class,1
2013,-4,EG: Asyut,Male,78,Arabic,Married,Middle,Lower middle class,1
2013,-4,EG: Behaira,Female,18,Arabic,Single,Lower,Lower class,1
2013,-4,EG: Behaira,Female,19,Arabic,Married,Lower,Lower class,1
2013,-4,EG: Behaira,Female,19,Arabic,Married,Middle,Lower middle class,1
2013,-4,EG: Behaira,Female,20,Arabic,Married,Lower,Lower class,1
2013,-4,EG: Behaira,Female,20,Arabic,Married,Lower,Working class,1
2013,-4,EG: Behaira,Female,20,Arabic,Married,Middle,Lower class,1
2013,-4,EG: Behaira,Female,20,Arabic,Married,Middle,Lower middle class,2
2013,-4,EG: Behaira,Female,21,Arabic,Married,Middle,Lower class,1
2013,-4,EG: Behaira,Female,22,Arabic,Married,Middle,Lower class,1
2013,-4,EG: Behaira,Female,23,Arabic,Married,Middle,Working class,1
2013,-4,EG: Behaira,Female,23,Arabic,Single,Middle,Lower class,1
2013,-4,EG: Behaira,Female,24,Arabic,Married,Lower,Lower class,1
2013,-4,EG: Behaira,Female,25,Arabic,Married,Lower,Lower class,1
2013,-4,EG: Behaira,Female,25,Arabic,Married,Lower,Lower middle class,1
2013,-4,EG: Behaira,Female,25,Arabic,Married,Middle,Lower class,3
2013,-4,EG: Behaira,Female,25,Arabic,Married,Middle,Lower middle class,1
2013,-4,EG: Behaira,Female,25,Arabic,Single,Higher,Lower middle class,1
2013,-4,EG: Behaira,Female,26,Arabic,Married,Middle,Lower middle class,1
2013,-4,EG: Behaira,Female,27,Arabic,Married,Higher,Lower class,1
2013,-4,EG: Behaira,Female,27,Arabic,Married,Middle,Upper middle class,1
2013,-4,EG: Behaira,Female,28,Arabic,Married,Middle,Lower class,4
2013,-4,EG: Behaira,Female,29,Arabic,Married,Higher,Lower middle class,1
2013,-4,EG: Behaira,Female,29,Arabic,Married,Middle,Lower class,1
2013,-4,EG: Behaira,Female,30,Arabic,Married,Lower,Lower class,3
2013,-4,EG: Behaira,Female,30,Arabic,Married,Lower,Lower middle class,1
2013,-4,EG: Behaira,Female,30,Arabic,Married,Middle,Lower class,2
2013,-4,EG: Behaira,Female,31,Arabic,Married,Middle,Lower middle class,1
2013,-4,EG: Behaira,Female,33,Arabic,Married,Middle,Lower class,1
2013,-4,EG: Behaira,Female,34,Arabic,Married,Lower,Lower class,1
2013,-4,EG: Behaira,Female,34,Arabic,Widowed,Middle,Lower class,1
2013,-4,EG: Behaira,Female,35,Arabic,Married,Lower,Lower class,1
2013,-4,EG: Behaira,Female,35,Arabic,Married,Middle,Lower class,1
2013,-4,EG: Behaira,Female,35,Arabic,Married,Middle,Lower middle class,1
2013,-4,EG: Behaira,Female,36,Arabic,Married,Lower,Lower class,1
2013,-4,EG: Behaira,Female,37,Arabic,Married,Middle,Lower middle class,1
2013,-4,EG: Behaira,Female,37,Arabic,Widowed,Middle,Lower class,1
2013,-4,EG: Behaira,Female,38,Arabic,Married,Lower,Lower class,1
2013,-4,EG: Behaira,Female,39,Arabic,Married,Lower,Lower class,2
2013,-4,EG: Behaira,Female,39,Arabic,Married,Lower,Working class,1
2013,-4,EG: Behaira,Female,39,Arabic,Widowed,Lower,Lower middle class,1
2013,-4,EG: Behaira,Female,40,Arabic,Married,Higher,Lower middle class,1
2013,-4,EG: Behaira,Female,40,Arabic,Married,Lower,Lower middle class,1
2013,-4,EG: Behaira,Female,42,Arabic,Married,Lower,Lower class,1
2013,-4,EG: Behaira,Female,42,Arabic,Married,Lower,Working class,1
2013,-4,EG: Behaira,Female,42,Arabic,Married,Middle,Lower middle class,1
2013,-4,EG: Behaira,Female,42,Arabic,Married,Middle,Working class,1
2013,-4,EG: Behaira,Female,42,Arabic,Single,Middle,Lower class,1
2013,-4,EG: Behaira,Female,45,Arabic,Married,Lower,Lower class,3
2013,-4,EG: Behaira,Female,45,Arabic,Widowed,Lower,Lower class,2
2013,-4,EG: Behaira,Female,47,Arabic,Married,Lower,Lower class,1
2013,-4,EG: Behaira,Female,47,Arabic,Married,Middle,Lower middle class,1
2013,-4,EG: Behaira,Female,49,Arabic,Married,Lower,Lower class,2
2013,-4,EG: Behaira,Female,49,Arabic,Widowed,Lower,Lower class,1
2013,-4,EG: Behaira,Female,50,Arabic,Married,Lower,Lower class,1
2013,-4,EG: Behaira,Female,50,Arabic,Widowed,Lower,Lower class,2
2013,-4,EG: Behaira,Female,53,Arabic,Married,Lower,Lower class,1
2013,-4,EG: Behaira,Female,55,Arabic,Married,Lower,Lower class,2
2013,-4,EG: Behaira,Female,55,Arabic,Widowed,Lower,Lower class,1
2013,-4,EG: Behaira,Female,56,Arabic,Married,Higher,Upper middle class,1
2013,-4,EG: Behaira,Female,57,Arabic,Widowed,Lower,Lower class,1
2013,-4,EG: Behaira,Female,58,Arabic,Widowed,Lower,Lower class,1
2013,-4,EG: Behaira,Female,58,Arabic,Widowed,Lower,Lower middle class,1
2013,-4,EG: Behaira,Female,60,Arabic,Married,Lower,Lower class,1
2013,-4,EG: Behaira,Female,60,Arabic,Married,Lower,Upper middle class,1
2013,-4,EG: Behaira,Female,60,Arabic,Widowed,Lower,Lower class,2
2013,-4,EG: Behaira,Female,63,Arabic,Married,Higher,Upper middle class,1
2013,-4,EG: Behaira,Female,64,Arabic,Widowed,Middle,Upper middle class,1
2013,-4,EG: Behaira,Female,65,Arabic,Married,Lower,Lower class,1
2013,-4,EG: Behaira,Female,65,Arabic,Widowed,Lower,Lower class,1
2013,-4,EG: Behaira,Female,68,Arabic,Widowed,Lower,Lower class,1
2013,-4,EG: Behaira,Female,73,Arabic,Widowed,Lower,Lower class,1
2013,-4,EG: Behaira,Female,99,Arabic,Widowed,Lower,Lower class,1
2013,-4,EG: Behaira,Male,18,Arabic,Single,Middle,Lower class,1
2013,-4,EG: Behaira,Male,19,Arabic,Single,Middle,Working class,1
2013,-4,EG: Behaira,Male,20,Arabic,Single,Middle,Working class,1
2013,-4,EG: Behaira,Male,23,Arabic,Single,Middle,Lower class,1
2013,-4,EG: Behaira,Male,24,Arabic,Single,Higher,Working class,1
2013,-4,EG: Behaira,Male,25,Arabic,Single,Middle,Lower class,1
2013,-4,EG: Behaira,Male,26,Arabic,Single,Middle,Upper middle class,1
2013,-4,EG: Behaira,Male,27,Arabic,Single,Higher,Upper middle class,1
2013,-4,EG: Behaira,Male,28,Arabic,Single,Middle,Working class,1
2013,-4,EG: Behaira,Male,30,Arabic,Married,Middle,Lower class,1
2013,-4,EG: Behaira,Male,30,Arabic,Single,Middle,Lower middle class,1
2013,-4,EG: Behaira,Male,31,Arabic,Single,Middle,Lower middle class,1
2013,-4,EG: Behaira,Male,32,Arabic,Married,Lower,Working class,1
2013,-4,EG: Behaira,Male,32,Arabic,Married,Middle,Lower middle class,1
2013,-4,EG: Behaira,Male,32,Arabic,Married,Middle,Upper middle class,1
2013,-4,EG: Behaira,Male,36,Arabic,Married,Middle,Lower middle class,1
2013,-4,EG: Behaira,Male,36,Arabic,Married,Middle,Working class,1
2013,-4,EG: Behaira,Male,38,Arabic,Single,Lower,Working class,1
2013,-4,EG: Behaira,Male,39,Arabic,Married,Higher,Lower middle class,1
2013,-4,EG: Behaira,Male,39,Arabic,Married,Lower,Lower middle class,1
2013,-4,EG: Behaira,Male,40,Arabic,Married,Lower,Lower class,1
2013,-4,EG: Behaira,Male,41,Arabic,Married,Lower,Working class,1
2013,-4,EG: Behaira,Male,42,Arabic,Married,Middle,Lower class,1
2013,-4,EG: Behaira,Male,45,Arabic,Married,Lower,Lower middle class,1
2013,-4,EG: Behaira,Male,45,Arabic,Married,Middle,Lower middle class,1
2013,-4,EG: Behaira,Male,47,Arabic,Married,Middle,Upper middle class,1
2013,-4,EG: Behaira,Male,50,Arabic,Married,Lower,Lower class,5
2013,-4,EG: Behaira,Male,50,Arabic,Married,Lower,Working class,1
2013,-4,EG: Behaira,Male,50,Arabic,Married,Middle,Lower class,1
2013,-4,EG: Behaira,Male,51,Arabic,Married,Higher,Lower middle class,1
2013,-4,EG: Behaira,Male,54,Arabic,Married,Lower,Working class,1
2013,-4,EG: Behaira,Male,55,Arabic,Married,Higher,Lower middle class,1
2013,-4,EG: Behaira,Male,55,Arabic,Married,Higher,Upper middle class,1
2013,-4,EG: Behaira,Male,55,Arabic,Married,Lower,Lower class,2
2013,-4,EG: Behaira,Male,55,Arabic,Married,Middle,Lower middle class,1
2013,-4,EG: Behaira,Male,60,Arabic,Married,Lower,Lower class,1
2013,-4,EG: Behaira,Male,60,Arabic,Married,Lower,Lower middle class,1
2013,-4,EG: Behaira,Male,64,Arabic,Married,Middle,Lower class,1
2013,-4,EG: Behaira,Male,65,Arabic,Married,Lower,Lower class,1
2013,-4,EG: Behaira,Male,77,Arabic,Married,Lower,Lower class,1
2013,-4,EG: Cairo,Female,18,Arabic,Single,Higher,Upper middle class,1
2013,-4,EG: Cairo,Female,18,Arabic,Single,Middle,Lower middle class,1
2013,-4,EG: Cairo,Female,18,Arabic,Single,Middle,Working class,1
2013,-4,EG: Cairo,Female,19,Arabic,Single,Lower,Lower middle class,1
2013,-4,EG: Cairo,Female,19,Arabic,Single,Middle,Lower class,1
2013,-4,EG: Cairo,Female,19,Arabic,Single,Middle,Upper middle class,1
2013,-4,EG: Cairo,Female,20,Arabic,Married,Lower,Lower class,1
2013,-4,EG: Cairo,Female,20,Arabic,Single,Higher,Lower middle class,1
2013,-4,EG: Cairo,Female,20,Arabic,Single,Middle,Lower middle class,1
2013,-4,EG: Cairo,Female,21,Arabic,Married,Lower,Lower middle class,1
2013,-4,EG: Cairo,Female,21,Arabic,Married,Lower,Working class,1
2013,-4,EG: Cairo,Female,21,Arabic,Married,Middle,Lower middle class,1
2013,-4,EG: Cairo,Female,21,Arabic,Single,Higher,Upper middle class,1
2013,-4,EG: Cairo,Female,21,Arabic,Widowed,Middle,Lower class,1
2013,-4,EG: Cairo,Female,22,Arabic,Married,Lower,Lower class,1
2013,-4,EG: Cairo,Female,22,Arabic,Married,Middle,Lower middle class,1
2013,-4,EG: Cairo,Female,22,Arabic,Single,Higher,Lower middle class,1
2013,-4,EG: Cairo,Female,22,Arabic,Single,Middle,Lower middle class,1
2013,-4,EG: Cairo,Female,23,Arabic,Single,Higher,Lower middle class,1
2013,-4,EG: Cairo,Female,24,Arabic,Married,Higher,Lower middle class,1
2013,-4,EG: Cairo,Female,24,Arabic,Married,Lower,Lower middle class,1
2013,-4,EG: Cairo,Female,24,Arabic,Married,Lower,Working class,3
2013,-4,EG: Cairo,Female,24,Arabic,Married,Middle,Lower class,1
2013,-4,EG: Cairo,Female,24,Arabic,Single,Higher,Lower class,1
2013,-4,EG: Cairo,Female,24,Arabic,Single,Higher,Working class,1
2013,-4,EG: Cairo,Female,24,Arabic,Single,Middle,Working class,1
2013,-4,EG: Cairo,Female,25,Arabic,Married,Middle,Lower class,1
2013,-4,EG: Cairo,Female,25,Arabic,Married,Middle,Lower middle class,1
2013,-4,EG: Cairo,Female,25,Arabic,Married,Middle,Working class,1
2013,-4,EG: Cairo,Female,25,Arabic,Single,Higher,Upper middle class,1
2013,-4,EG: Cairo,Female,26,Arabic,Married,Middle,Lower middle class,1
2013,-4,EG: Cairo,Female,26,Arabic,Married,Middle,Working class,1
2013,-4,EG: Cairo,Female,26,Arabic,Single,Higher,Lower middle class,1
2013,-4,EG: Cairo,Female,27,Arabic,Married,Higher,Lower middle class,1
2013,-4,EG: Cairo,Female,27,Arabic,Married,Higher,Upper middle class,2
2013,-4,EG: Cairo,Female,27,Arabic,Married,Lower,Lower middle class,1
2013,-4,EG: Cairo,Female,27,Arabic,Married,Middle,Lower class,1
2013,-4,EG: Cairo,Female,27,Arabic,Married,Middle,Lower middle class,2
2013,-4,EG: Cairo,Female,27,Arabic,Single,Middle,Lower class,1
2013,-4,EG: Cairo,Female,27,Arabic,Widowed,Lower,Lower class,1
2013,-4,EG: Cairo,Female,28,Arabic,Married,Lower,Lower class,1
2013,-4,EG: Cairo,Female,28,Arabic,Married,Middle,Lower middle class,2
2013,-4,EG: Cairo,Female,28,Arabic,Single,Middle,Upper middle class,1
2013,-4,EG: Cairo,Female,29,Arabic,Married,Middle,Working class,2
2013,-4,EG: Cairo,Female,30,Arabic,Married,Higher,Lower middle class,1
2013,-4,EG: Cairo,Female,30,Arabic,Married,Higher,Upper middle class,1
2013,-4,EG: Cairo,Female,30,Arabic,Married,Lower,Lower class,1
2013,-4,EG: Cairo,Female,30,Arabic,Married,Middle,Lower class,4
2013,-4,EG: Cairo,Female,30,Arabic,Married,Middle,Lower middle class,1
2013,-4,EG: Cairo,Female,30,Arabic,Married,Middle,Working class,2
2013,-4,EG: Cairo,Female,30,Arabic,Widowed,Higher,Working class,1
2013,-4,EG: Cairo,Female,31,Arabic,Married,Higher,Working class,1
2013,-4,EG: Cairo,Female,31,Arabic,Married,Lower,Lower class,1
2013,-4,EG: Cairo,Female,32,Arabic,Married,Lower,Lower middle class,1
2013,-4,EG: Cairo,Female,32,Arabic,Married,Middle,Lower class,1
2013,-4,EG: Cairo,Female,32,Arabic,Married,Middle,Lower middle class,1
2013,-4,EG: Cairo,Female,32,Arabic,Married,Middle,Working class,1
2013,-4,EG: Cairo,Female,33,Arabic,Married,Lower,Lower class,1
2013,-4,EG: Cairo,Female,33,Arabic,Married,Lower,Working class,1
2013,-4,EG: Cairo,Female,34,Arabic,Divorced,Lower,Lower class,1
2013,-4,EG: Cairo,Female,34,Arabic,Married,Higher,Lower middle class,1
2013,-4,EG: Cairo,Female,34,Arabic,Married,Higher,Upper middle class,1
2013,-4,EG: Cairo,Female,34,Arabic,Married,Lower,Working class,1
2013,-4,EG: Cairo,Female,34,Arabic,Single,Higher,Lower middle class,1
2013,-4,EG: Cairo,Female,35,Arabic,Married,Higher,Lower middle class,1
2013,-4,EG: Cairo,Female,35,Arabic,Married,Higher,Upper middle class,1
2013,-4,EG: Cairo,Female,35,Arabic,Married,Lower,Lower class,1
2013,-4,EG: Cairo,Female,35,Arabic,Married,Lower,Working class,1
2013,-4,EG: Cairo,Female,35,Arabic,Married,Middle,Lower middle class,1
2013,-4,EG: Cairo,Female,35,Arabic,Married,Middle,Working class,1
2013,-4,EG: Cairo,Female,36,Arabic,Married,Higher,Lower middle class,1
2013,-4,EG: Cairo,Female,36,Arabic,Married,Lower,Lower middle class,2
2013,-4,EG: Cairo,Female,36,Arabic,Married,Lower,Working class,2
2013,-4,EG: Cairo,Female,36,Arabic,Married,Middle,Lower class,2
2013,-4,EG: Cairo,Female,36,Arabic,Married,Middle,Lower middle class,1
2013,-4,EG: Cairo,Female,36,Arabic,Married,Middle,Working class,1
2013,-4,EG: Cairo,Female,36,Arabic,Separated,Higher,Lower middle class,1
2013,-4,EG: Cairo,Female,37,Arabic,Divorced,Lower,Lower middle class,1
2013,-4,EG: Cairo,Female,37,Arabic,Married,Higher,Lower middle class,2
2013,-4,EG: Cairo,Female,38,Arabic,Married,Middle,Lower class,1
2013,-4,EG: Cairo,Female,38,Arabic,Married,Middle,Lower middle class,2
2013,-4,EG: Cairo,Female,39,Arabic,Married,Middle,Lower middle class,1
2013,-4,EG: Cairo,Female,39,Arabic,Widowed,Higher,Lower middle class,1
2013,-4,EG: Cairo,Female,39,Arabic,Widowed,Lower,Lower class,1
2013,-4,EG: Cairo,Female,40,Arabic,Married,Lower,Lower middle class,1
2013,-4,EG: Cairo,Female,40,Arabic,Married,Lower,Upper middle class,1
2013,-4,EG: Cairo,Female,40,Arabic,Married,Middle,Lower class,2
2013,-4,EG: Cairo,Female,40,Arabic,Married,Middle,Lower middle class,1
2013,-4,EG: Cairo,Female,40,Arabic,Married,Middle,Working class,1
2013,-4,EG: Cairo,Female,41,Arabic,Married,Lower,Lower middle class,1
2013,-4,EG: Cairo,Female,42,Arabic,Married,Lower,Lower middle class,1
2013,-4,EG: Cairo,Female,42,Arabic,Married,Lower,Working class,1
2013,-4,EG: Cairo,Female,42,Arabic,Married,Middle,Upper middle class,1
2013,-4,EG: Cairo,Female,42,Arabic,Married,Middle,Working class,1
2013,-4,EG: Cairo,Female,43,Arabic,Married,Higher,Upper middle class,1
2013,-4,EG: Cairo,Female,43,Arabic,Married,Middle,Lower middle class,1
2013,-4,EG: Cairo,Female,43,Arabic,Single,Lower,Lower class,1
2013,-4,EG: Cairo,Female,44,Arabic,Married,Lower,Upper middle class,1
2013,-4,EG: Cairo,Female,45,Arabic,Divorced,Lower,Lower middle class,1
2013,-4,EG: Cairo,Female,45,Arabic,Divorced,Middle,Lower middle class,1
2013,-4,EG: Cairo,Female,45,Arabic,Married,Lower,Lower middle class,2
2013,-4,EG: Cairo,Female,45,Arabic,Married,Lower,Working class,1
2013,-4,EG: Cairo,Female,45,Arabic,Married,Middle,Upper middle class,1
2013,-4,EG: Cairo,Female,45,Arabic,Widowed,Lower,Lower class,1
2013,-4,EG: Cairo,Female,46,Arabic,Married,Middle,Lower class,1
2013,-4,EG: Cairo,Female,46,Arabic,Married,Middle,Lower middle class,1
2013,-4,EG: Cairo,Female,48,Arabic,Married,Higher,Upper middle class,1
2013,-4,EG: Cairo,Female,48,Arabic,Married,Higher,Working class,1
2013,-4,EG: Cairo,Female,49,Arabic,Married,Lower,Lower class,1
2013,-4,EG: Cairo,Female,49,Arabic,Married,Middle,Lower middle class,1
2013,-4,EG: Cairo,Female,50,Arabic,Married,Lower,Lower class,1
2013,-4,EG: Cairo,Female,50,Arabic,Married,Lower,Working class,1
2013,-4,EG: Cairo,Female,50,Arabic,Married,Middle,Lower middle class,1
2013,-4,EG: Cairo,Female,50,Arabic,Married,Middle,Working class,1
2013,-4,EG: Cairo,Female,50,Arabic,Widowed,Higher,Upper middle class,1
2013,-4,EG: Cairo,Female,50,Arabic,Widowed,Lower,Lower middle class,1
2013,-4,EG: Cairo,Female,52,Arabic,Married,Lower,Lower class,2
2013,-4,EG: Cairo,Female,52,Arabic,Married,Middle,Working class,1
2013,-4,EG: Cairo,Female,52,Arabic,Single,Lower,Working class,1
2013,-4,EG: Cairo,Female,53,Arabic,Married,Higher,Upper middle class,1
2013,-4,EG: Cairo,Female,53,Arabic,Married,Lower,Lower middle class,2
2013,-4,EG: Cairo,Female,53,Arabic,Married,Lower,Working class,1
2013,-4,EG: Cairo,Female,53,Arabic,Married,Middle,Lower middle class,1
2013,-4,EG: Cairo,Female,53,Arabic,Separated,Lower,Lower class,1
2013,-4,EG: Cairo,Female,54,Arabic,Married,Lower,Lower class,2
2013,-4,EG: Cairo,Female,54,Arabic,Married,Lower,Working class,1
2013,-4,EG: Cairo,Female,55,Arabic,Divorced,Lower,Lower middle class,1
2013,-4,EG: Cairo,Female,55,Arabic,Married,Lower,Lower middle class,2
2013,-4,EG: Cairo,Female,55,Arabic,Widowed,Lower,Lower class,1
2013,-4,EG: Cairo,Female,55,Arabic,Widowed,Lower,Working class,1
2013,-4,EG: Cairo,Female,56,Arabic,Married,Higher,Upper middle class,2
2013,-4,EG: Cairo,Female,58,Arabic,Married,Higher,Upper middle class,1
2013,-4,EG: Cairo,Female,59,Arabic,Widowed,Lower,Lower class,1
2013,-4,EG: Cairo,Female,60,Arabic,Married,Higher,Upper middle class,1
2013,-4,EG: Cairo,Female,60,Arabic,Married,Lower,Lower class,3
2013,-4,EG: Cairo,Female,60,Arabic,Married,Lower,Lower middle class,3
2013,-4,EG: Cairo,Female,60,Arabic,Married,Lower,Working class,1
2013,-4,EG: Cairo,Female,60,Arabic,Married,Middle,Upper middle class,1
2013,-4,EG: Cairo,Female,60,Arabic,Widowed,Lower,Lower class,1
2013,-4,EG: Cairo,Female,60,Arabic,Widowed,Lower,Upper middle class,1
2013,-4,EG: Cairo,Female,60,Arabic,Widowed,Lower,Working class,1
2013,-4,EG: Cairo,Female,60,Arabic,Widowed,Middle,Working class,1
2013,-4,EG: Cairo,Female,61,Arabic,Widowed,Lower,Working class,1
2013,-4,EG: Cairo,Female,62,Arabic,Widowed,Higher,Upper middle class,1
2013,-4,EG: Cairo,Female,62,Arabic,Widowed,Lower,Lower class,1
2013,-4,EG: Cairo,Female,63,Arabic,Widowed,Lower,Lower middle class,1
2013,-4,EG: Cairo,Female,65,Arabic,Married,Lower,Lower class,1
2013,-4,EG: Cairo,Female,65,Arabic,Widowed,Lower,Lower class,3
2013,-4,EG: Cairo,Female,65,Arabic,Widowed,Middle,Upper middle class,1
2013,-4,EG: Cairo,Female,66,Arabic,Widowed,Lower,Lower class,1
2013,-4,EG: Cairo,Female,67,Arabic,Married,Higher,Upper middle class,1
2013,-4,EG: Cairo,Female,67,Arabic,Widowed,Lower,Lower class,1
2013,-4,EG: Cairo,Female,69,Arabic,Widowed,Lower,Lower class,1
2013,-4,EG: Cairo,Female,70,Arabic,Widowed,Lower,Lower class,2
2013,-4,EG: Cairo,Female,74,Arabic,Widowed,Lower,Working class,1
2013,-4,EG: Cairo,Female,75,Arabic,Married,Lower,Lower class,1
2013,-4,EG: Cairo,Female,75,Arabic,Widowed,Lower,Lower middle class,1
2013,-4,EG: Cairo,Female,75,Arabic,Widowed,Lower,Working class,1
2013,-4,EG: Cairo,Female,77,Arabic,Widowed,Lower,Lower middle class,1
2013,-4,EG: Cairo,Female,80,Arabic,Widowed,Higher,Upper middle class,1
2013,-4,EG: Cairo,Male,18,Arabic,Single,Higher,Lower middle class,1
2013,-4,EG: Cairo,Male,18,Arabic,Single,Lower,Lower class,1
2013,-4,EG: Cairo,Male,18,Arabic,Single,Lower,Working class,1
2013,-4,EG: Cairo,Male,18,Arabic,Single,Middle,Upper class,1
2013,-4,EG: Cairo,Male,18,Arabic,Single,Middle,Upper middle class,1
2013,-4,EG: Cairo,Male,19,Arabic,Single,Lower,Lower class,1
2013,-4,EG: Cairo,Male,20,Arabic,Single,Higher,Lower middle class,2
2013,-4,EG: Cairo,Male,20,Arabic,Single,Higher,Upper middle class,1
2013,-4,EG: Cairo,Male,20,Arabic,Single,Higher,Working class,2
2013,-4,EG: Cairo,Male,20,Arabic,Single,Middle,Working class,1
2013,-4,EG: Cairo,Male,21,Arabic,Single,Middle,Lower class,1
2013,-4,EG: Cairo,Male,21,Arabic,Single,Middle,Lower middle class,1
2013,-4,EG: Cairo,Male,23,Arabic,Single,Middle,Working class,1
2013,-4,EG: Cairo,Male,24,Arabic,Single,Higher,Upper middle class,1
2013,-4,EG: Cairo,Male,24,Arabic,Single,Middle,Upper middle class,1
2013,-4,EG: Cairo,Male,24,Arabic,Single,Middle,Working class,1
2013,-4,EG: Cairo,Male,25,Arabic,Married,Higher,Working class,1
2013,-4,EG: Cairo,Male,25,Arabic,Married,Middle,Working class,1
2013,-4,EG: Cairo,Male,25,Arabic,Single,Higher,Lower middle class,2
2013,-4,EG: Cairo,Male,25,Arabic,Single,Middle,Lower middle class,1
2013,-4,EG: Cairo,Male,26,Arabic,Married,Middle,Working class,1
2013,-4,EG: Cairo,Male,26,Arabic,Single,Lower,Lower middle class,1
2013,-4,EG: Cairo,Male,27,Arabic,Married,Higher,Lower middle class,1
2013,-4,EG: Cairo,Male,27,Arabic,Single,Middle,Working class,1
2013,-4,EG: Cairo,Male,28,Arabic,Married,Lower,Lower middle class,1
2013,-4,EG: Cairo,Male,29,Arabic,Single,Higher,Lower class,1
2013,-4,EG: Cairo,Male,30,Arabic,Married,Higher,Lower middle class,2
2013,-4,EG: Cairo,Male,30,Arabic,Married,Middle,Working class,2
2013,-4,EG: Cairo,Male,30,Arabic,Single,Higher,Lower middle class,1
2013,-4,EG: Cairo,Male,32,Arabic,Married,Higher,Upper middle class,1
2013,-4,EG: Cairo,Male,32,Arabic,Married,Higher,Working class,1
2013,-4,EG: Cairo,Male,32,Arabic,Married,Middle,Lower middle class,1
2013,-4,EG: Cairo,Male,33,Arabic,Single,Middle,Lower class,1
2013,-4,EG: Cairo,Male,34,Arabic,Married,Higher,Lower middle class,1
2013,-4,EG: Cairo,Male,35,Arabic,Married,Higher,Lower middle class,1
2013,-4,EG: Cairo,Male,35,Arabic,Married,Higher,Upper middle class,1
2013,-4,EG: Cairo,Male,35,Arabic,Married,Lower,Lower middle class,1
2013,-4,EG: Cairo,Male,35,Arabic,Single,Higher,Upper middle class,1
2013,-4,EG: Cairo,Male,35,Arabic,Single,Middle,Lower class,1
2013,-4,EG: Cairo,Male,36,Arabic,Married,Higher,Lower middle class,1
2013,-4,EG: Cairo,Male,36,Arabic,Single,Middle,Lower middle class,1
2013,-4,EG: Cairo,Male,36,Arabic,Single,Middle,Working class,1
2013,-4,EG: Cairo,Male,37,Arabic,Married,Higher,Upper middle class,1
2013,-4,EG: Cairo,Male,37,Arabic,Married,Higher,Working class,1
2013,-4,EG: Cairo,Male,37,Arabic,Married,Lower,Lower class,1
2013,-4,EG: Cairo,Male,37,Arabic,Married,Lower,Lower middle class,1
2013,-4,EG: Cairo,Male,38,Arabic,Single,Middle,Upper middle class,1
2013,-4,EG: Cairo,Male,39,Arabic,Married,Higher,Upper middle class,1
2013,-4,EG: Cairo,Male,40,Arabic,Married,Higher,Lower middle class,1
2013,-4,EG: Cairo,Male,41,Arabic,Married,Middle,Lower middle class,1
2013,-4,EG: Cairo,Male,42,Arabic,Divorced,Middle,Working class,1
2013,-4,EG: Cairo,Male,42,Arabic,Married,Middle,Lower class,1
2013,-4,EG: Cairo,Male,42,Arabic,Single,Lower,Lower class,1
2013,-4,EG: Cairo,Male,43,Arabic,Married,Lower,Lower class,1
2013,-4,EG: Cairo,Male,43,Arabic,Married,Middle,Lower middle class,2
2013,-4,EG: Cairo,Male,43,Arabic,Married,Middle,Working class,1
2013,-4,EG: Cairo,Male,43,Arabic,Widowed,Lower,Working class,1
2013,-4,EG: Cairo,Male,44,Arabic,Married,Lower,Lower class,1
2013,-4,EG: Cairo,Male,44,Arabic,Married,Middle,Lower class,1
2013,-4,EG: Cairo,Male,45,Arabic,Married,Higher,Upper middle class,1
2013,-4,EG: Cairo,Male,45,Arabic,Married,Lower,Lower middle class,1
2013,-4,EG: Cairo,Male,45,Arabic,Married,Lower,Working class,1
2013,-4,EG: Cairo,Male,45,Arabic,Married,Middle,Lower class,1
2013,-4,EG: Cairo,Male,45,Arabic,Married,Middle,Lower middle class,2
2013,-4,EG: Cairo,Male,45,Arabic,Single,Middle,Upper middle class,1
2013,-4,EG: Cairo,Male,46,Arabic,Married,Lower,Lower middle class,1
2013,-4,EG: Cairo,Male,46,Arabic,Married,Middle,Lower class,1
2013,-4,EG: Cairo,Male,47,Arabic,Married,Lower,Working class,1
2013,-4,EG: Cairo,Male,48,Arabic,Married,Lower,Lower class,1
2013,-4,EG: Cairo,Male,49,Arabic,Married,Higher,Upper middle class,1
2013,-4,EG: Cairo,Male,49,Arabic,Married,Middle,Lower class,1
2013,-4,EG: Cairo,Male,49,Arabic,Separated,Middle,Lower middle class,1
2013,-4,EG: Cairo,Male,50,Arabic,Married,Higher,Upper middle class,1
2013,-4,EG: Cairo,Male,50,Arabic,Married,Middle,Lower middle class,1
2013,-4,EG: Cairo,Male,51,Arabic,Married,Lower,Lower class,1
2013,-4,EG: Cairo,Male,52,Arabic,Married,Lower,Working class,1
2013,-4,EG: Cairo,Male,53,Arabic,Married,Middle,Lower middle class,1
2013,-4,EG: Cairo,Male,54,Arabic,Married,Higher,Upper middle class,1
2013,-4,EG: Cairo,Male,54,Arabic,Married,Lower,Working class,1
2013,-4,EG: Cairo,Male,55,Arabic,Married,Higher,Working class,1
2013,-4,EG: Cairo,Male,55,Arabic,Married,Middle,Working class,1
2013,-4,EG: Cairo,Male,56,Arabic,Married,Lower,Working class,1
2013,-4,EG: Cairo,Male,57,Arabic,Married,Lower,Upper middle class,1
2013,-4,EG: Cairo,Male,58,Arabic,Married,Lower,Working class,1
2013,-4,EG: Cairo,Male,58,Arabic,Widowed,Lower,Working class,1
2013,-4,EG: Cairo,Male,60,Arabic,Married,Higher,Upper middle class,1
2013,-4,EG: Cairo,Male,60,Arabic,Widowed,Middle,Upper middle class,1
2013,-4,EG: Cairo,Male,61,Arabic,Married,Higher,Upper middle class,2
2013,-4,EG: Cairo,Male,62,Arabic,Married,Middle,Lower middle class,1
2013,-4,EG: Cairo,Male,62,Arabic,Married,Middle,Working class,1
2013,-4,EG: Cairo,Male,62,Arabic,Widowed,Lower,Lower class,1
2013,-4,EG: Cairo,Male,63,Arabic,Married,Lower,Lower middle class,1
2013,-4,EG: Cairo,Male,63,Arabic,Widowed,Lower,Lower middle class,1
2013,-4,EG: Cairo,Male,66,Arabic,Married,Higher,Upper middle class,1
2013,-4,EG: Cairo,Male,66,Arabic,Widowed,Middle,Working class,1
2013,-4,EG: Cairo,Male,70,Arabic,Widowed,Lower,Lower class,1
2013,-4,EG: Cairo,Male,71,Arabic,Married,Lower,Upper middle class,1
2013,-4,EG: Cairo,Male,73,Arabic,Widowed,Middle,Upper middle class,1
2013,-4,EG: Cairo,Male,76,Arabic,Separated,Lower,Lower class,1
2013,-4,EG: Cairo,Male,78,Arabic,Married,Lower,Lower class,1
2013,-4,EG: Cairo,Male,79,Arabic,Married,Lower,Working class,1
2013,-4,EG: Cairo,Male,79,Arabic,Married,Middle,Working class,1
2013,-4,EG: Cairo,Male,98,Arabic,Married,Higher,Upper middle class,1
2013,-4,EG: Dakahlia,Female,18,Arabic,Married,Middle,Lower class,1
2013,-4,EG: Dakahlia,Female,18,Arabic,Single,Middle,Lower class,1
2013,-4,EG: Dakahlia,Female,20,Arabic,Married,Middle,Upper middle class,1
2013,-4,EG: Dakahlia,Female,20,Arabic,Married,Middle,Working class,2
2013,-4,EG: Dakahlia,Female,20,Arabic,Single,Higher,Working class,1
2013,-4,EG: Dakahlia,Female,20,Arabic,Single,Middle,Lower middle class,1
2013,-4,EG: Dakahlia,Female,21,Arabic,Married,Middle,Working class,2
2013,-4,EG: Dakahlia,Female,21,Arabic,Single,Middle,Working class,1
2013,-4,EG: Dakahlia,Female,22,Arabic,Single,Higher,Lower middle class,1
2013,-4,EG: Dakahlia,Female,23,Arabic,Married,Middle,Lower middle class,1
2013,-4,EG: Dakahlia,Female,23,Arabic,Married,Middle,Upper middle class,1
2013,-4,EG: Dakahlia,Female,24,Arabic,Married,Middle,Lower middle class,2
2013,-4,EG: Dakahlia,Female,25,Arabic,Married,Lower,Working class,1
2013,-4,EG: Dakahlia,Female,25,Arabic,Married,Middle,Lower class,2
2013,-4,EG: Dakahlia,Female,26,Arabic,Married,Middle,Upper middle class,1
2013,-4,EG: Dakahlia,Female,27,Arabic,Married,Higher,Lower class,1
2013,-4,EG: Dakahlia,Female,27,Arabic,Married,Higher,Working class,1
2013,-4,EG: Dakahlia,Female,27,Arabic,Married,Middle,Upper middle class,1
2013,-4,EG: Dakahlia,Female,27,Arabic,Married,Middle,Working class,1
2013,-4,EG: Dakahlia,Female,28,Arabic,Married,Middle,Upper middle class,1
2013,-4,EG: Dakahlia,Female,29,Arabic,Married,Middle,Lower class,1
2013,-4,EG: Dakahlia,Female,30,Arabic,Married,Lower,Working class,2
2013,-4,EG: Dakahlia,Female,30,Arabic,Married,Middle,Lower middle class,1
2013,-4,EG: Dakahlia,Female,31,Arabic,Married,Higher,Lower middle class,1
2013,-4,EG: Dakahlia,Female,31,Arabic,Married,Middle,Lower class,1
2013,-4,EG: Dakahlia,Female,32,Arabic,Married,Higher,Lower middle class,1
2013,-4,EG: Dakahlia,Female,32,Arabic,Married,Higher,Working class,1
2013,-4,EG: Dakahlia,Female,32,Arabic,Married,Middle,Upper class,1
2013,-4,EG: Dakahlia,Female,33,Arabic,Married,Middle,Lower class,1
2013,-4,EG: Dakahlia,Female,34,Arabic,Married,Higher,Working class,1
2013,-4,EG: Dakahlia,Female,34,Arabic,Married,Middle,Lower middle class,1
2013,-4,EG: Dakahlia,Female,35,Arabic,Married,Lower,Lower class,1
2013,-4,EG: Dakahlia,Female,35,Arabic,Married,Lower,Lower middle class,1
2013,-4,EG: Dakahlia,Female,35,Arabic,Married,Middle,Working class,1
2013,-4,EG: Dakahlia,Female,35,Arabic,Single,Lower,Upper middle class,1
2013,-4,EG: Dakahlia,Female,36,Arabic,Married,Higher,Lower middle class,1
2013,-4,EG: Dakahlia,Female,36,Arabic,Married,Lower,Lower class,1
2013,-4,EG: Dakahlia,Female,38,Arabic,Married,Middle,Lower middle class,2
2013,-4,EG: Dakahlia,Female,38,Arabic,Married,Middle,Working class,2
2013,-4,EG: Dakahlia,Female,40,Arabic,Married,Lower,Upper middle class,1
2013,-4,EG: Dakahlia,Female,40,Arabic,Married,Lower,Working class,1
2013,-4,EG: Dakahlia,Female,40,Arabic,Married,Middle,Working class,1
2013,-4,EG: Dakahlia,Female,40,Arabic,Widowed,Lower,Working class,1
2013,-4,EG: Dakahlia,Female,40,Arabic,Widowed,Middle,Lower middle class,1
2013,-4,EG: Dakahlia,Female,41,Arabic,Married,Middle,Lower middle class,2
2013,-4,EG: Dakahlia,Female,42,Arabic,Married,Lower,Lower middle class,1
2013,-4,EG: Dakahlia,Female,42,Arabic,Married,Middle,Upper middle class,1
2013,-4,EG: Dakahlia,Female,45,Arabic,Married,Lower,Lower class,1
2013,-4,EG: Dakahlia,Female,45,Arabic,Married,Lower,Lower middle class,1
2013,-4,EG: Dakahlia,Female,45,Arabic,Married,Lower,Upper class,1
2013,-4,EG: Dakahlia,Female,45,Arabic,Married,Lower,Upper middle class,1
2013,-4,EG: Dakahlia,Female,45,Arabic,Widowed,Lower,Lower middle class,1
2013,-4,EG: Dakahlia,Female,45,Arabic,Widowed,Lower,Working class,1
2013,-4,EG: Dakahlia,Female,47,Arabic,Married,Lower,Lower class,1
2013,-4,EG: Dakahlia,Female,48,Arabic,Married,Lower,Lower class,2
2013,-4,EG: Dakahlia,Female,48,Arabic,Married,Middle,Working class,1
2013,-4,EG: Dakahlia,Female,49,Arabic,Married,Middle,Lower middle class,1
2013,-4,EG: Dakahlia,Female,50,Arabic,Married,Higher,Working class,1
2013,-4,EG: Dakahlia,Female,50,Arabic,Married,Lower,Lower middle class,3
2013,-4,EG: Dakahlia,Female,50,Arabic,Married,Lower,Working class,1
2013,-4,EG: Dakahlia,Female,50,Arabic,Widowed,Lower,Working class,3
2013,-4,EG: Dakahlia,Female,53,Arabic,Married,Lower,Lower middle class,1
2013,-4,EG: Dakahlia,Female,55,Arabic,Married,Middle,Upper class,1
2013,-4,EG: Dakahlia,Female,55,Arabic,Widowed,Lower,Lower class,1
2013,-4,EG: Dakahlia,Female,55,Arabic,Widowed,Lower,Lower middle class,1
2013,-4,EG: Dakahlia,Female,55,Arabic,Widowed,Lower,Working class,1
2013,-4,EG: Dakahlia,Female,56,Arabic,Widowed,Lower,Lower class,1
2013,-4,EG: Dakahlia,Female,57,Arabic,Widowed,Lower,Lower middle class,1
2013,-4,EG: Dakahlia,Female,60,Arabic,Married,Lower,Lower class,1
2013,-4,EG: Dakahlia,Female,60,Arabic,Married,Lower,Working class,1
2013,-4,EG: Dakahlia,Female,60,Arabic,Widowed,Lower,Lower middle class,1
2013,-4,EG: Dakahlia,Female,60,Arabic,Widowed,Lower,Working class,1
2013,-4,EG: Dakahlia,Female,65,Arabic,Widowed,Lower,Upper class,1
2013,-4,EG: Dakahlia,Female,80,Arabic,Married,Lower,Lower class,1
2013,-4,EG: Dakahlia,Female,91,Arabic,Married,Middle,Lower class,1
2013,-4,EG: Dakahlia,Male,20,Arabic,Married,Middle,Working class,1
2013,-4,EG: Dakahlia,Male,20,Arabic,Single,Middle,Working class,1
2013,-4,EG: Dakahlia,Male,29,Arabic,Single,Higher,Upper middle class,1
2013,-4,EG: Dakahlia,Male,31,Arabic,Married,Higher,Working class,1
2013,-4,EG: Dakahlia,Male,32,Arabic,Married,Middle,Working class,2
2013,-4,EG: Dakahlia,Male,33,Arabic,Married,Higher,Lower middle class,2
2013,-4,EG: Dakahlia,Male,33,Arabic,Single,Higher,Lower middle class,1
2013,-4,EG: Dakahlia,Male,35,Arabic,Married,Higher,Upper middle class,1
2013,-4,EG: Dakahlia,Male,35,Arabic,Single,Lower,Working class,1
2013,-4,EG: Dakahlia,Male,37,Arabic,Married,Higher,Lower middle class,1
2013,-4,EG: Dakahlia,Male,37,Arabic,Married,Middle,Working class,1
2013,-4,EG: Dakahlia,Male,38,Arabic,Married,Middle,Working class,1
2013,-4,EG: Dakahlia,Male,41,Arabic,Married,Higher,Lower middle class,1
2013,-4,EG: Dakahlia,Male,42,Arabic,Married,Lower,Lower class,1
2013,-4,EG: Dakahlia,Male,42,Arabic,Married,Lower,Working class,1
2013,-4,EG: Dakahlia,Male,42,Arabic,Married,Middle,Lower middle class,1
2013,-4,EG: Dakahlia,Male,42,Arabic,Married,Middle,Working class,1
2013,-4,EG: Dakahlia,Male,44,Arabic,Married,Middle,Upper middle class,1
2013,-4,EG: Dakahlia,Male,45,Arabic,Married,Middle,Lower class,1
2013,-4,EG: Dakahlia,Male,46,Arabic,Married,Higher,Lower middle class,1
2013,-4,EG: Dakahlia,Male,46,Arabic,Married,Middle,Working class,1
2013,-4,EG: Dakahlia,Male,47,Arabic,Married,Middle,Lower middle class,1
2013,-4,EG: Dakahlia,Male,48,Arabic,Married,Middle,Lower middle class,2
2013,-4,EG: Dakahlia,Male,50,Arabic,Married,Higher,Lower class,1
2013,-4,EG: Dakahlia,Male,50,Arabic,Married,Middle,Working class,1
2013,-4,EG: Dakahlia,Male,52,Arabic,Married,Higher,Lower middle class,1
2013,-4,EG: Dakahlia,Male,52,Arabic,Married,Middle,Working class,1
2013,-4,EG: Dakahlia,Male,53,Arabic,Married,Lower,Lower class,1
2013,-4,EG: Dakahlia,Male,55,Arabic,Married,Higher,Lower class,1
2013,-4,EG: Dakahlia,Male,56,Arabic,Married,Lower,Lower class,1
2013,-4,EG: Dakahlia,Male,58,Arabic,Married,Lower,Upper middle class,1
2013,-4,EG: Dakahlia,Male,60,Arabic,Married,Higher,Working class,1
2013,-4,EG: Dakahlia,Male,60,Arabic,Married,Lower,Lower middle class,1
2013,-4,EG: Dakahlia,Male,63,Arabic,Married,Higher,Working class,1
2013,-4,EG: Dakahlia,Male,63,Arabic,Married,Lower,Lower class,1
2013,-4,EG: Dakahlia,Male,63,Arabic,Married,Lower,Working class,1
2013,-4,EG: Dakahlia,Male,65,Arabic,Married,Higher,Upper middle class,1
2013,-4,EG: Dakahlia,Male,65,Arabic,Married,Lower,Working class,1
2013,-4,EG: Dakahlia,Male,69,Arabic,Married,Lower,Working class,1
2013,-4,EG: Dakahlia,Male,70,Arabic,Married,Higher,Working class,1
2013,-4,EG: Dakahlia,Male,73,Arabic,Married,Lower,Working class,1
2013,-4,EG: Dakahlia,Male,77,Arabic,Married,Lower,Working class,1
2013,-4,EG: Gharbia,Female,18,Arabic,Divorced,Middle,Lower middle class,1
2013,-4,EG: Gharbia,Female,18,Arabic,Single,Middle,Working class,1
2013,-4,EG: Gharbia,Female,19,Arabic,Single,Higher,Lower middle class,1
2013,-4,EG: Gharbia,Female,19,Arabic,Single,Middle,Lower middle class,1
2013,-4,EG: Gharbia,Female,21,Arabic,Married,Middle,Lower middle class,1
2013,-4,EG: Gharbia,Female,22,Arabic,Married,Lower,Lower class,1
2013,-4,EG: Gharbia,Female,22,Arabic,Married,Middle,Lower middle class,1
2013,-4,EG: Gharbia,Female,22,Arabic,Single,Higher,Working class,1
2013,-4,EG: Gharbia,Female,23,Arabic,Married,Higher,Lower class,1
2013,-4,EG: Gharbia,Female,23,Arabic,Married,Lower,Lower class,1
2013,-4,EG: Gharbia,Female,23,Arabic,Married,Lower,Working class,2
2013,-4,EG: Gharbia,Female,24,Arabic,Married,Higher,Working class,1
2013,-4,EG: Gharbia,Female,24,Arabic,Married,Lower,Working class,1
2013,-4,EG: Gharbia,Female,24,Arabic,Married,Middle,Working class,1
2013,-4,EG: Gharbia,Female,25,Arabic,Married,Lower,Lower class,1
2013,-4,EG: Gharbia,Female,25,Arabic,Married,Middle,Upper class,1
2013,-4,EG: Gharbia,Female,25,Arabic,Married,Middle,Working class,1
2013,-4,EG: Gharbia,Female,26,Arabic,Married,Middle,Lower middle class,1
2013,-4,EG: Gharbia,Female,27,Arabic,Married,Lower,Lower class,1
2013,-4,EG: Gharbia,Female,28,Arabic,Married,Higher,Lower middle class,1
2013,-4,EG: Gharbia,Female,28,Arabic,Married,Lower,Working class,1
2013,-4,EG: Gharbia,Female,28,Arabic,Married,Middle,Working class,1
2013,-4,EG: Gharbia,Female,28,Arabic,Single,Higher,Upper middle class,1
2013,-4,EG: Gharbia,Female,29,Arabic,Married,Higher,Lower middle class,1
2013,-4,EG: Gharbia,Female,29,Arabic,Married,Middle,Working class,1
2013,-4,EG: Gharbia,Female,30,Arabic,Married,Lower,Working class,2
2013,-4,EG: Gharbia,Female,30,Arabic,Married,Middle,Lower class,1
2013,-4,EG: Gharbia,Female,30,Arabic,Married,Middle,Working class,1
2013,-4,EG: Gharbia,Female,31,Arabic,Married,Lower,Lower middle class,1
2013,-4,EG: Gharbia,Female,31,Arabic,Married,Middle,Lower middle class,1
2013,-4,EG: Gharbia,Female,32,Arabic,Married,Middle,Working class,1
2013,-4,EG: Gharbia,Female,32,Arabic,Single,Higher,Working class,1
2013,-4,EG: Gharbia,Female,33,Arabic,Married,Higher,Upper middle class,1
2013,-4,EG: Gharbia,Female,33,Arabic,Married,Lower,Lower class,1
2013,-4,EG: Gharbia,Female,33,Arabic,Married,Middle,Lower middle class,1
2013,-4,EG: Gharbia,Female,35,Arabic,Married,Higher,Lower middle class,1
2013,-4,EG: Gharbia,Female,35,Arabic,Married,Lower,Lower middle class,1
2013,-4,EG: Gharbia,Female,35,Arabic,Married,Middle,Working class,2
2013,-4,EG: Gharbia,Female,36,Arabic,Married,Lower,Working class,1
2013,-4,EG: Gharbia,Female,36,Arabic,Married,Middle,Working class,1
2013,-4,EG: Gharbia,Female,37,Arabic,Married,Lower,Lower class,1
2013,-4,EG: Gharbia,Female,37,Arabic,Married,Middle,Working class,1
2013,-4,EG: Gharbia,Female,38,Arabic,Married,Lower,Lower class,1
2013,-4,EG: Gharbia,Female,38,Arabic,Married,Middle,Upper middle class,1
2013,-4,EG: Gharbia,Female,40,Arabic,Married,Lower,Lower class,1
2013,-4,EG: Gharbia,Female,40,Arabic,Married,Lower,Upper middle class,1
2013,-4,EG: Gharbia,Female,40,Arabic,Married,Lower,Working class,2
2013,-4,EG: Gharbia,Female,40,Arabic,Married,Middle,Lower middle class,1
2013,-4,EG: Gharbia,Female,40,Arabic,Married,Middle,Upper middle class,1
2013,-4,EG: Gharbia,Female,40,Arabic,Married,Middle,Working class,1
2013,-4,EG: Gharbia,Female,42,Arabic,Single,Middle,Working class,1
2013,-4,EG: Gharbia,Female,43,Arabic,Married,Lower,Working class,1
2013,-4,EG: Gharbia,Female,43,Arabic,Married,Middle,Lower middle class,1
2013,-4,EG: Gharbia,Female,43,Arabic,Married,Middle,Working class,1
2013,-4,EG: Gharbia,Female,44,Arabic,Married,Lower,Lower class,1
2013,-4,EG: Gharbia,Female,44,Arabic,Married,Lower,Lower middle class,1
2013,-4,EG: Gharbia,Female,45,Arabic,Married,Lower,Lower class,1
2013,-4,EG: Gharbia,Female,45,Arabic,Married,Lower,Working class,2
2013,-4,EG: Gharbia,Female,45,Arabic,Married,Middle,Lower middle class,1
2013,-4,EG: Gharbia,Female,45,Arabic,Married,Middle,Working class,1
2013,-4,EG: Gharbia,Female,46,Arabic,Married,Higher,Working class,1
2013,-4,EG: Gharbia,Female,48,Arabic,Married,Lower,Lower middle class,1
2013,-4,EG: Gharbia,Female,50,Arabic,Married,Lower,Lower class,2
2013,-4,EG: Gharbia,Female,50,Arabic,Widowed,Lower,Lower class,2
2013,-4,EG: Gharbia,Female,50,Arabic,Widowed,Lower,Working class,1
2013,-4,EG: Gharbia,Female,52,Arabic,Married,Lower,Lower class,1
2013,-4,EG: Gharbia,Female,52,Arabic,Married,Lower,Upper middle class,1
2013,-4,EG: Gharbia,Female,53,Arabic,Married,Lower,Lower middle class,1
2013,-4,EG: Gharbia,Female,54,Arabic,Married,Lower,Lower middle class,1
2013,-4,EG: Gharbia,Female,55,Arabic,Widowed,Lower,Lower class,1
2013,-4,EG: Gharbia,Female,56,Arabic,Married,Lower,Lower middle class,1
2013,-4,EG: Gharbia,Female,58,Arabic,Widowed,Lower,Working class,1
2013,-4,EG: Gharbia,Female,60,Arabic,Married,Middle,Working class,1
2013,-4,EG: Gharbia,Female,60,Arabic,Single,Lower,Lower class,1
2013,-4,EG: Gharbia,Female,60,Arabic,Widowed,Lower,Lower class,1
2013,-4,EG: Gharbia,Female,60,Arabic,Widowed,Lower,Lower middle class,1
2013,-4,EG: Gharbia,Female,60,Arabic,Widowed,Lower,Working class,2
2013,-4,EG: Gharbia,Female,61,Arabic,Widowed,Lower,Lower middle class,1
2013,-4,EG: Gharbia,Female,62,Arabic,Widowed,Lower,Lower middle class,1
2013,-4,EG: Gharbia,Female,63,Arabic,Widowed,Lower,Lower middle class,1
2013,-4,EG: Gharbia,Female,65,Arabic,Widowed,Lower,Working class,1
2013,-4,EG: Gharbia,Female,68,Arabic,Married,Lower,Lower middle class,1
2013,-4,EG: Gharbia,Female,68,Arabic,Widowed,Lower,Lower class,1
2013,-4,EG: Gharbia,Female,68,Arabic,Widowed,Lower,Working class,1
2013,-4,EG: Gharbia,Female,70,Arabic,Widowed,Lower,Working class,1
2013,-4,EG: Gharbia,Male,18,Arabic,Single,Middle,Lower middle class,2
2013,-4,EG: Gharbia,Male,19,Arabic,Single,Lower,Lower middle class,1
2013,-4,EG: Gharbia,Male,20,Arabic,Single,Middle,Lower middle class,1
2013,-4,EG: Gharbia,Male,23,Arabic,Married,Higher,Lower middle class,1
2013,-4,EG: Gharbia,Male,23,Arabic,Single,Middle,Lower class,1
2013,-4,EG: Gharbia,Male,25,Arabic,Single,Middle,Lower middle class,1
2013,-4,EG: Gharbia,Male,26,Arabic,Single,Higher,Working class,1
2013,-4,EG: Gharbia,Male,27,Arabic,Married,Higher,Upper middle class,1
2013,-4,EG: Gharbia,Male,28,Arabic,Married,Lower,Lower class,1
2013,-4,EG: Gharbia,Male,30,Arabic,Married,Middle,Lower middle class,1
2013,-4,EG: Gharbia,Male,31,Arabic,Married,Middle,Working class,1
2013,-4,EG: Gharbia,Male,33,Arabic,Married,Middle,Lower class,1
2013,-4,EG: Gharbia,Male,33,Arabic,Married,Middle,Working class,1
2013,-4,EG: Gharbia,Male,34,Arabic,Married,Middle,Lower class,1
2013,-4,EG: Gharbia,Male,34,Arabic,Married,Middle,Working class,1
2013,-4,EG: Gharbia,Male,38,Arabic,Married,Higher,Lower middle class,1
2013,-4,EG: Gharbia,Male,38,Arabic,Married,Middle,Working class,2
2013,-4,EG: Gharbia,Male,39,Arabic,Married,Middle,Lower class,1
2013,-4,EG: Gharbia,Male,42,Arabic,Married,Higher,Lower middle class,1
2013,-4,EG: Gharbia,Male,46,Arabic,Married,Lower,Working class,1
2013,-4,EG: Gharbia,Male,50,Arabic,Married,Higher,Upper middle class,1
2013,-4,EG: Gharbia,Male,50,Arabic,Married,Lower,Working class,1
2013,-4,EG: Gharbia,Male,50,Arabic,Married,Middle,Working class,1
2013,-4,EG: Gharbia,Male,51,Arabic,Married,Lower,Lower middle class,1
2013,-4,EG: Gharbia,Male,52,Arabic,Married,Lower,Lower class,1
2013,-4,EG: Gharbia,Male,53,Arabic,Married,Higher,Lower class,1
2013,-4,EG: Gharbia,Male,53,Arabic,Married,Lower,Lower middle class,1
2013,-4,EG: Gharbia,Male,54,Arabic,Married,Middle,Working class,1
2013,-4,EG: Gharbia,Male,55,Arabic,Married,Lower,Working class,1
2013,-4,EG: Gharbia,Male,55,Arabic,Married,Middle,Working class,1
2013,-4,EG: Gharbia,Male,58,Arabic,Married,Lower,Working class,1
2013,-4,EG: Gharbia,Male,58,Arabic,Married,Middle,Lower middle class,1
2013,-4,EG: Gharbia,Male,59,Arabic,Married,Lower,Lower class,1
2013,-4,EG: Gharbia,Male,63,Arabic,Married,Lower,Lower class,1
2013,-4,EG: Gharbia,Male,63,Arabic,Married,Lower,Working class,1
2013,-4,EG: Gharbia,Male,65,Arabic,Married,Lower,Working class,1
2013,-4,EG: Gharbia,Male,65,Arabic,Widowed,Lower,Working class,1
2013,-4,EG: Gharbia,Male,72,Arabic,Widowed,Lower,Working class,1
2013,-4,EG: Gharbia,Male,73,Arabic,Married,Middle,Lower middle class,1
2013,-4,EG: Gharbia,Male,85,Arabic,Widowed,Lower,Lower middle class,1
2013,-4,EG: Menya,Female,18,Arabic,Single,Middle,Lower class,1
2013,-4,EG: Menya,Female,19,Arabic,Married,Middle,Working class,1
2013,-4,EG: Menya,Female,19,Arabic,Single,Higher,Upper middle class,1
2013,-4,EG: Menya,Female,19,Arabic,Single,Lower,Lower middle class,1
2013,-4,EG: Menya,Female,19,Arabic,Widowed,Middle,Lower middle class,1
2013,-4,EG: Menya,Female,20,Arabic,Married,Lower,Lower class,2
2013,-4,EG: Menya,Female,20,Arabic,Single,Middle,Lower middle class,1
2013,-4,EG: Menya,Female,21,Arabic,Married,Lower,Lower class,1
2013,-4,EG: Menya,Female,22,Arabic,Married,Lower,Lower middle class,1
2013,-4,EG: Menya,Female,22,Arabic,Married,Middle,Lower middle class,1
2013,-4,EG: Menya,Female,22,Arabic,Single,Higher,Lower middle class,1
2013,-4,EG: Menya,Female,23,Arabic,Married,Middle,Lower class,2
2013,-4,EG: Menya,Female,23,Arabic,Married,Middle,Lower middle class,1
2013,-4,EG: Menya,Female,23,Arabic,Single,Middle,Lower middle class,1
2013,-4,EG: Menya,Female,24,Arabic,Married,Higher,Working class,1
2013,-4,EG: Menya,Female,24,Arabic,Married,Middle,Lower middle class,1
2013,-4,EG: Menya,Female,25,Arabic,Married,Lower,Lower class,1
2013,-4,EG: Menya,Female,25,Arabic,Married,Middle,Working class,1
2013,-4,EG: Menya,Female,27,Arabic,Married,Higher,Lower middle class,1
2013,-4,EG: Menya,Female,27,Arabic,Married,Lower,Lower class,1
2013,-4,EG: Menya,Female,27,Arabic,Married,Lower,Lower middle class,1
2013,-4,EG: Menya,Female,27,Arabic,Single,Higher,Upper middle class,1
2013,-4,EG: Menya,Female,27,Arabic,Single,Middle,Lower middle class,1
2013,-4,EG: Menya,Female,27,Arabic,Single,Middle,Upper middle class,1
2013,-4,EG: Menya,Female,28,Arabic,Married,Lower,Lower middle class,1
2013,-4,EG: Menya,Female,28,Arabic,Married,Middle,Lower middle class,1
2013,-4,EG: Menya,Female,28,Arabic,Married,Middle,Working class,2
2013,-4,EG: Menya,Female,29,Arabic,Married,Middle,Lower class,1
2013,-4,EG: Menya,Female,30,Arabic,Married,Lower,Lower class,1
2013,-4,EG: Menya,Female,30,Arabic,Married,Lower,Lower middle class,2
2013,-4,EG: Menya,Female,30,Arabic,Married,Lower,Working class,1
2013,-4,EG: Menya,Female,30,Arabic,Single,Higher,Lower class,1
2013,-4,EG: Menya,Female,31,Arabic,Married,Higher,Upper class,1
2013,-4,EG: Menya,Female,31,Arabic,Married,Higher,Upper middle class,1
2013,-4,EG: Menya,Female,32,Arabic,Married,Lower,Working class,1
2013,-4,EG: Menya,Female,32,Arabic,Married,Middle,Lower middle class,2
2013,-4,EG: Menya,Female,33,Arabic,Married,Middle,Upper class,1
2013,-4,EG: Menya,Female,33,Arabic,Widowed,Middle,Lower middle class,1
2013,-4,EG: Menya,Female,34,Arabic,Married,Higher,Lower middle class,1
2013,-4,EG: Menya,Female,35,Arabic,Married,Higher,Upper middle class,1
2013,-4,EG: Menya,Female,35,Arabic,Married,Lower,Lower class,2
2013,-4,EG: Menya,Female,35,Arabic,Married,Middle,Lower class,1
2013,-4,EG: Menya,Female,35,Arabic,Married,Middle,Lower middle class,1
2013,-4,EG: Menya,Female,36,Arabic,Married,Middle,Lower class,1
2013,-4,EG: Menya,Female,36,Arabic,Married,Middle,Lower middle class,2
2013,-4,EG: Menya,Female,37,Arabic,Married,Lower,Lower middle class,1
2013,-4,EG: Menya,Female,37,Arabic,Married,Middle,Lower middle class,1
2013,-4,EG: Menya,Female,38,Arabic,Married,Middle,Lower middle class,1
2013,-4,EG: Menya,Female,39,Arabic,Married,Higher,Working class,1
2013,-4,EG: Menya,Female,39,Arabic,Married,Lower,Lower class,1
2013,-4,EG: Menya,Female,39,Arabic,Married,Lower,Lower middle class,1
2013,-4,EG: Menya,Female,39,Arabic,Married,Lower,Upper middle class,1
2013,-4,EG: Menya,Female,40,Arabic,Married,Lower,Lower class,3
2013,-4,EG: Menya,Female,40,Arabic,Married,Lower,Lower middle class,1
2013,-4,EG: Menya,Female,41,Arabic,Married,Middle,Lower middle class,1
2013,-4,EG: Menya,Female,42,Arabic,Divorced,Middle,Lower middle class,1
2013,-4,EG: Menya,Female,42,Arabic,Married,Lower,Lower class,1
2013,-4,EG: Menya,Female,42,Arabic,Married,Lower,Lower middle class,2
2013,-4,EG: Menya,Female,42,Arabic,Single,Lower,Working class,1
2013,-4,EG: Menya,Female,43,Arabic,Married,Lower,Lower middle class,2
2013,-4,EG: Menya,Female,43,Arabic,Married,Middle,Lower middle class,1
2013,-4,EG: Menya,Female,45,Arabic,Married,Higher,Upper class,1
2013,-4,EG: Menya,Female,45,Arabic,Married,Lower,Lower class,2
2013,-4,EG: Menya,Female,45,Arabic,Married,Middle,Lower middle class,2
2013,-4,EG: Menya,Female,45,Arabic,Married,Middle,Upper class,1
2013,-4,EG: Menya,Female,46,Arabic,Married,Lower,Upper middle class,1
2013,-4,EG: Menya,Female,46,Arabic,Widowed,Lower,Lower middle class,1
2013,-4,EG: Menya,Female,47,Arabic,Married,Higher,Upper middle class,1
2013,-4,EG: Menya,Female,47,Arabic,Married,Lower,Lower middle class,1
2013,-4,EG: Menya,Female,49,Arabic,Married,Middle,Lower middle class,1
2013,-4,EG: Menya,Female,49,Arabic,Widowed,Lower,Lower middle class,1
2013,-4,EG: Menya,Female,52,Arabic,Widowed,Middle,Lower middle class,1
2013,-4,EG: Menya,Female,53,Arabic,Widowed,Lower,Lower middle class,1
2013,-4,EG: Menya,Female,54,Arabic,Married,Lower,Lower middle class,2
2013,-4,EG: Menya,Female,54,Arabic,Single,Lower,Lower middle class,1
2013,-4,EG: Menya,Female,55,Arabic,Married,Lower,Lower class,1
2013,-4,EG: Menya,Female,55,Arabic,Married,Lower,Lower middle class,1
2013,-4,EG: Menya,Female,55,Arabic,Married,Middle,Upper middle class,1
2013,-4,EG: Menya,Female,55,Arabic,Widowed,Lower,Lower class,1
2013,-4,EG: Menya,Female,55,Arabic,Widowed,Middle,Upper class,1
2013,-4,EG: Menya,Female,57,Arabic,Married,Higher,Lower middle class,1
2013,-4,EG: Menya,Female,58,Arabic,Married,Lower,Working class,1
2013,-4,EG: Menya,Female,58,Arabic,Married,Middle,Lower class,1
2013,-4,EG: Menya,Female,60,Arabic,Married,Lower,Working class,1
2013,-4,EG: Menya,Female,60,Arabic,Married,Middle,Upper middle class,1
2013,-4,EG: Menya,Female,60,Arabic,Married,Middle,Working class,1
2013,-4,EG: Menya,Female,60,Arabic,Separated,Lower,Lower class,1
2013,-4,EG: Menya,Female,60,Arabic,Widowed,Lower,Lower middle class,1
2013,-4,EG: Menya,Female,61,Arabic,Married,Lower,Lower middle class,1
2013,-4,EG: Menya,Female,63,Arabic,Married,Lower,Upper class,1
2013,-4,EG: Menya,Female,63,Arabic,Widowed,Higher,Lower middle class,1
2013,-4,EG: Menya,Female,63,Arabic,Widowed,Lower,Lower middle class,1
2013,-4,EG: Menya,Female,64,Arabic,Widowed,Lower,Lower class,1
2013,-4,EG: Menya,Female,65,Arabic,Widowed,Lower,Lower class,1
2013,-4,EG: Menya,Female,65,Arabic,Widowed,Lower,Working class,1
2013,-4,EG: Menya,Female,68,Arabic,Widowed,Lower,Lower middle class,1
2013,-4,EG: Menya,Female,68,Arabic,Widowed,Lower,Upper middle class,1
2013,-4,EG: Menya,Female,70,Arabic,Widowed,Lower,Lower class,3
2013,-4,EG: Menya,Female,73,Arabic,Widowed,Lower,Lower middle class,1
2013,-4,EG: Menya,Female,78,Arabic,Married,Lower,Lower class,1
2013,-4,EG: Menya,Female,85,Arabic,Widowed,Lower,Lower class,1
2013,-4,EG: Menya,Male,18,Arabic,Single,Higher,Upper class,1
2013,-4,EG: Menya,Male,18,Arabic,Single,Middle,Lower middle class,2
2013,-4,EG: Menya,Male,19,Arabic,Single,Lower,Lower class,1
2013,-4,EG: Menya,Male,20,Arabic,Single,Higher,Working class,1
2013,-4,EG: Menya,Male,21,Arabic,Married,Lower,Working class,1
2013,-4,EG: Menya,Male,23,Arabic,Single,Middle,Working class,2
2013,-4,EG: Menya,Male,24,Arabic,Married,Lower,Lower class,1
2013,-4,EG: Menya,Male,25,Arabic,Single,Higher,Upper class,1
2013,-4,EG: Menya,Male,25,Arabic,Single,Lower,Lower middle class,1
2013,-4,EG: Menya,Male,27,Arabic,Married,Middle,Lower middle class,1
2013,-4,EG: Menya,Male,30,Arabic,Married,Lower,Lower class,1
2013,-4,EG: Menya,Male,30,Arabic,Married,Middle,Lower middle class,1
2013,-4,EG: Menya,Male,31,Arabic,Married,Higher,Upper middle class,2
2013,-4,EG: Menya,Male,31,Arabic,Married,Higher,Working class,1
2013,-4,EG: Menya,Male,38,Arabic,Married,Higher,Lower middle class,1
2013,-4,EG: Menya,Male,45,Arabic,Married,Lower,Lower middle class,1
2013,-4,EG: Menya,Male,47,Arabic,Married,Higher,Lower middle class,1
2013,-4,EG: Menya,Male,47,Arabic,Married,Lower,Lower middle class,1
2013,-4,EG: Menya,Male,47,Arabic,Married,Middle,Working class,1
2013,-4,EG: Menya,Male,52,Arabic,Married,Higher,Lower middle class,1
2013,-4,EG: Menya,Male,52,Arabic,Married,Lower,Working class,1
2013,-4,EG: Menya,Male,58,Arabic,Married,Lower,Lower middle class,1
2013,-4,EG: Menya,Male,62,Arabic,Married,Middle,Lower middle class,1
2013,-4,EG: Menya,Male,65,Arabic,Married,Higher,Upper middle class,1
2013,-4,EG: Menya,Male,65,Arabic,Married,Lower,Lower middle class,1
2013,-4,EG: Menya,Male,65,Arabic,Married,Middle,Upper class,1
2013,-4,EG: Menya,Male,68,Arabic,Married,Higher,Lower middle class,1
2013,-4,EG: Menya,Male,71,Arabic,Married,Lower,Lower class,1
2013,-4,EG: Menya,Male,71,Arabic,Married,Lower,Upper middle class,1
2013,-4,EG: Menya,Male,72,Arabic,Married,Middle,Lower middle class,1
2013,-4,EG: Menya,Male,75,Arabic,Married,Lower,Lower middle class,1
2013,-4,EG: Menya,Male,80,Arabic,Widowed,Lower,Lower middle class,1
2013,-4,EG: Qalubia,Female,18,Arabic,Single,Higher,Lower middle class,1
2013,-4,EG: Qalubia,Female,18,Arabic,Single,Middle,Lower class,2
2013,-4,EG: Qalubia,Female,21,Arabic,Married,Middle,Lower middle class,1
2013,-4,EG: Qalubia,Female,21,Arabic,Married,Middle,Working class,1
2013,-4,EG: Qalubia,Female,22,Arabic,Married,Higher,Upper middle class,1
2013,-4,EG: Qalubia,Female,22,Arabic,Married,Middle,Lower middle class,2
2013,-4,EG: Qalubia,Female,22,Arabic,Married,Middle,Working class,1
2013,-4,EG: Qalubia,Female,22,Arabic,Single,Middle,Lower class,1
2013,-4,EG: Qalubia,Female,23,Arabic,Married,Middle,Working class,1
2013,-4,EG: Qalubia,Female,25,Arabic,Single,Higher,Working class,1
2013,-4,EG: Qalubia,Female,26,Arabic,Married,Middle,Lower middle class,1
2013,-4,EG: Qalubia,Female,26,Arabic,Married,Middle,Working class,1
2013,-4,EG: Qalubia,Female,27,Arabic,Married,Middle,Working class,2
2013,-4,EG: Qalubia,Female,28,Arabic,Married,Middle,Lower middle class,1
2013,-4,EG: Qalubia,Female,30,Arabic,Married,Lower,Lower middle class,1
2013,-4,EG: Qalubia,Female,30,Arabic,Married,Lower,Working class,2
2013,-4,EG: Qalubia,Female,30,Arabic,Married,Middle,Lower class,1
2013,-4,EG: Qalubia,Female,30,Arabic,Married,Middle,Lower middle class,1
2013,-4,EG: Qalubia,Female,30,Arabic,Married,Middle,Working class,1
2013,-4,EG: Qalubia,Female,31,Arabic,Married,Higher,Upper middle class,1
2013,-4,EG: Qalubia,Female,31,Arabic,Married,Lower,Working class,1
2013,-4,EG: Qalubia,Female,31,Arabic,Married,Middle,Lower class,1
2013,-4,EG: Qalubia,Female,31,Arabic,Married,Middle,Working class,1
2013,-4,EG: Qalubia,Female,32,Arabic,Married,Lower,Lower class,1
2013,-4,EG: Qalubia,Female,32,Arabic,Married,Middle,Lower middle class,1
2013,-4,EG: Qalubia,Female,32,Arabic,Married,Middle,Working class,1
2013,-4,EG: Qalubia,Female,33,Arabic,Married,Higher,Upper middle class,1
2013,-4,EG: Qalubia,Female,34,Arabic,Married,Lower,Lower class,1
2013,-4,EG: Qalubia,Female,36,Arabic,Widowed,Middle,Lower middle class,1
2013,-4,EG: Qalubia,Female,37,Arabic,Married,Middle,Lower class,1
2013,-4,EG: Qalubia,Female,38,Arabic,Married,Higher,Upper middle class,2
2013,-4,EG: Qalubia,Female,38,Arabic,Married,Lower,Working class,1
2013,-4,EG: Qalubia,Female,38,Arabic,Married,Middle,Lower middle class,1
2013,-4,EG: Qalubia,Female,38,Arabic,Separated,Higher,Upper middle class,2
2013,-4,EG: Qalubia,Female,39,Arabic,Married,Middle,Working class,2
2013,-4,EG: Qalubia,Female,39,Arabic,Single,Middle,Lower class,1
2013,-4,EG: Qalubia,Female,40,Arabic,Married,Lower,Lower class,1
2013,-4,EG: Qalubia,Female,40,Arabic,Married,Middle,Working class,1
2013,-4,EG: Qalubia,Female,42,Arabic,Married,Higher,Upper middle class,1
2013,-4,EG: Qalubia,Female,42,Arabic,Married,Middle,Lower class,1
2013,-4,EG: Qalubia,Female,42,Arabic,Married,Middle,Working class,1
2013,-4,EG: Qalubia,Female,42,Arabic,Widowed,Lower,Working class,1
2013,-4,EG: Qalubia,Female,45,Arabic,Married,Lower,Lower class,2
2013,-4,EG: Qalubia,Female,45,Arabic,Married,Middle,Lower middle class,1
2013,-4,EG: Qalubia,Female,45,Arabic,Married,Middle,Working class,1
2013,-4,EG: Qalubia,Female,45,Arabic,Widowed,Lower,Lower middle class,1
2013,-4,EG: Qalubia,Female,46,Arabic,Married,Middle,Lower class,1
2013,-4,EG: Qalubia,Female,46,Arabic,Married,Middle,Lower middle class,1
2013,-4,EG: Qalubia,Female,46,Arabic,Married,Middle,Working class,1
2013,-4,EG: Qalubia,Female,47,Arabic,Married,Lower,Lower middle class,1
2013,-4,EG: Qalubia,Female,47,Arabic,Widowed,Middle,Working class,1
2013,-4,EG: Qalubia,Female,48,Arabic,Married,Lower,Lower middle class,1
2013,-4,EG: Qalubia,Female,48,Arabic,Widowed,Middle,Working class,1
2013,-4,EG: Qalubia,Female,50,Arabic,Married,Lower,Lower class,1
2013,-4,EG: Qalubia,Female,50,Arabic,Widowed,Lower,Working class,1
2013,-4,EG: Qalubia,Female,51,Arabic,Widowed,Lower,Lower middle class,1
2013,-4,EG: Qalubia,Female,52,Arabic,Married,Lower,Lower class,1
2013,-4,EG: Qalubia,Female,52,Arabic,Widowed,Lower,Lower class,1
2013,-4,EG: Qalubia,Female,52,Arabic,Widowed,Middle,Lower middle class,1
2013,-4,EG: Qalubia,Female,53,Arabic,Widowed,Lower,Working class,1
2013,-4,EG: Qalubia,Female,54,Arabic,Married,Middle,Lower middle class,1
2013,-4,EG: Qalubia,Female,55,Arabic,Married,Lower,Lower middle class,1
2013,-4,EG: Qalubia,Female,55,Arabic,Widowed,Lower,Lower class,1
2013,-4,EG: Qalubia,Female,60,Arabic,Widowed,Lower,Lower class,1
2013,-4,EG: Qalubia,Female,60,Arabic,Widowed,Lower,Lower middle class,1
2013,-4,EG: Qalubia,Female,60,Arabic,Widowed,Lower,Working class,1
2013,-4,EG: Qalubia,Female,62,Arabic,Married,Lower,Lower class,2
2013,-4,EG: Qalubia,Female,63,Arabic,Widowed,Lower,Working class,1
2013,-4,EG: Qalubia,Female,65,Arabic,Married,Lower,Lower middle class,1
2013,-4,EG: Qalubia,Female,68,Arabic,Widowed,Lower,Lower class,1
2013,-4,EG: Qalubia,Female,70,Arabic,Separated,Lower,Lower middle class,1
2013,-4,EG: Qalubia,Female,71,Arabic,Widowed,Lower,Lower class,1
2013,-4,EG: Qalubia,Female,80,Arabic,Widowed,Lower,Lower class,1
2013,-4,EG: Qalubia,Male,19,Arabic,Single,Middle,Working class,1
2013,-4,EG: Qalubia,Male,20,Arabic,Single,Middle,Lower class,1
2013,-4,EG: Qalubia,Male,21,Arabic,Single,Higher,Lower middle class,1
2013,-4,EG: Qalubia,Male,21,Arabic,Single,Middle,Lower middle class,1
2013,-4,EG: Qalubia,Male,22,Arabic,Single,Higher,Lower middle class,1
2013,-4,EG: Qalubia,Male,23,Arabic,Married,Higher,Lower middle class,1
2013,-4,EG: Qalubia,Male,23,Arabic,Married,Middle,Working class,1
2013,-4,EG: Qalubia,Male,23,Arabic,Single,Higher,Lower middle class,2
2013,-4,EG: Qalubia,Male,23,Arabic,Single,Higher,Upper middle class,1
2013,-4,EG: Qalubia,Male,24,Arabic,Single,Lower,Lower middle class,1
2013,-4,EG: Qalubia,Male,25,Arabic,Single,Higher,Lower middle class,1
2013,-4,EG: Qalubia,Male,29,Arabic,Married,Middle,Working class,1
2013,-4,EG: Qalubia,Male,30,Arabic,Single,Middle,Working class,1
2013,-4,EG: Qalubia,Male,31,Arabic,Married,Middle,Lower middle class,1
2013,-4,EG: Qalubia,Male,32,Arabic,Married,Higher,Lower middle class,1
2013,-4,EG: Qalubia,Male,32,Arabic,Married,Middle,Lower middle class,1
2013,-4,EG: Qalubia,Male,33,Arabic,Married,Middle,Lower middle class,1
2013,-4,EG: Qalubia,Male,33,Arabic,Married,Middle,Working class,1
2013,-4,EG: Qalubia,Male,34,Arabic,Married,Higher,Lower middle class,1
2013,-4,EG: Qalubia,Male,34,Arabic,Married,Lower,Lower middle class,1
2013,-4,EG: Qalubia,Male,38,Arabic,Married,Middle,Working class,1
2013,-4,EG: Qalubia,Male,41,Arabic,Married,Higher,Lower middle class,1
2013,-4,EG: Qalubia,Male,41,Arabic,Married,Middle,Working class,1
2013,-4,EG: Qalubia,Male,42,Arabic,Married,Middle,Lower middle class,1
2013,-4,EG: Qalubia,Male,43,Arabic,Married,Higher,Lower middle class,1
2013,-4,EG: Qalubia,Male,43,Arabic,Married,Middle,Lower middle class,1
2013,-4,EG: Qalubia,Male,43,Arabic,Married,Middle,Working class,2
2013,-4,EG: Qalubia,Male,44,Arabic,Married,Middle,Upper middle class,1
2013,-4,EG: Qalubia,Male,45,Arabic,Married,Middle,Working class,1
2013,-4,EG: Qalubia,Male,46,Arabic,Married,Middle,Working class,1
2013,-4,EG: Qalubia,Male,47,Arabic,Married,Middle,Lower class,1
2013,-4,EG: Qalubia,Male,47,Arabic,Married,Middle,Working class,1
2013,-4,EG: Qalubia,Male,48,Arabic,Married,Higher,Upper middle class,1
2013,-4,EG: Qalubia,Male,48,Arabic,Married,Lower,Working class,1
2013,-4,EG: Qalubia,Male,50,Arabic,Married,Middle,Lower class,1
2013,-4,EG: Qalubia,Male,51,Arabic,Married,Higher,Upper middle class,1
2013,-4,EG: Qalubia,Male,51,Arabic,Married,Lower,Working class,1
2013,-4,EG: Qalubia,Male,52,Arabic,Married,Higher,Lower middle class,1
2013,-4,EG: Qalubia,Male,52,Arabic,Married,Lower,Working class,1
2013,-4,EG: Qalubia,Male,55,Arabic,Married,Middle,Lower middle class,1
2013,-4,EG: Qalubia,Male,59,Arabic,Married,Middle,Working class,1
2013,-4,EG: Qalubia,Male,59,Arabic,Widowed,Lower,Lower middle class,1
2013,-4,EG: Qalubia,Male,60,Arabic,Married,Lower,Lower middle class,1
2013,-4,EG: Qalubia,Male,64,Arabic,Married,Higher,Lower class,1
2013,-4,EG: Qalubia,Male,65,Arabic,Married,Lower,Lower middle class,1
2013,-4,EG: Qalubia,Male,65,Arabic,Married,Middle,Lower middle class,2
2013,-4,EG: Qalubia,Male,65,Arabic,Widowed,Lower,Working class,1
2013,-4,EG: Qalubia,Male,66,Arabic,Married,Middle,Upper middle class,1
2013,-4,EG: Qalubia,Male,66,Arabic,Widowed,Lower,Lower class,1
2013,-4,EG: Qalubia,Male,69,Arabic,Widowed,Middle,Lower middle class,1
2013,-4,EG: Sharkia,Female,18,Arabic,Single,Lower,Working class,1
2013,-4,EG: Sharkia,Female,18,Arabic,Single,Middle,Lower middle class,3
2013,-4,EG: Sharkia,Female,21,Arabic,Single,Lower,Lower middle class,1
2013,-4,EG: Sharkia,Female,21,Arabic,Single,Middle,Lower middle class,1
2013,-4,EG: Sharkia,Female,22,Arabic,Married,Higher,Lower middle class,1
2013,-4,EG: Sharkia,Female,22,Arabic,Single,Higher,Working class,1
2013,-4,EG: Sharkia,Female,23,Arabic,Married,Middle,Lower middle class,2
2013,-4,EG: Sharkia,Female,23,Arabic,Married,Middle,Working class,1
2013,-4,EG: Sharkia,Female,24,Arabic,Married,Higher,Working class,1
2013,-4,EG: Sharkia,Female,24,Arabic,Married,Middle,Lower class,1
2013,-4,EG: Sharkia,Female,24,Arabic,Married,Middle,Lower middle class,1
2013,-4,EG: Sharkia,Female,24,Arabic,Married,Middle,Working class,2
2013,-4,EG: Sharkia,Female,25,Arabic,Married,Lower,Lower middle class,1
2013,-4,EG: Sharkia,Female,25,Arabic,Married,Middle,Working class,4
2013,-4,EG: Sharkia,Female,27,Arabic,Married,Higher,Lower middle class,1
2013,-4,EG: Sharkia,Female,28,Arabic,Married,Higher,Lower middle class,1
2013,-4,EG: Sharkia,Female,28,Arabic,Married,Middle,Lower middle class,1
2013,-4,EG: Sharkia,Female,28,Arabic,Married,Middle,Working class,1
2013,-4,EG: Sharkia,Female,29,Arabic,Married,Lower,Working class,1
2013,-4,EG: Sharkia,Female,30,Arabic,Married,Higher,Working class,2
2013,-4,EG: Sharkia,Female,30,Arabic,Married,Lower,Lower class,1
2013,-4,EG: Sharkia,Female,30,Arabic,Married,Lower,Working class,1
2013,-4,EG: Sharkia,Female,30,Arabic,Married,Middle,Lower middle class,1
2013,-4,EG: Sharkia,Female,30,Arabic,Married,Middle,Working class,6
2013,-4,EG: Sharkia,Female,30,Arabic,Single,Middle,Working class,1
2013,-4,EG: Sharkia,Female,31,Arabic,Married,Higher,Lower middle class,1
2013,-4,EG: Sharkia,Female,31,Arabic,Married,Higher,Working class,1
2013,-4,EG: Sharkia,Female,31,Arabic,Married,Middle,Lower middle class,1
2013,-4,EG: Sharkia,Female,33,Arabic,Married,Higher,Working class,1
2013,-4,EG: Sharkia,Female,33,Arabic,Married,Lower,Working class,1
2013,-4,EG: Sharkia,Female,33,Arabic,Married,Middle,Working class,1
2013,-4,EG: Sharkia,Female,35,Arabic,Married,Middle,Lower middle class,1
2013,-4,EG: Sharkia,Female,35,Arabic,Widowed,Middle,Lower middle class,1
2013,-4,EG: Sharkia,Female,36,Arabic,Married,Lower,Lower middle class,1
2013,-4,EG: Sharkia,Female,37,Arabic,Married,Lower,Working class,1
2013,-4,EG: Sharkia,Female,38,Arabic,Married,Middle,Working class,1
2013,-4,EG: Sharkia,Female,39,Arabic,Married,Middle,Working class,1
2013,-4,EG: Sharkia,Female,40,Arabic,Married,Higher,Lower class,1
2013,-4,EG: Sharkia,Female,40,Arabic,Married,Lower,Lower middle class,1
2013,-4,EG: Sharkia,Female,40,Arabic,Married,Lower,Working class,1
2013,-4,EG: Sharkia,Female,40,Arabic,Married,Middle,Working class,1
2013,-4,EG: Sharkia,Female,41,Arabic,Married,Lower,Lower middle class,1
2013,-4,EG: Sharkia,Female,42,Arabic,Married,Higher,Lower middle class,1
2013,-4,EG: Sharkia,Female,42,Arabic,Married,Middle,Lower middle class,1
2013,-4,EG: Sharkia,Female,43,Arabic,Married,Middle,Working class,2
2013,-4,EG: Sharkia,Female,45,Arabic,Married,Higher,Working class,1
2013,-4,EG: Sharkia,Female,45,Arabic,Married,Lower,Lower class,1
2013,-4,EG: Sharkia,Female,45,Arabic,Married,Lower,Lower middle class,1
2013,-4,EG: Sharkia,Female,45,Arabic,Married,Lower,Working class,1
2013,-4,EG: Sharkia,Female,45,Arabic,Married,Middle,Working class,1
2013,-4,EG: Sharkia,Female,46,Arabic,Married,Higher,Lower middle class,1
2013,-4,EG: Sharkia,Female,46,Arabic,Married,Middle,Working class,2
2013,-4,EG: Sharkia,Female,47,Arabic,Married,Higher,Lower class,1
2013,-4,EG: Sharkia,Female,47,Arabic,Married,Middle,Working class,1
2013,-4,EG: Sharkia,Female,50,Arabic,Married,Lower,Lower class,2
2013,-4,EG: Sharkia,Female,50,Arabic,Married,Lower,Working class,1
2013,-4,EG: Sharkia,Female,52,Arabic,Widowed,Lower,Lower class,1
2013,-4,EG: Sharkia,Female,53,Arabic,Married,Lower,Lower class,1
2013,-4,EG: Sharkia,Female,54,Arabic,Married,Lower,Working class,1
2013,-4,EG: Sharkia,Female,55,Arabic,Married,Higher,Upper middle class,1
2013,-4,EG: Sharkia,Female,55,Arabic,Married,Lower,Working class,1
2013,-4,EG: Sharkia,Female,57,Arabic,Married,Middle,Lower middle class,1
2013,-4,EG: Sharkia,Female,60,Arabic,Widowed,Lower,Lower class,2
2013,-4,EG: Sharkia,Female,60,Arabic,Widowed,Lower,Lower middle class,1
2013,-4,EG: Sharkia,Female,62,Arabic,Married,Lower,Working class,1
2013,-4,EG: Sharkia,Female,63,Arabic,Widowed,Lower,Working class,1
2013,-4,EG: Sharkia,Female,65,Arabic,Widowed,Lower,Working class,1
2013,-4,EG: Sharkia,Female,72,Arabic,Married,Lower,Working class,1
2013,-4,EG: Sharkia,Female,75,Arabic,Widowed,Lower,Working class,1
2013,-4,EG: Sharkia,Female,78,Arabic,Widowed,Lower,Lower middle class,1
2013,-4,EG: Sharkia,Male,18,Arabic,Single,Middle,Lower middle class,1
2013,-4,EG: Sharkia,Male,19,Arabic,Single,Higher,Working class,1
2013,-4,EG: Sharkia,Male,21,Arabic,Married,Lower,Working class,1
2013,-4,EG: Sharkia,Male,22,Arabic,Married,Middle,Working class,1
2013,-4,EG: Sharkia,Male,23,Arabic,Single,Lower,Working class,1
2013,-4,EG: Sharkia,Male,23,Arabic,Single,Middle,Working class,1
2013,-4,EG: Sharkia,Male,24,Arabic,Single,Middle,Working class,1
2013,-4,EG: Sharkia,Male,25,Arabic,Married,Lower,Lower middle class,1
2013,-4,EG: Sharkia,Male,25,Arabic,Single,Middle,Working class,1
2013,-4,EG: Sharkia,Male,26,Arabic,Single,Higher,Lower class,1
2013,-4,EG: Sharkia,Male,27,Arabic,Married,Lower,Working class,1
2013,-4,EG: Sharkia,Male,29,Arabic,Married,Middle,Lower middle class,1
2013,-4,EG: Sharkia,Male,30,Arabic,Married,Middle,Working class,1
2013,-4,EG: Sharkia,Male,33,Arabic,Married,Lower,Working class,1
2013,-4,EG: Sharkia,Male,33,Arabic,Married,Middle,Working class,1
2013,-4,EG: Sharkia,Male,35,Arabic,Married,Lower,Working class,1
2013,-4,EG: Sharkia,Male,37,Arabic,Married,Middle,Working class,1
2013,-4,EG: Sharkia,Male,39,Arabic,Married,Lower,Working class,1
2013,-4,EG: Sharkia,Male,39,Arabic,Single,Lower,Working class,1
2013,-4,EG: Sharkia,Male,40,Arabic,Married,Lower,Working class,2
2013,-4,EG: Sharkia,Male,42,Arabic,Married,Middle,Lower middle class,1
2013,-4,EG: Sharkia,Male,43,Arabic,Married,Lower,Working class,1
2013,-4,EG: Sharkia,Male,43,Arabic,Married,Middle,Working class,2
2013,-4,EG: Sharkia,Male,45,Arabic,Married,Middle,Lower middle class,1
2013,-4,EG: Sharkia,Male,45,Arabic,Married,Middle,Upper middle class,1
2013,-4,EG: Sharkia,Male,48,Arabic,Married,Lower,Lower class,1
2013,-4,EG: Sharkia,Male,49,Arabic,Married,Middle,Working class,1
2013,-4,EG: Sharkia,Male,50,Arabic,Married,Middle,Working class,1
2013,-4,EG: Sharkia,Male,51,Arabic,Married,Lower,Working class,1
2013,-4,EG: Sharkia,Male,52,Arabic,Married,Middle,Working class,1
2013,-4,EG: Sharkia,Male,53,Arabic,Married,Lower,Working class,1
2013,-4,EG: Sharkia,Male,53,Arabic,Married,Middle,Working class,1
2013,-4,EG: Sharkia,Male,54,Arabic,Married,Higher,Lower middle class,1
2013,-4,EG: Sharkia,Male,56,Arabic,Married,Higher,Working class,1
2013,-4,EG: Sharkia,Male,57,Arabic,Married,Higher,Lower middle class,1
2013,-4,EG: Sharkia,Male,58,Arabic,Married,Higher,Working class,1
2013,-4,EG: Sharkia,Male,62,Arabic,Married,Middle,Lower middle class,1
2013,-4,EG: Sharkia,Male,65,Arabic,Married,Lower,Working class,2
2013,-4,EG: Sharkia,Male,67,Arabic,Married,Middle,Lower middle class,1
2013,-4,EG: Sharkia,Male,70,Arabic,Married,Lower,Lower class,1
2013,-4,EG: Sharkia,Male,72,Arabic,Married,Lower,Lower class,1
2013,-4,EG: Sharkia,Male,72,Arabic,Married,Middle,Lower class,1
2013,-4,EG: Sharkia,Male,76,Arabic,Married,Lower,Lower middle class,2
2013,-4,EG: Sohag,Female,18,Arabic,Single,Lower,Lower middle class,1
2013,-4,EG: Sohag,Female,18,Arabic,Single,Middle,Lower middle class,3
2013,-4,EG: Sohag,Female,18,Arabic,Single,Middle,Upper middle class,1
2013,-4,EG: Sohag,Female,19,Arabic,Single,Higher,Lower middle class,1
2013,-4,EG: Sohag,Female,19,Arabic,Single,Middle,Lower middle class,1
2013,-4,EG: Sohag,Female,20,Arabic,Married,Middle,Lower middle class,1
2013,-4,EG: Sohag,Female,20,Arabic,Single,Higher,Lower middle class,1
2013,-4,EG: Sohag,Female,20,Arabic,Single,Middle,Lower middle class,2
2013,-4,EG: Sohag,Female,21,Arabic,Married,Middle,Lower middle class,2
2013,-4,EG: Sohag,Female,21,Arabic,Single,Higher,Lower middle class,1
2013,-4,EG: Sohag,Female,23,Arabic,Married,Middle,Lower middle class,1
2013,-4,EG: Sohag,Female,23,Arabic,Single,Middle,Lower middle class,1
2013,-4,EG: Sohag,Female,24,Arabic,Married,Lower,Lower middle class,1
2013,-4,EG: Sohag,Female,24,Arabic,Married,Middle,Lower middle class,1
2013,-4,EG: Sohag,Female,24,Arabic,Single,Higher,Upper middle class,1
2013,-4,EG: Sohag,Female,25,Arabic,Separated,Middle,Lower middle class,1
2013,-4,EG: Sohag,Female,25,Arabic,Single,Middle,Lower middle class,1
2013,-4,EG: Sohag,Female,26,Arabic,Married,Lower,Lower middle class,1
2013,-4,EG: Sohag,Female,26,Arabic,Married,Middle,Lower middle class,2
2013,-4,EG: Sohag,Female,26,Arabic,Single,Higher,Lower middle class,2
2013,-4,EG: Sohag,Female,27,Arabic,Married,Lower,Working class,1
2013,-4,EG: Sohag,Female,27,Arabic,Married,Middle,Lower middle class,1
2013,-4,EG: Sohag,Female,27,Arabic,Married,Middle,Working class,1
2013,-4,EG: Sohag,Female,28,Arabic,Married,Lower,Lower middle class,1
2013,-4,EG: Sohag,Female,28,Arabic,Married,Middle,Lower middle class,1
2013,-4,EG: Sohag,Female,28,Arabic,Single,Higher,Lower middle class,1
2013,-4,EG: Sohag,Female,29,Arabic,Married,Lower,Working class,1
2013,-4,EG: Sohag,Female,29,Arabic,Married,Middle,Lower middle class,3
2013,-4,EG: Sohag,Female,30,Arabic,Married,Higher,Upper middle class,1
2013,-4,EG: Sohag,Female,30,Arabic,Married,Lower,Lower middle class,2
2013,-4,EG: Sohag,Female,30,Arabic,Married,Lower,Working class,1
2013,-4,EG: Sohag,Female,30,Arabic,Married,Middle,Lower middle class,1
2013,-4,EG: Sohag,Female,30,Arabic,Single,Middle,Lower middle class,1
2013,-4,EG: Sohag,Female,31,Arabic,Married,Lower,Lower middle class,3
2013,-4,EG: Sohag,Female,32,Arabic,Married,Lower,Lower middle class,1
2013,-4,EG: Sohag,Female,32,Arabic,Married,Middle,Lower middle class,1
2013,-4,EG: Sohag,Female,33,Arabic,Married,Middle,Lower middle class,1
2013,-4,EG: Sohag,Female,34,Arabic,Married,Lower,Lower middle class,1
2013,-4,EG: Sohag,Female,34,Arabic,Married,Middle,Lower middle class,1
2013,-4,EG: Sohag,Female,35,Arabic,Married,Lower,Lower middle class,1
2013,-4,EG: Sohag,Female,35,Arabic,Married,Lower,Upper middle class,1
2013,-4,EG: Sohag,Female,35,Arabic,Married,Middle,Lower middle class,3
2013,-4,EG: Sohag,Female,36,Arabic,Married,Lower,Lower middle class,2
2013,-4,EG: Sohag,Female,37,Arabic,Married,Middle,Lower middle class,1
2013,-4,EG: Sohag,Female,37,Arabic,Widowed,Higher,Upper middle class,1
2013,-4,EG: Sohag,Female,37,Arabic,Widowed,Middle,Lower middle class,1
2013,-4,EG: Sohag,Female,38,Arabic,Married,Lower,Working class,1
2013,-4,EG: Sohag,Female,40,Arabic,Married,Lower,Lower middle class,6
2013,-4,EG: Sohag,Female,40,Arabic,Married,Lower,Working class,3
2013,-4,EG: Sohag,Female,40,Arabic,Married,Middle,Lower middle class,2
2013,-4,EG: Sohag,Female,40,Arabic,Married,Middle,Upper middle class,1
2013,-4,EG: Sohag,Female,40,Arabic,Widowed,Lower,Lower middle class,1
2013,-4,EG: Sohag,Female,42,Arabic,Married,Lower,Lower middle class,1
2013,-4,EG: Sohag,Female,42,Arabic,Married,Middle,Lower middle class,1
2013,-4,EG: Sohag,Female,42,Arabic,Separated,Middle,Lower middle class,1
2013,-4,EG: Sohag,Female,42,Arabic,Widowed,Lower,Working class,1
2013,-4,EG: Sohag,Female,44,Arabic,Married,Lower,Lower middle class,1
2013,-4,EG: Sohag,Female,45,Arabic,Married,Lower,Lower middle class,3
2013,-4,EG: Sohag,Female,45,Arabic,Married,Middle,Lower middle class,1
2013,-4,EG: Sohag,Female,45,Arabic,Widowed,Lower,Lower middle class,1
2013,-4,EG: Sohag,Female,46,Arabic,Married,Middle,Upper middle class,1
2013,-4,EG: Sohag,Female,47,Arabic,Married,Middle,Upper middle class,1
2013,-4,EG: Sohag,Female,50,Arabic,Married,Higher,Upper middle class,1
2013,-4,EG: Sohag,Female,50,Arabic,Married,Middle,Upper middle class,2
2013,-4,EG: Sohag,Female,52,Arabic,Widowed,Lower,Lower middle class,1
2013,-4,EG: Sohag,Female,53,Arabic,Widowed,Higher,Upper middle class,1
2013,-4,EG: Sohag,Female,54,Arabic,Married,Higher,Upper middle class,1
2013,-4,EG: Sohag,Female,54,Arabic,Married,Lower,Lower middle class,1
2013,-4,EG: Sohag,Female,54,Arabic,Married,Middle,Upper middle class,1
2013,-4,EG: Sohag,Female,55,Arabic,Married,Lower,Lower middle class,1
2013,-4,EG: Sohag,Female,55,Arabic,Married,Lower,Working class,1
2013,-4,EG: Sohag,Female,55,Arabic,Widowed,Lower,Lower middle class,1
2013,-4,EG: Sohag,Female,58,Arabic,Married,Middle,Upper middle class,1
2013,-4,EG: Sohag,Female,60,Arabic,Widowed,Lower,Lower middle class,1
2013,-4,EG: Sohag,Female,60,Arabic,Widowed,Middle,Upper middle class,1
2013,-4,EG: Sohag,Female,70,Arabic,Widowed,Lower,Lower middle class,1
2013,-4,EG: Sohag,Female,70,Arabic,Widowed,Lower,Working class,1
2013,-4,EG: Sohag,Male,18,Arabic,Single,Lower,Lower middle class,1
2013,-4,EG: Sohag,Male,18,Arabic,Single,Middle,Lower middle class,1
2013,-4,EG: Sohag,Male,19,Arabic,Single,Lower,Working class,1
2013,-4,EG: Sohag,Male,21,Arabic,Single,Higher,Lower middle class,1
2013,-4,EG: Sohag,Male,22,Arabic,Single,Higher,Lower middle class,1
2013,-4,EG: Sohag,Male,22,Arabic,Single,Higher,Upper middle class,1
2013,-4,EG: Sohag,Male,22,Arabic,Single,Middle,Upper middle class,1
2013,-4,EG: Sohag,Male,24,Arabic,Single,Lower,Lower middle class,1
2013,-4,EG: Sohag,Male,25,Arabic,Single,Higher,Lower middle class,1
2013,-4,EG: Sohag,Male,25,Arabic,Single,Lower,Working class,1
2013,-4,EG: Sohag,Male,26,Arabic,Single,Higher,Upper middle class,1
2013,-4,EG: Sohag,Male,27,Arabic,Married,Lower,Lower middle class,1
2013,-4,EG: Sohag,Male,27,Arabic,Married,Middle,Lower middle class,1
2013,-4,EG: Sohag,Male,28,Arabic,Married,Middle,Lower middle class,1
2013,-4,EG: Sohag,Male,28,Arabic,Single,Higher,Upper middle class,1
2013,-4,EG: Sohag,Male,28,Arabic,Single,Middle,Lower middle class,1
2013,-4,EG: Sohag,Male,29,Arabic,Married,Lower,Lower middle class,2
2013,-4,EG: Sohag,Male,29,Arabic,Single,Higher,Lower middle class,1
2013,-4,EG: Sohag,Male,29,Arabic,Single,Lower,Lower middle class,1
2013,-4,EG: Sohag,Male,29,Arabic,Single,Middle,Lower middle class,1
2013,-4,EG: Sohag,Male,30,Arabic,Married,Lower,Lower middle class,1
2013,-4,EG: Sohag,Male,30,Arabic,Single,Higher,Upper middle class,1
2013,-4,EG: Sohag,Male,30,Arabic,Single,Middle,Lower middle class,1
2013,-4,EG: Sohag,Male,30,Arabic,Single,Middle,Working class,1
2013,-4,EG: Sohag,Male,32,Arabic,Single,Lower,Working class,1
2013,-4,EG: Sohag,Male,33,Arabic,Married,Lower,Lower middle class,1
2013,-4,EG: Sohag,Male,36,Arabic,Married,Middle,Lower middle class,1
2013,-4,EG: Sohag,Male,38,Arabic,Married,Higher,Upper middle class,1
2013,-4,EG: Sohag,Male,38,Arabic,Married,Lower,Lower middle class,1
2013,-4,EG: Sohag,Male,39,Arabic,Married,Higher,Upper middle class,1
2013,-4,EG: Sohag,Male,40,Arabic,Married,Lower,Lower middle class,1
2013,-4,EG: Sohag,Male,40,Arabic,Single,Middle,Upper middle class,1
2013,-4,EG: Sohag,Male,42,Arabic,Married,Lower,Lower middle class,2
2013,-4,EG: Sohag,Male,42,Arabic,Married,Middle,Lower middle class,1
2013,-4,EG: Sohag,Male,45,Arabic,Married,Higher,Upper middle class,1
2013,-4,EG: Sohag,Male,45,Arabic,Married,Lower,Lower middle class,3
2013,-4,EG: Sohag,Male,47,Arabic,Married,Lower,Lower middle class,1
2013,-4,EG: Sohag,Male,48,Arabic,Married,Lower,Lower middle class,1
2013,-4,EG: Sohag,Male,50,Arabic,Married,Lower,Lower middle class,1
2013,-4,EG: Sohag,Male,52,Arabic,Married,Higher,Upper middle class,1
2013,-4,EG: Sohag,Male,55,Arabic,Married,Lower,Lower middle class,1
2013,-4,EG: Sohag,Male,55,Arabic,Married,Lower,Working class,1
2013,-4,EG: Sohag,Male,56,Arabic,Married,Higher,Upper middle class,1
2013,-4,EG: Sohag,Male,66,Arabic,Widowed,Middle,Upper middle class,1
2013,-4,EG: Sohag,Male,70,Arabic,Married,Higher,Lower middle class,1
2013,-4,EG: Sohag,Male,72,Arabic,Married,Middle,Upper middle class,1
2013,-4,EG: Sohag,Male,74,Arabic,Married,Middle,Lower middle class,1
