country_name,language,marital_status,gender,urban_rural,region,age,education_level,social_class,Q106,Q107,Q108,Q109,Q110,Q111,Q151,Q152,Q154,Q158,Q159,Q160,Q163,Q164,Q177,Q178,Q18,Q180,Q181,Q182,Q183,Q184,Q185,Q187,Q189,Q19,Q2,Q20,Q21,Q22,Q23,Q235,Q236,Q237,Q238,Q24,Q241,Q242,Q243,Q244,Q245,Q246,Q249,Q25,Q250,Q251,Q253,Q254,Q26,Q27,Q29,Q3,Q30,Q31,Q32,Q33,Q34,Q4,Q43,Q44,Q45,Q5,Q58,Q59,Q6,Q60,Q61,Q62,Q63,Q64,Q65,Q66,Q67,Q68,Q69,Q70,Q71,Q72,Q73,Q74,Q77,Q79,Q80,Q81,Q83
india,Hindi,Single,Female,Rural,IN-UP Uttar Pradesh,16-24,Middle,Working class,5,1,5,3,2,"paryAvaraNa saMrakShaNa ko prAthamikatA dI jAnI chAhie, bhale hI isase Arthika vikAsa dhImA ho jAe aura kuCha naukariyAM khatma ho jAeM|",hA.N,hamAre shaharoM aura grAmINa ilAkoM ko aura adhika suMdara banAne kA prayAsa,mahatvapUrNa sarakArI nirNayoM meM logoM kI adhika bhAgIdArI sunishchita karanA,6,7,5,9,10,2,2,mahatvapUrNa,3,hameshA nyAyochita,5,1,1,1,2,1,mahatvapUrNa,bahuta zarUrI,mahatvapUrNa,mahatvapUrNa,mahatvapUrNa,mahatvapUrNa,kAphI burA,bahuta achChA,bahuta achChA,bahuta achChA,mahatvapUrNa,10,7,7,5,6,2,3,mahatvapUrNa,4,6,kAphI sammAna,kAphI garva hai,mahatvapUrNa,pUrI taraha sahamata,sahamata,bahuta zarUrI,pUrI taraha sahamata,asahamata,sahamata,nA to sahamata nA hI asahamata,pUrI taraha sahamata,bahuta zarUrI,achI bAta hai,achI bAta hai,achI bAta hai,bahuta zarUrI,kuCha hada taka bharosA kareM,kuCha hada taka bharosA kareM,bahuta zarUrI,kuCha hada taka bharosA kareM,kuCha hada taka bharosA kareM,kuCha hada taka bharosA kareM,kuCha hada taka bharosA kareM,kAphI,kAphI,kAphI,kAphI,kAphI,kAphI,kAphI,kAphI,bilkula bhI nahIM,bahuta zyAdA nahIM,kAphI,kAphI,kAphI,kAphI,kAphI,kAphI
india,Hindi,Married,Female,Rural,IN-UP Uttar Pradesh,35-44,Lower,Working class,5,1,5,3,2,"paryAvaraNa saMrakShaNa ko prAthamikatA dI jAnI chAhie, bhale hI isase Arthika vikAsa dhImA ho jAe aura kuCha naukariyAM khatma ho jAeM|",hA.N,hamAre shaharoM aura grAmINa ilAkoM ko aura adhika suMdara banAne kA prayAsa,mahatvapUrNa sarakArI nirNayoM meM logoM kI adhika bhAgIdArI sunishchita karanA,6,7,5,9,10,2,2,mahatvapUrNa,1,hameshA nyAyochita,5,1,1,1,2,2,mahatvapUrNa,bahuta zarUrI,mahatvapUrNa,mahatvapUrNa,mahatvapUrNa,mahatvapUrNa,kAphI burA,bahuta achChA,bahuta achChA,bahuta achChA,mahatvapUrNa,10,7,7,5,6,2,3,mahatvapUrNa,4,6,kAphI sammAna,kAphI garva hai,mahatvapUrNa,pUrI taraha sahamata,sahamata,bahuta zarUrI,pUrI taraha sahamata,asahamata,pUrI taraha sahamata,asahamata,pUrI taraha sahamata,bahuta zarUrI,achI bAta hai,achI bAta hai,achI bAta hai,balki mahatvapUrNa,kuCha hada taka bharosA kareM,kuCha hada taka bharosA kareM,bahuta zarUrI,kuCha hada taka bharosA kareM,kuCha hada taka bharosA kareM,kuCha hada taka bharosA kareM,kuCha hada taka bharosA kareM,kAphI,kAphI,kAphI,kAphI,kAphI,kAphI,kAphI,kAphI,kAphI,kAphI,kAphI,kAphI,kAphI,kAphI,kAphI,kAphI
india,Hindi,Married,Female,Rural,IN-UP Uttar Pradesh,45-54,Lower,Working class,5,1,5,3,2,"paryAvaraNa saMrakShaNa ko prAthamikatA dI jAnI chAhie, bhale hI isase Arthika vikAsa dhImA ho jAe aura kuCha naukariyAM khatma ho jAeM|",hA.N,hamAre shaharoM aura grAmINa ilAkoM ko aura adhika suMdara banAne kA prayAsa,mahatvapUrNa sarakArI nirNayoM meM logoM kI adhika bhAgIdArI sunishchita karanA,6,7,5,9,10,2,2,mahatvapUrNa,1,hameshA nyAyochita,5,1,1,1,2,2,mahatvapUrNa,bahuta zarUrI,mahatvapUrNa,mahatvapUrNa,mahatvapUrNa,mahatvapUrNa,kAphI burA,bahuta achChA,bahuta achChA,bahuta achChA,mahatvapUrNa,10,7,7,5,6,2,3,mahatvapUrNa,4,6,kAphI sammAna,kAphI garva hai,mahatvapUrNa,pUrI taraha sahamata,sahamata,bahuta zarUrI,pUrI taraha sahamata,asahamata,pUrI taraha sahamata,asahamata,pUrI taraha sahamata,bahuta zarUrI,achI bAta hai,achI bAta hai,achI bAta hai,balki mahatvapUrNa,kuCha hada taka bharosA kareM,kuCha hada taka bharosA kareM,bahuta zarUrI,kuCha hada taka bharosA kareM,kuCha hada taka bharosA kareM,kuCha hada taka bharosA kareM,kuCha hada taka bharosA kareM,kAphI,kAphI,kAphI,kAphI,kAphI,kAphI,kAphI,kAphI,kAphI,kAphI,kAphI,kAphI,kAphI,kAphI,kAphI,kAphI
india,Hindi,Single,Male,Rural,IN-UP Uttar Pradesh,16-24,Higher,Working class,5,1,5,3,2,"paryAvaraNa saMrakShaNa ko prAthamikatA dI jAnI chAhie, bhale hI isase Arthika vikAsa dhImA ho jAe aura kuCha naukariyAM khatma ho jAeM|",hA.N,hamAre shaharoM aura grAmINa ilAkoM ko aura adhika suMdara banAne kA prayAsa,mahatvapUrNa sarakArI nirNayoM meM logoM kI adhika bhAgIdArI sunishchita karanA,6,7,5,9,7,2,2,mahatvapUrNa,3,hameshA nyAyochita,5,1,1,1,2,1,mahatvapUrNa,bahuta zarUrI,mahatvapUrNa,mahatvapUrNa,mahatvapUrNa,mahatvapUrNa,kAphI burA,bahuta achChA,bahuta achChA,bahuta achChA,mahatvapUrNa,5,7,7,5,6,2,3,mahatvapUrNa,2,6,kAphI sammAna,kAphI garva hai,mahatvapUrNa,pUrI taraha sahamata,sahamata,bahuta zarUrI,pUrI taraha sahamata,asahamata,sahamata,nA to sahamata nA hI asahamata,pUrI taraha sahamata,bahuta zarUrI,achI bAta hai,achI bAta hai,achI bAta hai,balki mahatvapUrNa,kuCha hada taka bharosA kareM,kuCha hada taka bharosA kareM,bahuta zarUrI,kuCha hada taka bharosA kareM,kuCha hada taka bharosA kareM,kuCha hada taka bharosA kareM,kuCha hada taka bharosA kareM,kAphI,kAphI,kAphI,kAphI,kAphI,kAphI,kAphI,kAphI,bilkula bhI nahIM,bahuta zyAdA nahIM,kAphI,kAphI,kAphI,kAphI,kAphI,kAphI
india,Hindi,Single,Male,Rural,IN-UP Uttar Pradesh,16-24,Lower,Working class,5,1,5,3,2,"paryAvaraNa saMrakShaNa ko prAthamikatA dI jAnI chAhie, bhale hI isase Arthika vikAsa dhImA ho jAe aura kuCha naukariyAM khatma ho jAeM|",hA.N,hamAre shaharoM aura grAmINa ilAkoM ko aura adhika suMdara banAne kA prayAsa,mahatvapUrNa sarakArI nirNayoM meM logoM kI adhika bhAgIdArI sunishchita karanA,6,7,5,9,7,2,2,mahatvapUrNa,1,hameshA nyAyochita,5,1,1,1,2,1,mahatvapUrNa,bahuta zarUrI,mahatvapUrNa,mahatvapUrNa,mahatvapUrNa,mahatvapUrNa,kAphI burA,bahuta achChA,bahuta achChA,bahuta achChA,mahatvapUrNa,5,7,7,5,6,2,3,mahatvapUrNa,2,6,kAphI sammAna,kAphI garva hai,mahatvapUrNa,pUrI taraha sahamata,sahamata,bahuta zarUrI,pUrI taraha sahamata,asahamata,sahamata,nA to sahamata nA hI asahamata,pUrI taraha sahamata,bahuta zarUrI,achI bAta hai,achI bAta hai,achI bAta hai,balki mahatvapUrNa,kuCha hada taka bharosA kareM,kuCha hada taka bharosA kareM,bahuta zarUrI,kuCha hada taka bharosA kareM,kuCha hada taka bharosA kareM,kuCha hada taka bharosA kareM,kuCha hada taka bharosA kareM,kAphI,kAphI,kAphI,kAphI,kAphI,kAphI,kAphI,kAphI,kAphI,kAphI,kAphI,kAphI,kAphI,kAphI,kAphI,kAphI
india,Hindi,Single,Male,Rural,IN-UP Uttar Pradesh,16-24,Middle,Lower middle class,5,1,5,3,2,"paryAvaraNa saMrakShaNa ko prAthamikatA dI jAnI chAhie, bhale hI isase Arthika vikAsa dhImA ho jAe aura kuCha naukariyAM khatma ho jAeM|",hA.N,hamAre shaharoM aura grAmINa ilAkoM ko aura adhika suMdara banAne kA prayAsa,mahatvapUrNa sarakArI nirNayoM meM logoM kI adhika bhAgIdArI sunishchita karanA,6,7,5,9,7,2,2,mahatvapUrNa,1,kabhI bhI nyAyochita nahIM,5,1,1,1,2,2,mahatvapUrNa,bahuta zarUrI,mahatvapUrNa,mahatvapUrNa nahIM,mahatvapUrNa nahIM,mahatvapUrNa,kAphI burA,bahuta achChA,bahuta achChA,bahuta achChA,mahatvapUrNa,5,7,7,5,6,2,3,mahatvapUrNa,2,6,kAphI sammAna,kAphI garva hai,mahatvapUrNa,pUrI taraha sahamata,sahamata,bahuta zarUrI,pUrI taraha sahamata,asahamata,sahamata,nA to sahamata nA hI asahamata,pUrI taraha sahamata,bahuta zarUrI,achI bAta hai,achI bAta hai,burA mata mAnanA,balki mahatvapUrNa,kuCha hada taka bharosA kareM,kuCha hada taka bharosA kareM,bahuta zarUrI,kuCha hada taka bharosA kareM,kuCha hada taka bharosA kareM,kuCha hada taka bharosA kareM,kuCha hada taka bharosA kareM,kAphI,kAphI,kAphI,kAphI,kAphI,kAphI,kAphI,kAphI,bilkula bhI nahIM,bahuta zyAdA nahIM,kAphI,kAphI,kAphI,kAphI,kAphI,kAphI
india,Hindi,Single,Male,Rural,IN-UP Uttar Pradesh,16-24,Middle,Working class,5,1,5,3,2,"paryAvaraNa saMrakShaNa ko prAthamikatA dI jAnI chAhie, bhale hI isase Arthika vikAsa dhImA ho jAe aura kuCha naukariyAM khatma ho jAeM|",hA.N,hamAre shaharoM aura grAmINa ilAkoM ko aura adhika suMdara banAne kA prayAsa,mahatvapUrNa sarakArI nirNayoM meM logoM kI adhika bhAgIdArI sunishchita karanA,6,7,5,9,7,2,2,mahatvapUrNa,1,hameshA nyAyochita,5,1,1,1,2,1,mahatvapUrNa,bahuta zarUrI,mahatvapUrNa,mahatvapUrNa,mahatvapUrNa,mahatvapUrNa,kAphI burA,bahuta achChA,bahuta achChA,bahuta achChA,mahatvapUrNa,5,7,7,5,6,2,3,mahatvapUrNa,2,6,kAphI sammAna,kAphI garva hai,mahatvapUrNa,pUrI taraha sahamata,sahamata,bahuta zarUrI,pUrI taraha sahamata,asahamata,sahamata,nA to sahamata nA hI asahamata,pUrI taraha sahamata,bahuta zarUrI,achI bAta hai,achI bAta hai,achI bAta hai,balki mahatvapUrNa,kuCha hada taka bharosA kareM,kuCha hada taka bharosA kareM,bahuta zarUrI,kuCha hada taka bharosA kareM,kuCha hada taka bharosA kareM,kuCha hada taka bharosA kareM,kuCha hada taka bharosA kareM,kAphI,kAphI,kAphI,kAphI,kAphI,kAphI,kAphI,kAphI,bilkula bhI nahIM,bahuta zyAdA nahIM,kAphI,kAphI,kAphI,kAphI,kAphI,kAphI
india,Hindi,Married,Male,Rural,IN-UP Uttar Pradesh,25-34,Middle,Lower middle class,5,1,5,3,2,"paryAvaraNa saMrakShaNa ko prAthamikatA dI jAnI chAhie, bhale hI isase Arthika vikAsa dhImA ho jAe aura kuCha naukariyAM khatma ho jAeM|",hA.N,hamAre shaharoM aura grAmINa ilAkoM ko aura adhika suMdara banAne kA prayAsa,mahatvapUrNa sarakArI nirNayoM meM logoM kI adhika bhAgIdArI sunishchita karanA,6,7,5,9,7,2,2,mahatvapUrNa,1,kabhI bhI nyAyochita nahIM,5,1,1,1,2,2,mahatvapUrNa,bahuta zarUrI,mahatvapUrNa,mahatvapUrNa nahIM,mahatvapUrNa nahIM,mahatvapUrNa,kAphI burA,bahuta achChA,bahuta achChA,bahuta achChA,mahatvapUrNa,5,7,7,5,6,2,3,mahatvapUrNa,4,7,kAphI sammAna,kAphI garva hai,mahatvapUrNa,pUrI taraha sahamata,sahamata,bahuta zarUrI,pUrI taraha sahamata,asahamata,sahamata,nA to sahamata nA hI asahamata,pUrI taraha sahamata,bahuta zarUrI,achI bAta hai,achI bAta hai,burA mata mAnanA,balki mahatvapUrNa,kuCha hada taka bharosA kareM,kuCha hada taka bharosA kareM,bahuta zarUrI,kuCha hada taka bharosA kareM,kuCha hada taka bharosA kareM,kuCha hada taka bharosA kareM,kuCha hada taka bharosA kareM,kAphI,kAphI,kAphI,kAphI,kAphI,kAphI,kAphI,kAphI,kAphI,kAphI,kAphI,kAphI,kAphI,kAphI,kAphI,kAphI
india,Hindi,Married,Male,Rural,IN-UP Uttar Pradesh,25-34,Middle,Working class,5,1,5,3,2,"paryAvaraNa saMrakShaNa ko prAthamikatA dI jAnI chAhie, bhale hI isase Arthika vikAsa dhImA ho jAe aura kuCha naukariyAM khatma ho jAeM|",hA.N,hamAre shaharoM aura grAmINa ilAkoM ko aura adhika suMdara banAne kA prayAsa,mahatvapUrNa sarakArI nirNayoM meM logoM kI adhika bhAgIdArI sunishchita karanA,6,7,5,9,7,2,2,mahatvapUrNa,1,hameshA nyAyochita,5,1,1,1,2,2,mahatvapUrNa,bahuta zarUrI,mahatvapUrNa,mahatvapUrNa,mahatvapUrNa,mahatvapUrNa,kAphI burA,bahuta achChA,bahuta achChA,bahuta achChA,mahatvapUrNa,5,7,7,5,6,2,3,mahatvapUrNa,4,6,kAphI sammAna,kAphI garva hai,mahatvapUrNa,pUrI taraha sahamata,sahamata,bahuta zarUrI,pUrI taraha sahamata,asahamata,sahamata,nA to sahamata nA hI asahamata,pUrI taraha sahamata,bahuta zarUrI,achI bAta hai,achI bAta hai,achI bAta hai,balki mahatvapUrNa,kuCha hada taka bharosA kareM,kuCha hada taka bharosA kareM,bahuta zarUrI,kuCha hada taka bharosA kareM,kuCha hada taka bharosA kareM,kuCha hada taka bharosA kareM,kuCha hada taka bharosA kareM,kAphI,kAphI,kAphI,kAphI,kAphI,kAphI,kAphI,kAphI,kAphI,kAphI,kAphI,kAphI,kAphI,kAphI,kAphI,kAphI
india,Hindi,Married,Male,Rural,IN-UP Uttar Pradesh,35-44,Lower,Working class,5,1,5,3,2,"paryAvaraNa saMrakShaNa ko prAthamikatA dI jAnI chAhie, bhale hI isase Arthika vikAsa dhImA ho jAe aura kuCha naukariyAM khatma ho jAeM|",hA.N,hamAre shaharoM aura grAmINa ilAkoM ko aura adhika suMdara banAne kA prayAsa,mahatvapUrNa sarakArI nirNayoM meM logoM kI adhika bhAgIdArI sunishchita karanA,6,7,5,9,7,2,2,mahatvapUrNa,1,hameshA nyAyochita,5,1,1,1,2,2,mahatvapUrNa,bahuta zarUrI,mahatvapUrNa,mahatvapUrNa,mahatvapUrNa,mahatvapUrNa,kAphI burA,bahuta achChA,bahuta achChA,bahuta achChA,mahatvapUrNa,7,7,7,5,6,2,3,mahatvapUrNa,4,6,kAphI sammAna,kAphI garva hai,mahatvapUrNa,pUrI taraha sahamata,sahamata,bahuta zarUrI,pUrI taraha sahamata,asahamata,sahamata,nA to sahamata nA hI asahamata,sahamata,bahuta zarUrI,achI bAta hai,achI bAta hai,achI bAta hai,balki mahatvapUrNa,kuCha hada taka bharosA kareM,kuCha hada taka bharosA kareM,bahuta zarUrI,kuCha hada taka bharosA kareM,kuCha hada taka bharosA kareM,kuCha hada taka bharosA kareM,kuCha hada taka bharosA kareM,kAphI,kAphI,kAphI,kAphI,kAphI,kAphI,kAphI,kAphI,kAphI,kAphI,kAphI,kAphI,kAphI,kAphI,kAphI,kAphI
india,Hindi,Married,Male,Rural,IN-UP Uttar Pradesh,35-44,Middle,Lower middle class,5,1,5,3,2,"paryAvaraNa saMrakShaNa ko prAthamikatA dI jAnI chAhie, bhale hI isase Arthika vikAsa dhImA ho jAe aura kuCha naukariyAM khatma ho jAeM|",hA.N,hamAre shaharoM aura grAmINa ilAkoM ko aura adhika suMdara banAne kA prayAsa,mahatvapUrNa sarakArI nirNayoM meM logoM kI adhika bhAgIdArI sunishchita karanA,6,7,5,9,7,2,2,mahatvapUrNa,1,kabhI bhI nyAyochita nahIM,5,1,1,1,2,2,mahatvapUrNa,bahuta zarUrI,mahatvapUrNa,mahatvapUrNa nahIM,mahatvapUrNa nahIM,mahatvapUrNa,kAphI burA,bahuta achChA,bahuta achChA,bahuta achChA,mahatvapUrNa,5,7,7,5,6,2,3,mahatvapUrNa,4,7,kAphI sammAna,kAphI garva hai,mahatvapUrNa,pUrI taraha sahamata,sahamata,bahuta zarUrI,pUrI taraha sahamata,asahamata,sahamata,nA to sahamata nA hI asahamata,pUrI taraha sahamata,bahuta zarUrI,achI bAta hai,achI bAta hai,burA mata mAnanA,balki mahatvapUrNa,kuCha hada taka bharosA kareM,kuCha hada taka bharosA kareM,bahuta zarUrI,kuCha hada taka bharosA kareM,kuCha hada taka bharosA kareM,kuCha hada taka bharosA kareM,kuCha hada taka bharosA kareM,kAphI,kAphI,kAphI,kAphI,kAphI,kAphI,kAphI,kAphI,kAphI,kAphI,kAphI,kAphI,kAphI,kAphI,kAphI,kAphI
india,Hindi,Married,Male,Rural,IN-UP Uttar Pradesh,45-54,Middle,Lower middle class,5,1,5,3,2,"paryAvaraNa saMrakShaNa ko prAthamikatA dI jAnI chAhie, bhale hI isase Arthika vikAsa dhImA ho jAe aura kuCha naukariyAM khatma ho jAeM|",hA.N,hamAre shaharoM aura grAmINa ilAkoM ko aura adhika suMdara banAne kA prayAsa,mahatvapUrNa sarakArI nirNayoM meM logoM kI adhika bhAgIdArI sunishchita karanA,6,7,5,9,7,2,2,mahatvapUrNa,1,kabhI bhI nyAyochita nahIM,5,1,1,1,1,2,mahatvapUrNa,bahuta zarUrI,mahatvapUrNa,mahatvapUrNa nahIM,mahatvapUrNa nahIM,mahatvapUrNa,kAphI burA,bahuta achChA,bahuta achChA,bahuta achChA,mahatvapUrNa,5,7,7,5,6,2,3,mahatvapUrNa,4,6,kAphI sammAna,kAphI garva hai,mahatvapUrNa,pUrI taraha sahamata,sahamata,bahuta zarUrI,pUrI taraha sahamata,asahamata,sahamata,nA to sahamata nA hI asahamata,pUrI taraha sahamata,bahuta zarUrI,achI bAta hai,achI bAta hai,achI bAta hai,balki mahatvapUrNa,kuCha hada taka bharosA kareM,kuCha hada taka bharosA kareM,bahuta zarUrI,kuCha hada taka bharosA kareM,kuCha hada taka bharosA kareM,kuCha hada taka bharosA kareM,kuCha hada taka bharosA kareM,kAphI,kAphI,kAphI,kAphI,kAphI,kAphI,kAphI,kAphI,kAphI,kAphI,kAphI,kAphI,kAphI,kAphI,kAphI,kAphI
india,Hindi,Married,Male,Rural,IN-UP Uttar Pradesh,45-54,Middle,Upper middle class,5,1,5,3,2,"paryAvaraNa saMrakShaNa ko prAthamikatA dI jAnI chAhie, bhale hI isase Arthika vikAsa dhImA ho jAe aura kuCha naukariyAM khatma ho jAeM|",hA.N,hamAre shaharoM aura grAmINa ilAkoM ko aura adhika suMdara banAne kA prayAsa,mahatvapUrNa sarakArI nirNayoM meM logoM kI adhika bhAgIdArI sunishchita karanA,6,7,5,9,10,2,2,mahatvapUrNa,1,hameshA nyAyochita,5,1,1,1,2,2,mahatvapUrNa,bahuta zarUrI,mahatvapUrNa,mahatvapUrNa,mahatvapUrNa,mahatvapUrNa,kAphI burA,bahuta achChA,bahuta achChA,bahuta achChA,mahatvapUrNa,7,7,7,5,6,2,3,mahatvapUrNa,4,6,kAphI sammAna,kAphI garva hai,mahatvapUrNa,pUrI taraha sahamata,sahamata,bahuta zarUrI,pUrI taraha sahamata,asahamata,pUrI taraha sahamata,asahamata,pUrI taraha sahamata,bahuta zarUrI,achI bAta hai,achI bAta hai,achI bAta hai,balki mahatvapUrNa,kuCha hada taka bharosA kareM,kuCha hada taka bharosA kareM,bahuta zarUrI,kuCha hada taka bharosA kareM,kuCha hada taka bharosA kareM,kuCha hada taka bharosA kareM,kuCha hada taka bharosA kareM,kAphI,kAphI,kAphI,kAphI,kAphI,kAphI,kAphI,kAphI,kAphI,kAphI,kAphI,kAphI,kAphI,kAphI,kAphI,kAphI
india,Hindi,Married,Male,Rural,IN-UP Uttar Pradesh,45-54,Middle,Working class,5,1,5,3,2,"paryAvaraNa saMrakShaNa ko prAthamikatA dI jAnI chAhie, bhale hI isase Arthika vikAsa dhImA ho jAe aura kuCha naukariyAM khatma ho jAeM|",hA.N,hamAre shaharoM aura grAmINa ilAkoM ko aura adhika suMdara banAne kA prayAsa,mahatvapUrNa sarakArI nirNayoM meM logoM kI adhika bhAgIdArI sunishchita karanA,6,7,5,9,7,2,2,mahatvapUrNa,1,hameshA nyAyochita,5,1,1,1,1,2,mahatvapUrNa,bahuta zarUrI,mahatvapUrNa,mahatvapUrNa,mahatvapUrNa,mahatvapUrNa,kAphI burA,bahuta achChA,bahuta achChA,bahuta achChA,mahatvapUrNa,5,7,7,5,6,2,3,mahatvapUrNa,4,6,kAphI sammAna,kAphI garva hai,mahatvapUrNa,pUrI taraha sahamata,sahamata,bahuta zarUrI,pUrI taraha sahamata,asahamata,sahamata,nA to sahamata nA hI asahamata,pUrI taraha sahamata,bahuta zarUrI,achI bAta hai,achI bAta hai,achI bAta hai,balki mahatvapUrNa,kuCha hada taka bharosA kareM,kuCha hada taka bharosA kareM,bahuta zarUrI,kuCha hada taka bharosA kareM,kuCha hada taka bharosA kareM,kuCha hada taka bharosA kareM,kuCha hada taka bharosA kareM,kAphI,kAphI,kAphI,kAphI,kAphI,kAphI,kAphI,kAphI,kAphI,kAphI,kAphI,kAphI,kAphI,kAphI,kAphI,kAphI
india,Hindi,Married,Male,Rural,IN-UP Uttar Pradesh,55-64,Lower,Working class,5,1,5,3,2,"paryAvaraNa saMrakShaNa ko prAthamikatA dI jAnI chAhie, bhale hI isase Arthika vikAsa dhImA ho jAe aura kuCha naukariyAM khatma ho jAeM|",hA.N,hamAre shaharoM aura grAmINa ilAkoM ko aura adhika suMdara banAne kA prayAsa,mahatvapUrNa sarakArI nirNayoM meM logoM kI adhika bhAgIdArI sunishchita karanA,6,7,5,9,10,2,5,mahatvapUrNa,1,hameshA nyAyochita,5,1,1,1,2,2,mahatvapUrNa,bahuta zarUrI,mahatvapUrNa,mahatvapUrNa nahIM,mahatvapUrNa nahIM,mahatvapUrNa,kAphI burA,bahuta achChA,bahuta achChA,bahuta achChA,mahatvapUrNa,7,7,7,5,6,2,3,mahatvapUrNa,4,6,kAphI sammAna,kAphI garva hai,mahatvapUrNa,pUrI taraha sahamata,sahamata,bahuta zarUrI,pUrI taraha sahamata,asahamata,pUrI taraha sahamata,asahamata,pUrI taraha sahamata,bahuta zarUrI,achI bAta hai,achI bAta hai,achI bAta hai,balki mahatvapUrNa,kuCha hada taka bharosA kareM,kuCha hada taka bharosA kareM,bahuta zarUrI,kuCha hada taka bharosA kareM,kuCha hada taka bharosA kareM,kuCha hada taka bharosA kareM,kuCha hada taka bharosA kareM,kAphI,kAphI,kAphI,kAphI,kAphI,kAphI,kAphI,kAphI,kAphI,kAphI,kAphI,kAphI,kAphI,kAphI,kAphI,kAphI
india,Hindi,Single,Female,Urban,IN-UP Uttar Pradesh,16-24,Middle,Lower middle class,5,1,5,3,2,"paryAvaraNa saMrakShaNa ko prAthamikatA dI jAnI chAhie, bhale hI isase Arthika vikAsa dhImA ho jAe aura kuCha naukariyAM khatma ho jAeM|",hA.N,hamAre shaharoM aura grAmINa ilAkoM ko aura adhika suMdara banAne kA prayAsa,mahatvapUrNa sarakArI nirNayoM meM logoM kI adhika bhAgIdArI sunishchita karanA,6,7,5,9,7,2,2,mahatvapUrNa,3,kabhI bhI nyAyochita nahIM,3,1,1,1,2,1,mahatvapUrNa,bahuta zarUrI,mahatvapUrNa,mahatvapUrNa,mahatvapUrNa,mahatvapUrNa,kAphI burA,bahuta achChA,bahuta achChA,bahuta achChA,mahatvapUrNa,10,7,7,5,6,2,3,mahatvapUrNa,2,6,kAphI sammAna,kAphI garva hai,mahatvapUrNa,pUrI taraha sahamata,sahamata,bahuta zarUrI,pUrI taraha sahamata,asahamata,sahamata,nA to sahamata nA hI asahamata,pUrI taraha sahamata,bahuta zarUrI,achI bAta hai,achI bAta hai,achI bAta hai,bahuta zarUrI,kuCha hada taka bharosA kareM,kuCha hada taka bharosA kareM,bahuta zarUrI,kuCha hada taka bharosA kareM,kuCha hada taka bharosA kareM,kuCha hada taka bharosA kareM,kuCha hada taka bharosA kareM,kAphI,kAphI,kAphI,kAphI,kAphI,kAphI,kAphI,kAphI,bilkula bhI nahIM,kAphI,kAphI,kAphI,kAphI,kAphI,kAphI,kAphI
india,Hindi,Single,Male,Urban,IN-UP Uttar Pradesh,16-24,Higher,Lower middle class,7,1,5,3,2,"paryAvaraNa saMrakShaNa ko prAthamikatA dI jAnI chAhie, bhale hI isase Arthika vikAsa dhImA ho jAe aura kuCha naukariyAM khatma ho jAeM|",hA.N,hamAre shaharoM aura grAmINa ilAkoM ko aura adhika suMdara banAne kA prayAsa,mahatvapUrNa sarakArI nirNayoM meM logoM kI adhika bhAgIdArI sunishchita karanA,6,7,5,9,6,2,2,mahatvapUrNa,3,hameshA nyAyochita,5,1,1,1,2,1,mahatvapUrNa,bahuta zarUrI,mahatvapUrNa,mahatvapUrNa,mahatvapUrNa,mahatvapUrNa,kAphI burA,bahuta achChA,bahuta achChA,bahuta achChA,mahatvapUrNa,5,7,7,5,6,2,3,mahatvapUrNa,2,6,kAphI sammAna,kAphI garva hai,mahatvapUrNa,pUrI taraha sahamata,sahamata,bahuta zarUrI,pUrI taraha sahamata,asahamata,sahamata,nA to sahamata nA hI asahamata,pUrI taraha sahamata,bahuta zarUrI,achI bAta hai,achI bAta hai,achI bAta hai,bahuta zarUrI,kuCha hada taka bharosA kareM,kuCha hada taka bharosA kareM,bahuta zarUrI,kuCha hada taka bharosA kareM,kuCha hada taka bharosA kareM,kuCha hada taka bharosA kareM,kuCha hada taka bharosA kareM,kAphI,kAphI,kAphI,kAphI,kAphI,kAphI,kAphI,kAphI,kAphI,kAphI,kAphI,kAphI,kAphI,kAphI,kAphI,kAphI
india,Hindi,Single,Male,Urban,IN-UP Uttar Pradesh,16-24,Lower,Lower class,7,1,5,3,2,"paryAvaraNa saMrakShaNa ko prAthamikatA dI jAnI chAhie, bhale hI isase Arthika vikAsa dhImA ho jAe aura kuCha naukariyAM khatma ho jAeM|",hA.N,hamAre shaharoM aura grAmINa ilAkoM ko aura adhika suMdara banAne kA prayAsa,mahatvapUrNa sarakArI nirNayoM meM logoM kI adhika bhAgIdArI sunishchita karanA,6,7,5,9,7,2,2,mahatvapUrNa,1,kabhI bhI nyAyochita nahIM,3,1,1,1,1,1,mahatvapUrNa,bahuta zarUrI,mahatvapUrNa,mahatvapUrNa nahIM,mahatvapUrNa nahIM,mahatvapUrNa nahIM,kAphI burA,bahuta achChA,kAphI achChA,bahuta achChA,mahatvapUrNa,10,3,6,3,6,2,3,mahatvapUrNa,2,2,kAphI sammAna,kAphI garva hai,mahatvapUrNa,pUrI taraha sahamata,sahamata,bahuta zarUrI,pUrI taraha sahamata,asahamata,sahamata,nA to sahamata nA hI asahamata,pUrI taraha sahamata,bahuta zarUrI,achI bAta hai,achI bAta hai,burA mata mAnanA,bahuta mahatvapUrNa nahIM,kuCha hada taka bharosA kareM,kuCha hada taka bharosA kareM,bahuta zarUrI,kuCha hada taka bharosA kareM,kuCha hada taka bharosA kareM,kuCha hada taka bharosA kareM,kuCha hada taka bharosA kareM,kAphI,kAphI,kAphI,kAphI,kAphI,kAphI,kAphI,kAphI,bilkula bhI nahIM,kAphI,kAphI,kAphI,kAphI,kAphI,kAphI,kAphI
india,Hindi,Single,Male,Urban,IN-UP Uttar Pradesh,16-24,Middle,Lower class,5,1,5,3,2,"paryAvaraNa saMrakShaNa ko prAthamikatA dI jAnI chAhie, bhale hI isase Arthika vikAsa dhImA ho jAe aura kuCha naukariyAM khatma ho jAeM|",hA.N,hamAre shaharoM aura grAmINa ilAkoM ko aura adhika suMdara banAne kA prayAsa,mahatvapUrNa sarakArI nirNayoM meM logoM kI adhika bhAgIdArI sunishchita karanA,6,7,5,9,7,2,2,mahatvapUrNa,1,kabhI bhI nyAyochita nahIM,3,1,1,1,1,2,mahatvapUrNa,bahuta zarUrI,mahatvapUrNa,mahatvapUrNa nahIM,mahatvapUrNa nahIM,mahatvapUrNa nahIM,kAphI burA,bahuta achChA,kAphI achChA,bahuta achChA,mahatvapUrNa,10,7,7,5,6,2,3,mahatvapUrNa,2,2,kAphI sammAna,kAphI garva hai,mahatvapUrNa,pUrI taraha sahamata,sahamata,bahuta zarUrI,pUrI taraha sahamata,asahamata,sahamata,nA to sahamata nA hI asahamata,pUrI taraha sahamata,bahuta zarUrI,achI bAta hai,achI bAta hai,burA mata mAnanA,bahuta mahatvapUrNa nahIM,kuCha hada taka bharosA kareM,kuCha hada taka bharosA kareM,bahuta zarUrI,kuCha hada taka bharosA kareM,kuCha hada taka bharosA kareM,kuCha hada taka bharosA kareM,kuCha hada taka bharosA kareM,kAphI,kAphI,kAphI,kAphI,kAphI,kAphI,kAphI,kAphI,bilkula bhI nahIM,bahuta zyAdA nahIM,kAphI,kAphI,kAphI,kAphI,kAphI,kAphI
india,Hindi,Single,Male,Urban,IN-UP Uttar Pradesh,16-24,Middle,Lower middle class,5,1,5,3,2,"paryAvaraNa saMrakShaNa ko prAthamikatA dI jAnI chAhie, bhale hI isase Arthika vikAsa dhImA ho jAe aura kuCha naukariyAM khatma ho jAeM|",hA.N,hamAre shaharoM aura grAmINa ilAkoM ko aura adhika suMdara banAne kA prayAsa,mahatvapUrNa sarakArI nirNayoM meM logoM kI adhika bhAgIdArI sunishchita karanA,6,7,5,9,7,2,2,mahatvapUrNa,3,hameshA nyAyochita,5,1,1,1,1,2,mahatvapUrNa,bahuta zarUrI,mahatvapUrNa,mahatvapUrNa,mahatvapUrNa,mahatvapUrNa,kAphI burA,bahuta achChA,bahuta achChA,bahuta achChA,mahatvapUrNa,5,7,7,5,6,2,3,mahatvapUrNa,2,6,kAphI sammAna,kAphI garva hai,mahatvapUrNa,pUrI taraha sahamata,sahamata,bahuta zarUrI,pUrI taraha sahamata,asahamata,sahamata,nA to sahamata nA hI asahamata,pUrI taraha sahamata,bahuta zarUrI,achI bAta hai,achI bAta hai,achI bAta hai,bahuta zarUrI,kuCha hada taka bharosA kareM,kuCha hada taka bharosA kareM,bahuta zarUrI,kuCha hada taka bharosA kareM,kuCha hada taka bharosA kareM,kuCha hada taka bharosA kareM,kuCha hada taka bharosA kareM,kAphI,kAphI,kAphI,kAphI,kAphI,kAphI,kAphI,kAphI,bilkula bhI nahIM,bahuta zyAdA nahIM,kAphI,kAphI,kAphI,kAphI,kAphI,kAphI
india,Hindi,Single,Male,Urban,IN-UP Uttar Pradesh,16-24,Middle,Working class,5,1,5,3,2,"paryAvaraNa saMrakShaNa ko prAthamikatA dI jAnI chAhie, bhale hI isase Arthika vikAsa dhImA ho jAe aura kuCha naukariyAM khatma ho jAeM|",hA.N,hamAre shaharoM aura grAmINa ilAkoM ko aura adhika suMdara banAne kA prayAsa,mahatvapUrNa sarakArI nirNayoM meM logoM kI adhika bhAgIdArI sunishchita karanA,6,7,5,9,7,2,2,mahatvapUrNa,1,hameshA nyAyochita,5,1,1,1,2,1,mahatvapUrNa,bahuta zarUrI,mahatvapUrNa,mahatvapUrNa,mahatvapUrNa,mahatvapUrNa,kAphI burA,bahuta achChA,bahuta achChA,bahuta achChA,mahatvapUrNa,5,7,7,5,6,2,3,mahatvapUrNa,2,6,kAphI sammAna,kAphI garva hai,mahatvapUrNa,pUrI taraha sahamata,sahamata,bahuta zarUrI,pUrI taraha sahamata,asahamata,sahamata,nA to sahamata nA hI asahamata,pUrI taraha sahamata,bahuta zarUrI,achI bAta hai,achI bAta hai,achI bAta hai,bahuta zarUrI,kuCha hada taka bharosA kareM,kuCha hada taka bharosA kareM,bahuta zarUrI,kuCha hada taka bharosA kareM,kuCha hada taka bharosA kareM,kuCha hada taka bharosA kareM,kuCha hada taka bharosA kareM,kAphI,kAphI,kAphI,kAphI,kAphI,kAphI,kAphI,kAphI,kAphI,kAphI,kAphI,kAphI,kAphI,kAphI,kAphI,kAphI
india,Hindi,Married,Male,Urban,IN-UP Uttar Pradesh,35-44,Middle,Lower middle class,5,1,5,3,2,"paryAvaraNa saMrakShaNa ko prAthamikatA dI jAnI chAhie, bhale hI isase Arthika vikAsa dhImA ho jAe aura kuCha naukariyAM khatma ho jAeM|",hA.N,hamAre shaharoM aura grAmINa ilAkoM ko aura adhika suMdara banAne kA prayAsa,mahatvapUrNa sarakArI nirNayoM meM logoM kI adhika bhAgIdArI sunishchita karanA,6,7,5,9,7,2,2,mahatvapUrNa,1,hameshA nyAyochita,5,1,1,1,2,2,mahatvapUrNa,bahuta zarUrI,mahatvapUrNa,mahatvapUrNa,mahatvapUrNa,mahatvapUrNa,kAphI burA,bahuta achChA,bahuta achChA,bahuta achChA,mahatvapUrNa,5,7,7,5,6,2,3,mahatvapUrNa,4,6,kAphI sammAna,kAphI garva hai,mahatvapUrNa,pUrI taraha sahamata,sahamata,bahuta zarUrI,pUrI taraha sahamata,asahamata,sahamata,nA to sahamata nA hI asahamata,sahamata,bahuta zarUrI,achI bAta hai,achI bAta hai,achI bAta hai,balki mahatvapUrNa,kuCha hada taka bharosA kareM,kuCha hada taka bharosA kareM,bahuta zarUrI,kuCha hada taka bharosA kareM,kuCha hada taka bharosA kareM,kuCha hada taka bharosA kareM,kuCha hada taka bharosA kareM,kAphI,kAphI,kAphI,kAphI,kAphI,kAphI,kAphI,kAphI,kAphI,kAphI,kAphI,kAphI,kAphI,kAphI,kAphI,kAphI
india,Hindi,Married,Male,Urban,IN-UP Uttar Pradesh,35-44,Middle,Working class,5,1,6,7,2,"paryAvaraNa saMrakShaNa ko prAthamikatA dI jAnI chAhie, bhale hI isase Arthika vikAsa dhImA ho jAe aura kuCha naukariyAM khatma ho jAeM|",hA.N,hamAre shaharoM aura grAmINa ilAkoM ko aura adhika suMdara banAne kA prayAsa,mahatvapUrNa sarakArI nirNayoM meM logoM kI adhika bhAgIdArI sunishchita karanA,6,7,5,9,7,2,2,mahatvapUrNa,1,hameshA nyAyochita,5,1,1,1,2,2,mahatvapUrNa,bahuta zarUrI,mahatvapUrNa,mahatvapUrNa,mahatvapUrNa,mahatvapUrNa,kAphI burA,bahuta achChA,bahuta achChA,bahuta achChA,mahatvapUrNa,5,7,7,5,6,2,3,mahatvapUrNa,4,6,kAphI sammAna,kAphI garva hai,mahatvapUrNa,pUrI taraha sahamata,sahamata,bahuta zarUrI,pUrI taraha sahamata,asahamata,sahamata,nA to sahamata nA hI asahamata,sahamata,bahuta zarUrI,achI bAta hai,achI bAta hai,achI bAta hai,balki mahatvapUrNa,kuCha hada taka bharosA kareM,kuCha hada taka bharosA kareM,bahuta zarUrI,kuCha hada taka bharosA kareM,kuCha hada taka bharosA kareM,kuCha hada taka bharosA kareM,kuCha hada taka bharosA kareM,kAphI,kAphI,kAphI,kAphI,kAphI,kAphI,kAphI,kAphI,kAphI,kAphI,kAphI,kAphI,kAphI,kAphI,kAphI,kAphI
india,Hindi,Married,Male,Urban,IN-UP Uttar Pradesh,45-54,Middle,Lower middle class,5,1,5,3,2,"paryAvaraNa saMrakShaNa ko prAthamikatA dI jAnI chAhie, bhale hI isase Arthika vikAsa dhImA ho jAe aura kuCha naukariyAM khatma ho jAeM|",hA.N,hamAre shaharoM aura grAmINa ilAkoM ko aura adhika suMdara banAne kA prayAsa,mahatvapUrNa sarakArI nirNayoM meM logoM kI adhika bhAgIdArI sunishchita karanA,6,7,5,9,7,2,2,mahatvapUrNa,1,hameshA nyAyochita,5,1,1,1,2,2,mahatvapUrNa,bahuta zarUrI,mahatvapUrNa,mahatvapUrNa,mahatvapUrNa,mahatvapUrNa,kAphI burA,bahuta achChA,bahuta achChA,bahuta achChA,mahatvapUrNa,5,7,7,5,6,2,3,mahatvapUrNa,4,6,kAphI sammAna,kAphI garva hai,mahatvapUrNa,pUrI taraha sahamata,sahamata,bahuta zarUrI,pUrI taraha sahamata,asahamata,sahamata,nA to sahamata nA hI asahamata,pUrI taraha sahamata,bahuta zarUrI,achI bAta hai,achI bAta hai,achI bAta hai,balki mahatvapUrNa,kuCha hada taka bharosA kareM,kuCha hada taka bharosA kareM,bahuta zarUrI,kuCha hada taka bharosA kareM,kuCha hada taka bharosA kareM,kuCha hada taka bharosA kareM,kuCha hada taka bharosA kareM,kAphI,kAphI,kAphI,kAphI,kAphI,kAphI,kAphI,kAphI,kAphI,kAphI,kAphI,kAphI,kAphI,kAphI,kAphI,kAphI
