country,language,marital_status,gender,urban_rural,region,age,education_level,social_class,year,Q106,Q107,Q108,Q109,Q110,Q111,Q151,Q152,Q154,Q158,Q159,Q160,Q163,Q164,Q177,Q178,Q18,Q180,Q181,Q182,Q183,Q184,Q185,Q187,Q189,Q19,Q2,Q20,Q21,Q22,Q23,Q235,Q236,Q237,Q238,Q24,Q241,Q242,Q243,Q244,Q245,Q246,Q249,Q25,Q250,Q251,Q253,Q254,Q26,Q27,Q29,Q3,Q30,Q31,Q32,Q33,Q34,Q4,Q43,Q44,Q45,Q5,Q58,Q59,Q6,Q60,Q61,Q62,Q63,Q64,Q65,Q66,Q67,Q68,Q69,Q70,Q71,Q72,Q73,Q74,Q77,Q79,Q80,Q81,Q83
India,Hindi,Single,Female,Rural,IN-BR Bihar,16-24,Higher,Lower middle class,2022,7,3,4,4,4,No answer,हाँ,No answer,No answer,No answer,No answer,7,3,No answer,2,7,महत्वपूर्ण,3,कभी भी न्यायोचित नहीं,1,No answer,1,1,No answer,No answer,महत्वपूर्ण,बल्कि महत्वपूर्ण,महत्वपूर्ण,महत्वपूर्ण,महत्वपूर्ण,महत्वपूर्ण,No answer,काफी अच्छा,No answer,No answer,महत्वपूर्ण,8,7,9,4,1,4,4,महत्वपूर्ण,4,1,व्यक्तिगत मानवाधिकारों के प्रति अत्यधिक सम्मान,काफी गर्व है,महत्वपूर्ण,पूरी तरह सहमत,No answer,बल्कि महत्वपूर्ण,पूरी तरह सहमत,पूरी तरह सहमत,No answer,पूरी तरह सहमत,No answer,बहुत ज़रूरी,अची बात है,अची बात है,No answer,बल्कि महत्वपूर्ण,पूरी तरह से भरोसा करें,कुछ हद तक भरोसा करें,बहुत ज़रूरी,पूरी तरह से भरोसा करें,कुछ हद तक भरोसा करें,कुछ हद तक भरोसा करें,पूरी तरह से भरोसा करें,काफी,बहुत बड़ा,काफी,काफी,बहुत बड़ा,काफी,काफी,काफी,काफी,काफी,बहुत बड़ा,काफी,काफी,बहुत बड़ा,काफी,काफी
India,Hindi,Single,Female,Rural,IN-BR Bihar,16-24,Middle,Lower middle class,2022,7,3,4,4,4,"पर्यावरण संरक्षण को प्राथमिकता दी जानी चाहिए, भले ही इससे आर्थिक विकास धीमा हो जाए और कुछ नौकरियां खत्म हो जाएं।",No answer,No answer,राष्ट्र में व्यवस्था बनाए रखना,5,No answer,7,3,No answer,2,7,महत्वपूर्ण,3,कभी भी न्यायोचित नहीं,1,No answer,1,1,No answer,2,महत्वपूर्ण,बहुत ज़रूरी,महत्वपूर्ण,महत्वपूर्ण,महत्वपूर्ण,महत्वपूर्ण,No answer,काफी अच्छा,No answer,No answer,महत्वपूर्ण,8,7,9,4,1,5,4,महत्वपूर्ण,4,No answer,व्यक्तिगत मानवाधिकारों के प्रति अत्यधिक सम्मान,काफी गर्व है,महत्वपूर्ण,पूरी तरह सहमत,पूरी तरह सहमत,बल्कि महत्वपूर्ण,सहमत,पूरी तरह सहमत,पूरी तरह सहमत,पूरी तरह सहमत,पूरी तरह सहमत,बल्कि महत्वपूर्ण,अची बात है,अची बात है,No answer,बहुत ज़रूरी,पूरी तरह से भरोसा करें,पूरी तरह से भरोसा करें,बहुत ज़रूरी,पूरी तरह से भरोसा करें,पूरी तरह से भरोसा करें,पूरी तरह से भरोसा करें,कुछ हद तक भरोसा करें,काफी,काफी,काफी,काफी,बहुत बड़ा,बहुत बड़ा,बहुत बड़ा,काफी,बहुत बड़ा,काफी,बहुत बड़ा,काफी,काफी,काफी,काफी,काफी
India,Hindi,Married,Female,Rural,IN-BR Bihar,25-34,Higher,Lower middle class,2022,7,2,4,4,4,"पर्यावरण संरक्षण को प्राथमिकता दी जानी चाहिए, भले ही इससे आर्थिक विकास धीमा हो जाए और कुछ नौकरियां खत्म हो जाएं।",हाँ,आर्थिक विकास का उच्च स्तर,No answer,5,7,7,3,No answer,2,7,महत्वपूर्ण,3,हमेशा न्यायोचित,1,No answer,1,1,No answer,2,महत्वपूर्ण,बल्कि महत्वपूर्ण,महत्वपूर्ण,महत्वपूर्ण,महत्वपूर्ण,महत्वपूर्ण,No answer,काफी अच्छा,No answer,काफी अच्छा,महत्वपूर्ण,8,7,9,4,1,5,4,महत्वपूर्ण,4,1,व्यक्तिगत मानवाधिकारों के प्रति अत्यधिक सम्मान,काफी गर्व है,महत्वपूर्ण,पूरी तरह सहमत,पूरी तरह सहमत,बल्कि महत्वपूर्ण,सहमत,No answer,पूरी तरह सहमत,सहमत,पूरी तरह सहमत,बल्कि महत्वपूर्ण,अची बात है,अची बात है,अची बात है,बहुत ज़रूरी,पूरी तरह से भरोसा करें,पूरी तरह से भरोसा करें,बहुत ज़रूरी,पूरी तरह से भरोसा करें,पूरी तरह से भरोसा करें,पूरी तरह से भरोसा करें,पूरी तरह से भरोसा करें,काफी,काफी,काफी,काफी,बहुत बड़ा,बहुत बड़ा,बहुत बड़ा,काफी,काफी,काफी,बहुत बड़ा,काफी,काफी,काफी,काफी,काफी
India,Hindi,Married,Female,Rural,IN-BR Bihar,45-54,Middle,Lower middle class,2022,7,1,4,4,4,"पर्यावरण संरक्षण को प्राथमिकता दी जानी चाहिए, भले ही इससे आर्थिक विकास धीमा हो जाए और कुछ नौकरियां खत्म हो जाएं।",हाँ,यह सुनिश्चित करना कि इस देश के पास मजबूत रक्षा बल हों,राष्ट्र में व्यवस्था बनाए रखना,7,7,7,3,No answer,2,5,महत्वपूर्ण,3,कभी भी न्यायोचित नहीं,1,No answer,1,1,4,3,महत्वपूर्ण,बल्कि महत्वपूर्ण,महत्वपूर्ण,महत्वपूर्ण,महत्वपूर्ण,महत्वपूर्ण,काफी अच्छा,काफी अच्छा,No answer,काफी अच्छा,महत्वपूर्ण,8,7,4,4,3,4,4,महत्वपूर्ण,4,1,व्यक्तिगत मानवाधिकारों के प्रति अत्यधिक सम्मान,काफी गर्व है,महत्वपूर्ण,पूरी तरह सहमत,पूरी तरह सहमत,बल्कि महत्वपूर्ण,सहमत,सहमत,पूरी तरह सहमत,पूरी तरह सहमत,सहमत,बल्कि महत्वपूर्ण,अची बात है,अची बात है,अची बात है,बहुत ज़रूरी,कुछ हद तक भरोसा करें,पूरी तरह से भरोसा करें,बहुत ज़रूरी,पूरी तरह से भरोसा करें,पूरी तरह से भरोसा करें,पूरी तरह से भरोसा करें,पूरी तरह से भरोसा करें,काफी,काफी,काफी,काफी,काफी,बहुत बड़ा,बहुत बड़ा,काफी,काफी,काफी,बहुत बड़ा,काफी,काफी,काफी,काफी,काफी
India,Hindi,Single,Male,Rural,IN-BR Bihar,16-24,Middle,Lower middle class,2022,7,3,4,7,4,"पर्यावरण संरक्षण को प्राथमिकता दी जानी चाहिए, भले ही इससे आर्थिक विकास धीमा हो जाए और कुछ नौकरियां खत्म हो जाएं।",No answer,No answer,No answer,7,No answer,7,3,No answer,2,2,महत्वपूर्ण,3,कभी भी न्यायोचित नहीं,1,No answer,1,1,No answer,3,महत्वपूर्ण,बहुत ज़रूरी,महत्वपूर्ण,महत्वपूर्ण,महत्वपूर्ण,महत्वपूर्ण,No answer,काफी अच्छा,काफी अच्छा,काफी अच्छा,महत्वपूर्ण,8,7,9,4,1,3,No answer,महत्वपूर्ण,4,No answer,व्यक्तिगत मानवाधिकारों के प्रति अत्यधिक सम्मान,काफी गर्व है,महत्वपूर्ण,पूरी तरह सहमत,पूरी तरह सहमत,बल्कि महत्वपूर्ण,पूरी तरह सहमत,पूरी तरह सहमत,पूरी तरह सहमत,पूरी तरह सहमत,पूरी तरह सहमत,बल्कि महत्वपूर्ण,अची बात है,अची बात है,अची बात है,बहुत ज़रूरी,पूरी तरह से भरोसा करें,पूरी तरह से भरोसा करें,बहुत ज़रूरी,पूरी तरह से भरोसा करें,पूरी तरह से भरोसा करें,पूरी तरह से भरोसा करें,कुछ हद तक भरोसा करें,काफी,काफी,काफी,काफी,बहुत बड़ा,बहुत बड़ा,बहुत बड़ा,काफी,काफी,काफी,बहुत बड़ा,काफी,काफी,काफी,काफी,काफी
India,Hindi,Single,Male,Rural,IN-BR Bihar,16-24,Middle,Upper middle class,2022,7,1,4,7,4,"पर्यावरण संरक्षण को प्राथमिकता दी जानी चाहिए, भले ही इससे आर्थिक विकास धीमा हो जाए और कुछ नौकरियां खत्म हो जाएं।",हाँ,आर्थिक विकास का उच्च स्तर,राष्ट्र में व्यवस्था बनाए रखना,No answer,7,7,3,No answer,2,2,महत्वपूर्ण,3,हमेशा न्यायोचित,1,No answer,1,1,No answer,2,महत्वपूर्ण,बहुत ज़रूरी,महत्वपूर्ण,महत्वपूर्ण,महत्वपूर्ण,महत्वपूर्ण,No answer,काफी अच्छा,काफी अच्छा,काफी अच्छा,महत्वपूर्ण,5,7,9,4,1,3,No answer,महत्वपूर्ण,1,No answer,व्यक्तिगत मानवाधिकारों के प्रति अत्यधिक सम्मान,काफी गर्व है,महत्वपूर्ण,सहमत,पूरी तरह सहमत,बल्कि महत्वपूर्ण,सहमत,पूरी तरह सहमत,पूरी तरह सहमत,पूरी तरह सहमत,पूरी तरह सहमत,बहुत ज़रूरी,अची बात है,अची बात है,अची बात है,बहुत ज़रूरी,पूरी तरह से भरोसा करें,पूरी तरह से भरोसा करें,बहुत ज़रूरी,पूरी तरह से भरोसा करें,पूरी तरह से भरोसा करें,कुछ हद तक भरोसा करें,पूरी तरह से भरोसा करें,काफी,काफी,बहुत बड़ा,काफी,बहुत बड़ा,बहुत बड़ा,बहुत बड़ा,बहुत बड़ा,काफी,काफी,बहुत बड़ा,काफी,काफी,काफी,काफी,काफी
India,Hindi,Married,Male,Rural,IN-BR Bihar,25-34,Higher,Lower middle class,2022,7,No answer,4,4,4,"पर्यावरण संरक्षण को प्राथमिकता दी जानी चाहिए, भले ही इससे आर्थिक विकास धीमा हो जाए और कुछ नौकरियां खत्म हो जाएं।",हाँ,आर्थिक विकास का उच्च स्तर,No answer,7,7,7,3,No answer,3,7,महत्वपूर्ण,3,हमेशा न्यायोचित,No answer,No answer,1,1,No answer,2,महत्वपूर्ण,बल्कि महत्वपूर्ण,महत्वपूर्ण,No answer,महत्वपूर्ण,महत्वपूर्ण,No answer,काफी अच्छा,No answer,काफी अच्छा,महत्वपूर्ण,8,7,9,4,1,4,8,महत्वपूर्ण,4,1,व्यक्तिगत मानवाधिकारों के प्रति अत्यधिक सम्मान,काफी गर्व है,महत्वपूर्ण,पूरी तरह सहमत,पूरी तरह सहमत,बल्कि महत्वपूर्ण,सहमत,पूरी तरह सहमत,पूरी तरह सहमत,पूरी तरह सहमत,पूरी तरह सहमत,बल्कि महत्वपूर्ण,अची बात है,अची बात है,अची बात है,बहुत ज़रूरी,पूरी तरह से भरोसा करें,पूरी तरह से भरोसा करें,बहुत ज़रूरी,पूरी तरह से भरोसा करें,पूरी तरह से भरोसा करें,पूरी तरह से भरोसा करें,पूरी तरह से भरोसा करें,काफी,काफी,काफी,काफी,बहुत बड़ा,बहुत बड़ा,बहुत बड़ा,काफी,काफी,काफी,बहुत बड़ा,काफी,काफी,काफी,काफी,काफी
India,Hindi,Married,Male,Rural,IN-BR Bihar,25-34,Middle,Lower middle class,2022,7,No answer,4,7,4,"पर्यावरण संरक्षण को प्राथमिकता दी जानी चाहिए, भले ही इससे आर्थिक विकास धीमा हो जाए और कुछ नौकरियां खत्म हो जाएं।",हाँ,आर्थिक विकास का उच्च स्तर,No answer,No answer,No answer,7,3,No answer,2,7,महत्वपूर्ण,3,कभी भी न्यायोचित नहीं,1,No answer,1,1,No answer,2,महत्वपूर्ण,बहुत ज़रूरी,महत्वपूर्ण,महत्वपूर्ण,महत्वपूर्ण,महत्वपूर्ण,No answer,काफी अच्छा,No answer,काफी अच्छा,महत्वपूर्ण,8,7,9,4,1,4,8,महत्वपूर्ण,4,1,व्यक्तिगत मानवाधिकारों के प्रति अत्यधिक सम्मान,काफी गर्व है,महत्वपूर्ण,पूरी तरह सहमत,पूरी तरह सहमत,बल्कि महत्वपूर्ण,No answer,पूरी तरह सहमत,पूरी तरह सहमत,पूरी तरह सहमत,पूरी तरह सहमत,बल्कि महत्वपूर्ण,अची बात है,अची बात है,अची बात है,बहुत ज़रूरी,पूरी तरह से भरोसा करें,पूरी तरह से भरोसा करें,बहुत ज़रूरी,पूरी तरह से भरोसा करें,पूरी तरह से भरोसा करें,पूरी तरह से भरोसा करें,पूरी तरह से भरोसा करें,काफी,काफी,काफी,काफी,काफी,बहुत बड़ा,बहुत बड़ा,काफी,काफी,काफी,बहुत बड़ा,काफी,काफी,काफी,काफी,काफी
India,Hindi,Single,Male,Rural,IN-BR Bihar,25-34,Higher,Lower middle class,2022,7,No answer,4,4,4,"पर्यावरण संरक्षण को प्राथमिकता दी जानी चाहिए, भले ही इससे आर्थिक विकास धीमा हो जाए और कुछ नौकरियां खत्म हो जाएं।",No answer,No answer,राष्ट्र में व्यवस्था बनाए रखना,7,No answer,7,3,No answer,3,7,महत्वपूर्ण,3,हमेशा न्यायोचित,1,No answer,1,1,No answer,2,महत्वपूर्ण,बहुत ज़रूरी,महत्वपूर्ण,महत्वपूर्ण,महत्वपूर्ण,महत्वपूर्ण,No answer,काफी अच्छा,No answer,काफी अच्छा,महत्वपूर्ण,8,7,9,4,1,4,4,महत्वपूर्ण,1,No answer,व्यक्तिगत मानवाधिकारों के प्रति अत्यधिक सम्मान,काफी गर्व है,महत्वपूर्ण,सहमत,पूरी तरह सहमत,बल्कि महत्वपूर्ण,सहमत,सहमत,पूरी तरह सहमत,पूरी तरह सहमत,No answer,बल्कि महत्वपूर्ण,अची बात है,अची बात है,अची बात है,बहुत ज़रूरी,पूरी तरह से भरोसा करें,पूरी तरह से भरोसा करें,बहुत ज़रूरी,पूरी तरह से भरोसा करें,पूरी तरह से भरोसा करें,पूरी तरह से भरोसा करें,कुछ हद तक भरोसा करें,काफी,काफी,काफी,काफी,बहुत बड़ा,बहुत बड़ा,बहुत बड़ा,काफी,काफी,काफी,बहुत बड़ा,काफी,काफी,काफी,काफी,काफी
India,Hindi,Married,Male,Rural,IN-BR Bihar,35-44,Middle,Lower middle class,2022,7,3,1,No answer,4,"पर्यावरण संरक्षण को प्राथमिकता दी जानी चाहिए, भले ही इससे आर्थिक विकास धीमा हो जाए और कुछ नौकरियां खत्म हो जाएं।",No answer,आर्थिक विकास का उच्च स्तर,No answer,No answer,7,7,3,No answer,2,7,महत्वपूर्ण,3,कभी भी न्यायोचित नहीं,1,No answer,1,7,4,3,महत्वपूर्ण,बल्कि महत्वपूर्ण,महत्वपूर्ण,महत्वपूर्ण,महत्वपूर्ण,महत्वपूर्ण,काफी अच्छा,काफी अच्छा,काफी अच्छा,काफी अच्छा,महत्वपूर्ण,8,7,4,4,1,4,4,महत्वपूर्ण,4,1,व्यक्तिगत मानवाधिकारों के प्रति अत्यधिक सम्मान,काफी गर्व है,महत्वपूर्ण,पूरी तरह सहमत,पूरी तरह सहमत,बल्कि महत्वपूर्ण,सहमत,पूरी तरह सहमत,पूरी तरह सहमत,पूरी तरह सहमत,पूरी तरह सहमत,बल्कि महत्वपूर्ण,अची बात है,अची बात है,अची बात है,बल्कि महत्वपूर्ण,पूरी तरह से भरोसा करें,पूरी तरह से भरोसा करें,बहुत ज़रूरी,पूरी तरह से भरोसा करें,पूरी तरह से भरोसा करें,पूरी तरह से भरोसा करें,पूरी तरह से भरोसा करें,काफी,काफी,काफी,काफी,काफी,बहुत बड़ा,बहुत बड़ा,काफी,काफी,काफी,बहुत बड़ा,काफी,काफी,काफी,काफी,काफी
India,Hindi,Married,Male,Rural,IN-BR Bihar,45-54,Lower,Upper middle class,2022,7,1,1,7,4,"पर्यावरण संरक्षण को प्राथमिकता दी जानी चाहिए, भले ही इससे आर्थिक विकास धीमा हो जाए और कुछ नौकरियां खत्म हो जाएं।",हाँ (Yes),आर्थिक विकास का उच्च स्तर,No answer,7,7,7,4,No answer,3,5,महत्वपूर्ण,3,कभी भी न्यायोचित नहीं,1,No answer,1,7,4,3,महत्वपूर्ण,बहुत ज़रूरी,महत्वपूर्ण,महत्वपूर्ण,महत्वपूर्ण,महत्वपूर्ण,काफी अच्छा,काफी अच्छा,काफी अच्छा,काफी अच्छा,महत्वपूर्ण,8,7,9,4,3,4,4,महत्वपूर्ण,7,4,व्यक्तिगत मानवाधिकारों के प्रति अत्यधिक सम्मान,काफी गर्व है,महत्वपूर्ण,पूरी तरह सहमत,पूरी तरह सहमत,बल्कि महत्वपूर्ण,सहमत,पूरी तरह सहमत,पूरी तरह सहमत,पूरी तरह सहमत,पूरी तरह सहमत,बल्कि महत्वपूर्ण,अची बात है,अची बात है,अची बात है,बहुत ज़रूरी,पूरी तरह से भरोसा करें,पूरी तरह से भरोसा करें,बहुत ज़रूरी,पूरी तरह से भरोसा करें,पूरी तरह से भरोसा करें,पूरी तरह से भरोसा करें,पूरी तरह से भरोसा करें,काफी,काफी,बहुत बड़ा,काफी,काफी,बहुत बड़ा,बहुत बड़ा,बहुत बड़ा,काफी,काफी,बहुत बड़ा,काफी,काफी,काफी,काफी,काफी
India,Hindi,Married,Male,Rural,IN-BR Bihar,45-54,Middle,Lower middle class,2022,7,No answer,1,4,4,"पर्यावरण संरक्षण को प्राथमिकता दी जानी चाहिए, भले ही इससे आर्थिक विकास धीमा हो जाए और कुछ नौकरियां खत्म हो जाएं।",No answer,आर्थिक विकास का उच्च स्तर,No answer,7,7,7,3,No answer,2,5,महत्वपूर्ण,3,कभी भी न्यायोचित नहीं,1,No answer,1,7,4,3,महत्वपूर्ण,बहुत ज़रूरी,महत्वपूर्ण,महत्वपूर्ण,महत्वपूर्ण,महत्वपूर्ण,काफी अच्छा,काफी अच्छा,काफी अच्छा,काफी अच्छा,महत्वपूर्ण,8,7,4,4,3,4,4,महत्वपूर्ण,4,1,व्यक्तिगत मानवाधिकारों के प्रति अत्यधिक सम्मान,काफी गर्व है,महत्वपूर्ण,पूरी तरह सहमत,पूरी तरह सहमत,बल्कि महत्वपूर्ण,सहमत,पूरी तरह सहमत,पूरी तरह सहमत,पूरी तरह सहमत,सहमत,बल्कि महत्वपूर्ण,अची बात है,अची बात है,अची बात है,बहुत ज़रूरी,पूरी तरह से भरोसा करें,पूरी तरह से भरोसा करें,बहुत ज़रूरी,पूरी तरह से भरोसा करें,पूरी तरह से भरोसा करें,पूरी तरह से भरोसा करें,पूरी तरह से भरोसा करें,काफी,काफी,काफी,काफी,काफी,बहुत बड़ा,बहुत बड़ा,काफी,काफी,काफी,बहुत बड़ा,काफी,काफी,काफी,काफी,काफी
India,Hindi,Married,Male,Rural,IN-BR Bihar,55-64,Middle,Lower middle class,2022,7,1,1,No answer,4,"पर्यावरण संरक्षण को प्राथमिकता दी जानी चाहिए, भले ही इससे आर्थिक विकास धीमा हो जाए और कुछ नौकरियां खत्म हो जाएं।",हाँ (Yes),आर्थिक विकास का उच्च स्तर,No answer,No answer,7,7,3,No answer,2,5,महत्वपूर्ण,3,कभी भी न्यायोचित नहीं,1,No answer,1,7,4,3,महत्वपूर्ण,बहुत ज़रूरी,महत्वपूर्ण,महत्वपूर्ण,महत्वपूर्ण,महत्वपूर्ण,काफी अच्छा,काफी अच्छा,काफी अच्छा,काफी अच्छा,महत्वपूर्ण,8,7,9,4,3,4,4,महत्वपूर्ण,4,1,व्यक्तिगत मानवाधिकारों के प्रति अत्यधिक सम्मान,काफी गर्व है,महत्वपूर्ण,पूरी तरह सहमत,पूरी तरह सहमत,बल्कि महत्वपूर्ण,सहमत,पूरी तरह सहमत,पूरी तरह सहमत,पूरी तरह सहमत,पूरी तरह सहमत,बल्कि महत्वपूर्ण,अची बात है,अची बात है,अची बात है,बहुत ज़रूरी,पूरी तरह से भरोसा करें,पूरी तरह से भरोसा करें,बहुत ज़रूरी,पूरी तरह से भरोसा करें,पूरी तरह से भरोसा करें,पूरी तरह से भरोसा करें,पूरी तरह से भरोसा करें,काफी,काफी,काफी,काफी,काफी,बहुत बड़ा,बहुत बड़ा,बहुत बड़ा,काफी,काफी,बहुत बड़ा,काफी,काफी,काफी,काफी,काफी
India,Hindi,Single,Male,Urban,IN-BR Bihar,16-24,Middle,Upper middle class,2022,7,1,4,4,4,"पर्यावरण संरक्षण को प्राथमिकता दी जानी चाहिए, भले ही इससे आर्थिक विकास धीमा हो जाए और कुछ नौकरियां खत्म हो जाएं।",हाँ,आर्थिक विकास का उच्च स्तर,No answer,7,7,7,3,No answer,2,2,महत्वपूर्ण,3,हमेशा न्यायोचित,1,No answer,1,1,No answer,3,महत्वपूर्ण,बहुत ज़रूरी,महत्वपूर्ण,महत्वपूर्ण,महत्वपूर्ण,महत्वपूर्ण,बहुत अच्छा,काफी अच्छा,काफी अच्छा,काफी अच्छा,महत्वपूर्ण,5,7,5,4,1,4,No answer,महत्वपूर्ण,7,No answer,व्यक्तिगत मानवाधिकारों के प्रति अत्यधिक सम्मान,काफी गर्व है,महत्वपूर्ण,पूरी तरह सहमत,पूरी तरह सहमत,बल्कि महत्वपूर्ण,सहमत,सहमत,पूरी तरह सहमत,पूरी तरह सहमत,पूरी तरह सहमत,बल्कि महत्वपूर्ण,अची बात है,अची बात है,अची बात है,बहुत ज़रूरी,पूरी तरह से भरोसा करें,पूरी तरह से भरोसा करें,बहुत ज़रूरी,पूरी तरह से भरोसा करें,पूरी तरह से भरोसा करें,पूरी तरह से भरोसा करें,पूरी तरह से भरोसा करें,काफी,काफी,बहुत बड़ा,काफी,बहुत बड़ा,बहुत बड़ा,बहुत बड़ा,काफी,काफी,काफी,बहुत बड़ा,काफी,काफी,बहुत बड़ा,काफी,काफी
India,Hindi,Single,Female,Rural,IN-DL Delhi,16-24,Middle,Upper middle class,2022,7,1,4,4,4,No answer,हाँ,आर्थिक विकास का उच्च स्तर,No answer,No answer,7,7,3,No answer,2,2,महत्वपूर्ण,3,हमेशा न्यायोचित,1,No answer,1,1,No answer,2,महत्वपूर्ण,बहुत ज़रूरी,महत्वपूर्ण,महत्वपूर्ण,महत्वपूर्ण,महत्वपूर्ण,No answer,No answer,काफी अच्छा,No answer,महत्वपूर्ण,8,7,4,4,1,5,8,महत्वपूर्ण,4,7,व्यक्तिगत मानवाधिकारों के प्रति अत्यधिक सम्मान,काफी गर्व है,महत्वपूर्ण,सहमत,पूरी तरह सहमत,बल्कि महत्वपूर्ण,सहमत,No answer,पूरी तरह सहमत,सहमत,पूरी तरह सहमत,बल्कि महत्वपूर्ण,अची बात है,अची बात है,अची बात है,बहुत ज़रूरी,पूरी तरह से भरोसा करें,पूरी तरह से भरोसा करें,बहुत ज़रूरी,पूरी तरह से भरोसा करें,पूरी तरह से भरोसा करें,पूरी तरह से भरोसा करें,पूरी तरह से भरोसा करें,काफी,काफी,बहुत बड़ा,काफी,बहुत बड़ा,बहुत बड़ा,बहुत बड़ा,काफी,काफी,काफी,बहुत बड़ा,काफी,काफी,बहुत बड़ा,काफी,काफी
India,Hindi,Single,Female,Urban,IN-DL Delhi,16-24,Middle,Lower middle class,2022,7,1,4,4,4,"पर्यावरण संरक्षण को प्राथमिकता दी जानी चाहिए, भले ही इससे आर्थिक विकास धीमा हो जाए और कुछ नौकरियां खत्म हो जाएं।",No answer,आर्थिक विकास का उच्च स्तर,No answer,5,No answer,7,3,No answer,2,2,महत्वपूर्ण,3,कभी भी न्यायोचित नहीं,1,No answer,1,1,No answer,2,महत्वपूर्ण,बहुत ज़रूरी,महत्वपूर्ण,महत्वपूर्ण,महत्वपूर्ण,महत्वपूर्ण,No answer,काफी अच्छा,काफी अच्छा,काफी अच्छा,महत्वपूर्ण,8,7,4,4,3,5,4,महत्वपूर्ण,4,7,व्यक्तिगत मानवाधिकारों के प्रति अत्यधिक सम्मान,काफी गर्व है,महत्वपूर्ण,पूरी तरह सहमत,पूरी तरह सहमत,बल्कि महत्वपूर्ण,सहमत,No answer,पूरी तरह सहमत,सहमत,पूरी तरह सहमत,बल्कि महत्वपूर्ण,अची बात है,अची बात है,अची बात है,बहुत ज़रूरी,पूरी तरह से भरोसा करें,कुछ हद तक भरोसा करें,बहुत ज़रूरी,पूरी तरह से भरोसा करें,पूरी तरह से भरोसा करें,पूरी तरह से भरोसा करें,पूरी तरह से भरोसा करें,काफी,काफी,काफी,काफी,काफी,बहुत बड़ा,बहुत बड़ा,काफी,काफी,काफी,बहुत बड़ा,काफी,काफी,काफी,काफी,काफी
India,Hindi,Single,Female,Urban,IN-DL Delhi,16-24,Middle,Upper middle class,2022,7,1,4,4,4,No answer,हाँ,यह सुनिश्चित करना कि इस देश के पास मजबूत रक्षा बल हों,No answer,No answer,7,7,3,No answer,2,2,महत्वपूर्ण,3,हमेशा न्यायोचित,No answer,No answer,1,1,No answer,2,महत्वपूर्ण,बल्कि महत्वपूर्ण,महत्वपूर्ण,महत्वपूर्ण,महत्वपूर्ण,महत्वपूर्ण,No answer,No answer,काफी अच्छा,No answer,महत्वपूर्ण,5,7,7,4,4,3,8,महत्वपूर्ण,4,8,व्यक्तिगत मानवाधिकारों के प्रति अत्यधिक सम्मान,काफी गर्व है,महत्वपूर्ण,सहमत,पूरी तरह सहमत,बहुत ज़रूरी,सहमत,सहमत,पूरी तरह सहमत,सहमत,पूरी तरह सहमत,बहुत ज़रूरी,अची बात है,अची बात है,अची बात है,बहुत ज़रूरी,पूरी तरह से भरोसा करें,पूरी तरह से भरोसा करें,बहुत ज़रूरी,पूरी तरह से भरोसा करें,पूरी तरह से भरोसा करें,पूरी तरह से भरोसा करें,पूरी तरह से भरोसा करें,काफी,काफी,बहुत बड़ा,काफी,बहुत बड़ा,बहुत बड़ा,बहुत बड़ा,काफी,काफी,काफी,बहुत बड़ा,काफी,काफी,बहुत बड़ा,काफी,काफी
India,Hindi,Married,Female,Urban,IN-DL Delhi,25-34,Higher,Upper middle class,2022,7,1,4,4,4,"पर्यावरण संरक्षण को प्राथमिकता दी जानी चाहिए, भले ही इससे आर्थिक विकास धीमा हो जाए और कुछ नौकरियां खत्म हो जाएं।",No answer,आर्थिक विकास का उच्च स्तर,No answer,No answer,7,7,3,No answer,2,7,महत्वपूर्ण,3,हमेशा न्यायोचित,1,No answer,1,1,No answer,2,महत्वपूर्ण,बल्कि महत्वपूर्ण,महत्वपूर्ण,महत्वपूर्ण,महत्वपूर्ण,महत्वपूर्ण,No answer,No answer,No answer,काफी अच्छा,महत्वपूर्ण,7,7,7,4,4,5,4,महत्वपूर्ण,7,4,व्यक्तिगत मानवाधिकारों के प्रति अत्यधिक सम्मान,काफी गर्व है,महत्वपूर्ण,पूरी तरह सहमत,पूरी तरह सहमत,बहुत ज़रूरी,सहमत,सहमत,पूरी तरह सहमत,पूरी तरह सहमत,पूरी तरह सहमत,बहुत ज़रूरी,अची बात है,अची बात है,अची बात है,बल्कि महत्वपूर्ण,पूरी तरह से भरोसा करें,पूरी तरह से भरोसा करें,बहुत ज़रूरी,पूरी तरह से भरोसा करें,पूरी तरह से भरोसा करें,पूरी तरह से भरोसा करें,पूरी तरह से भरोसा करें,काफी,काफी,काफी,काफी,काफी,काफी,बहुत बड़ा,बहुत बड़ा,काफी,काफी,बहुत बड़ा,काफी,काफी,बहुत बड़ा,काफी,काफी
India,Hindi,Single,Male,Urban,IN-DL Delhi,16-24,Higher,Lower middle class,2022,7,1,1,No answer,4,No answer,हाँ,आर्थिक विकास का उच्च स्तर,महत्वपूर्ण सरकारी निर्णयों में लोगों की अधिक भागीदारी सुनिश्चित करना,No answer,7,7,3,No answer,2,7,महत्वपूर्ण,3,हमेशा न्यायोचित,1,No answer,1,1,No answer,3,महत्वपूर्ण,बल्कि महत्वपूर्ण,महत्वपूर्ण,No answer,महत्वपूर्ण,महत्वपूर्ण,बहुत अच्छा,काफी अच्छा,काफी अच्छा,काफी अच्छा,महत्वपूर्ण,8,7,4,4,1,5,4,महत्वपूर्ण,4,No answer,व्यक्तिगत मानवाधिकारों के प्रति अत्यधिक सम्मान,काफी गर्व है,महत्वपूर्ण,पूरी तरह सहमत,पूरी तरह सहमत,बहुत ज़रूरी,पूरी तरह सहमत,सहमत,पूरी तरह सहमत,पूरी तरह सहमत,पूरी तरह सहमत,बहुत ज़रूरी,अची बात है,अची बात है,अची बात है,बहुत ज़रूरी,पूरी तरह से भरोसा करें,कुछ हद तक भरोसा करें,बहुत ज़रूरी,पूरी तरह से भरोसा करें,पूरी तरह से भरोसा करें,पूरी तरह से भरोसा करें,पूरी तरह से भरोसा करें,काफी,काफी,काफी,काफी,काफी,बहुत बड़ा,बहुत बड़ा,काफी,काफी,काफी,बहुत बड़ा,काफी,काफी,काफी,काफी,काफी
India,Hindi,Single,Male,Urban,IN-DL Delhi,16-24,Middle,Lower middle class,2022,7,1,1,4,4,No answer,हाँ,आर्थिक विकास का उच्च स्तर,No answer,5,No answer,7,3,No answer,2,2,महत्वपूर्ण,3,कभी भी न्यायोचित नहीं,1,No answer,1,1,No answer,2,महत्वपूर्ण,बल्कि महत्वपूर्ण,महत्वपूर्ण,महत्वपूर्ण,महत्वपूर्ण,महत्वपूर्ण,No answer,काफी अच्छा,काफी अच्छा,काफी अच्छा,महत्वपूर्ण,8,7,4,4,1,5,8,महत्वपूर्ण,4,7,व्यक्तिगत मानवाधिकारों के प्रति अत्यधिक सम्मान,काफी गर्व है,महत्वपूर्ण,पूरी तरह सहमत,पूरी तरह सहमत,बहुत ज़रूरी,सहमत,पूरी तरह सहमत,पूरी तरह सहमत,पूरी तरह सहमत,पूरी तरह सहमत,बल्कि महत्वपूर्ण,अची बात है,अची बात है,अची बात है,बहुत ज़रूरी,पूरी तरह से भरोसा करें,कुछ हद तक भरोसा करें,बहुत ज़रूरी,पूरी तरह से भरोसा करें,पूरी तरह से भरोसा करें,पूरी तरह से भरोसा करें,पूरी तरह से भरोसा करें,काफी,काफी,काफी,काफी,काफी,बहुत बड़ा,बहुत बड़ा,काफी,काफी,काफी,बहुत बड़ा,काफी,काफी,काफी,काफी,काफी
India,Hindi,Single,Male,Urban,IN-DL Delhi,16-24,Middle,Upper middle class,2022,7,1,4,4,4,"पर्यावरण संरक्षण को प्राथमिकता दी जानी चाहिए, भले ही इससे आर्थिक विकास धीमा हो जाए और कुछ नौकरियां खत्म हो जाएं।",हाँ,आर्थिक विकास का उच्च स्तर,महत्वपूर्ण सरकारी निर्णयों में लोगों की अधिक भागीदारी सुनिश्चित करना,No answer,7,7,3,No answer,3,7,महत्वपूर्ण,3,हमेशा न्यायोचित,1,No answer,1,1,No answer,3,महत्वपूर्ण,बल्कि महत्वपूर्ण,महत्वपूर्ण,महत्वपूर्ण,महत्वपूर्ण,महत्वपूर्ण,बहुत अच्छा,काफी अच्छा,काफी अच्छा,No answer,महत्वपूर्ण,8,7,5,4,4,5,8,महत्वपूर्ण,7,7,व्यक्तिगत मानवाधिकारों के प्रति अत्यधिक सम्मान,काफी गर्व है,महत्वपूर्ण,पूरी तरह सहमत,पूरी तरह सहमत,बहुत ज़रूरी,सहमत,सहमत,पूरी तरह सहमत,पूरी तरह सहमत,पूरी तरह सहमत,बहुत ज़रूरी,अची बात है,अची बात है,अची बात है,बहुत ज़रूरी,पूरी तरह से भरोसा करें,पूरी तरह से भरोसा करें,बहुत ज़रूरी,पूरी तरह से भरोसा करें,पूरी तरह से भरोसा करें,पूरी तरह से भरोसा करें,पूरी तरह से भरोसा करें,काफी,काफी,काफी,काफी,बहुत बड़ा,बहुत बड़ा,बहुत बड़ा,बहुत बड़ा,काफी,काफी,बहुत बड़ा,काफी,काफी,बहुत बड़ा,No answer,काफी
India,Hindi,Single,Male,Urban,IN-DL Delhi,16-24,Middle,Working class,2022,7,1,1,No answer,4,No answer,हाँ,आर्थिक विकास का उच्च स्तर,No answer,5,7,7,3,No answer,2,2,महत्वपूर्ण,3,कभी भी न्यायोचित नहीं,1,No answer,1,1,No answer,3,महत्वपूर्ण,बहुत ज़रूरी,महत्वपूर्ण,महत्वपूर्ण,महत्वपूर्ण,महत्वपूर्ण,काफी अच्छा,काफी अच्छा,काफी अच्छा,काफी अच्छा,महत्वपूर्ण,8,7,4,8,1,5,4,महत्वपूर्ण,4,7,व्यक्तिगत मानवाधिकारों के प्रति अत्यधिक सम्मान,काफी गर्व है,महत्वपूर्ण,पूरी तरह सहमत,पूरी तरह सहमत,बल्कि महत्वपूर्ण,पूरी तरह सहमत,पूरी तरह सहमत,पूरी तरह सहमत,पूरी तरह सहमत,पूरी तरह सहमत,बहुत ज़रूरी,अची बात है,अची बात है,अची बात है,बहुत ज़रूरी,पूरी तरह से भरोसा करें,कुछ हद तक भरोसा करें,बहुत ज़रूरी,पूरी तरह से भरोसा करें,पूरी तरह से भरोसा करें,पूरी तरह से भरोसा करें,कुछ हद तक भरोसा करें,काफी,काफी,काफी,काफी,काफी,बहुत बड़ा,बहुत बड़ा,काफी,काफी,काफी,बहुत बड़ा,काफी,काफी,काफी,काफी,काफी
India,Hindi,Living together as married,Male,Urban,IN-DL Delhi,35-44,Middle,Lower middle class,2022,7,1,1,No answer,4,"पर्यावरण संरक्षण को प्राथमिकता दी जानी चाहिए, भले ही इससे आर्थिक विकास धीमा हो जाए और कुछ नौकरियां खत्म हो जाएं।",हाँ,आर्थिक विकास का उच्च स्तर,No answer,7,7,7,4,No answer,3,2,महत्वपूर्ण,4,कभी भी न्यायोचित नहीं,No answer,No answer,1,7,3,2,महत्वपूर्ण,बल्कि महत्वपूर्ण,महत्वपूर्ण,महत्वपूर्ण,महत्वपूर्ण,महत्वपूर्ण,No answer,काफी अच्छा,काफी अच्छा,काफी अच्छा,महत्वपूर्ण,8,7,5,4,4,4,4,महत्वपूर्ण,4,No answer,व्यक्तिगत मानवाधिकारों के प्रति अत्यधिक सम्मान,काफी गर्व है,महत्वपूर्ण,पूरी तरह सहमत,पूरी तरह सहमत,बल्कि महत्वपूर्ण,सहमत,पूरी तरह सहमत,पूरी तरह सहमत,पूरी तरह सहमत,पूरी तरह सहमत,बल्कि महत्वपूर्ण,अची बात है,अची बात है,अची बात है,बल्कि महत्वपूर्ण,पूरी तरह से भरोसा करें,पूरी तरह से भरोसा करें,बहुत ज़रूरी,पूरी तरह से भरोसा करें,पूरी तरह से भरोसा करें,पूरी तरह से भरोसा करें,पूरी तरह से भरोसा करें,काफी,काफी,काफी,काफी,काफी,काफी,काफी,काफी,काफी,काफी,बहुत बड़ा,काफी,काफी,काफी,काफी,काफी
India,Hindi,Married,Male,Urban,IN-DL Delhi,35-44,Middle,Lower middle class,2022,7,1,1,No answer,4,"पर्यावरण संरक्षण को प्राथमिकता दी जानी चाहिए, भले ही इससे आर्थिक विकास धीमा हो जाए और कुछ नौकरियां खत्म हो जाएं।",हाँ,आर्थिक विकास का उच्च स्तर,No answer,7,7,7,3,No answer,2,5,महत्वपूर्ण,3,कभी भी न्यायोचित नहीं,1,No answer,1,1,No answer,2,महत्वपूर्ण,बल्कि महत्वपूर्ण,महत्वपूर्ण,महत्वपूर्ण,महत्वपूर्ण,महत्वपूर्ण,No answer,काफी अच्छा,No answer,काफी अच्छा,महत्वपूर्ण,8,7,4,4,4,4,4,महत्वपूर्ण,4,1,व्यक्तिगत मानवाधिकारों के प्रति अत्यधिक सम्मान,काफी गर्व है,महत्वपूर्ण,पूरी तरह सहमत,पूरी तरह सहमत,बल्कि महत्वपूर्ण,सहमत,पूरी तरह सहमत,पूरी तरह सहमत,पूरी तरह सहमत,पूरी तरह सहमत,बल्कि महत्वपूर्ण,अची बात है,अची बात है,अची बात है,बल्कि महत्वपूर्ण,कुछ हद तक भरोसा करें,पूरी तरह से भरोसा करें,बहुत ज़रूरी,पूरी तरह से भरोसा करें,पूरी तरह से भरोसा करें,पूरी तरह से भरोसा करें,पूरी तरह से भरोसा करें,काफी,काफी,काफी,काफी,काफी,काफी,बहुत बड़ा,काफी,काफी,काफी,बहुत बड़ा,काफी,काफी,काफी,काफी,काफी
India,Hindi,Married,Male,Urban,IN-DL Delhi,55-64,Middle,Lower middle class,2022,7,1,1,No answer,4,"पर्यावरण संरक्षण को प्राथमिकता दी जानी चाहिए, भले ही इससे आर्थिक विकास धीमा हो जाए और कुछ नौकरियां खत्म हो जाएं।",No answer,आर्थिक विकास का उच्च स्तर,No answer,7,7,7,3,No answer,2,5,महत्वपूर्ण,3,कभी भी न्यायोचित नहीं,1,No answer,1,1,No answer,2,महत्वपूर्ण,बल्कि महत्वपूर्ण,महत्वपूर्ण,महत्वपूर्ण,महत्वपूर्ण,महत्वपूर्ण,No answer,काफी अच्छा,No answer,काफी अच्छा,महत्वपूर्ण,8,7,4,4,3,5,4,महत्वपूर्ण,4,1,व्यक्तिगत मानवाधिकारों के प्रति अत्यधिक सम्मान,काफी गर्व है,महत्वपूर्ण,पूरी तरह सहमत,पूरी तरह सहमत,बल्कि महत्वपूर्ण,सहमत,पूरी तरह सहमत,पूरी तरह सहमत,पूरी तरह सहमत,No answer,बल्कि महत्वपूर्ण,अची बात है,अची बात है,अची बात है,बहुत ज़रूरी,पूरी तरह से भरोसा करें,पूरी तरह से भरोसा करें,बहुत ज़रूरी,पूरी तरह से भरोसा करें,पूरी तरह से भरोसा करें,पूरी तरह से भरोसा करें,पूरी तरह से भरोसा करें,काफी,काफी,काफी,काफी,काफी,बहुत बड़ा,बहुत बड़ा,काफी,काफी,काफी,बहुत बड़ा,काफी,काफी,काफी,काफी,काफी
India,Hindi,Single,Female,Rural,IN-HR Haryana,16-24,Higher,Lower middle class,2022,7,1,4,4,4,No answer,No answer,यह सुनिश्चित करना कि इस देश के पास मजबूत रक्षा बल हों,No answer,5,No answer,7,3,No answer,2,7,महत्वपूर्ण,3,कभी भी न्यायोचित नहीं,No answer,No answer,1,1,No answer,2,महत्वपूर्ण,बहुत ज़रूरी,महत्वपूर्ण,महत्वपूर्ण,महत्वपूर्ण,महत्वपूर्ण,No answer,काफी अच्छा,No answer,No answer,महत्वपूर्ण,5,7,4,4,1,4,8,महत्वपूर्ण,4,4,No answer,काफी गर्व है,महत्वपूर्ण,पूरी तरह सहमत,पूरी तरह सहमत,बल्कि महत्वपूर्ण,सहमत,No answer,पूरी तरह सहमत,सहमत,पूरी तरह सहमत,बल्कि महत्वपूर्ण,अची बात है,अची बात है,No answer,बहुत ज़रूरी,पूरी तरह से भरोसा करें,पूरी तरह से भरोसा करें,बहुत ज़रूरी,पूरी तरह से भरोसा करें,पूरी तरह से भरोसा करें,पूरी तरह से भरोसा करें,कुछ हद तक भरोसा करें,काफी,काफी,काफी,काफी,बहुत बड़ा,बहुत बड़ा,बहुत बड़ा,काफी,बहुत बड़ा,काफी,बहुत बड़ा,काफी,काफी,काफी,काफी,काफी
India,Hindi,Single,Male,Rural,IN-HR Haryana,16-24,Middle,Lower middle class,2022,7,3,4,7,4,"पर्यावरण संरक्षण को प्राथमिकता दी जानी चाहिए, भले ही इससे आर्थिक विकास धीमा हो जाए और कुछ नौकरियां खत्म हो जाएं।",No answer,आर्थिक विकास का उच्च स्तर,राष्ट्र में व्यवस्था बनाए रखना,7,No answer,7,3,No answer,No answer,7,महत्वपूर्ण,3,कभी भी न्यायोचित नहीं,1,No answer,1,1,No answer,3,महत्वपूर्ण,बहुत ज़रूरी,महत्वपूर्ण,महत्वपूर्ण,महत्वपूर्ण,महत्वपूर्ण,No answer,काफी अच्छा,काफी अच्छा,काफी अच्छा,महत्वपूर्ण,8,7,4,4,1,3,No answer,महत्वपूर्ण,1,No answer,व्यक्तिगत मानवाधिकारों के प्रति अत्यधिक सम्मान,काफी गर्व है,महत्वपूर्ण,पूरी तरह सहमत,पूरी तरह सहमत,बल्कि महत्वपूर्ण,पूरी तरह सहमत,सहमत,पूरी तरह सहमत,पूरी तरह सहमत,पूरी तरह सहमत,बल्कि महत्वपूर्ण,अची बात है,अची बात है,No answer,बहुत ज़रूरी,पूरी तरह से भरोसा करें,पूरी तरह से भरोसा करें,बहुत ज़रूरी,पूरी तरह से भरोसा करें,पूरी तरह से भरोसा करें,कुछ हद तक भरोसा करें,कुछ हद तक भरोसा करें,काफी,काफी,काफी,काफी,बहुत बड़ा,बहुत बड़ा,बहुत बड़ा,काफी,काफी,काफी,बहुत बड़ा,काफी,काफी,काफी,काफी,काफी
India,Hindi,Single,Male,Rural,IN-HR Haryana,16-24,Middle,Working class,2022,7,1,1,7,4,"पर्यावरण संरक्षण को प्राथमिकता दी जानी चाहिए, भले ही इससे आर्थिक विकास धीमा हो जाए और कुछ नौकरियां खत्म हो जाएं।",No answer,आर्थिक विकास का उच्च स्तर,No answer,No answer,7,7,3,No answer,2,5,महत्वपूर्ण,3,हमेशा न्यायोचित,No answer,7,7,1,No answer,3,महत्वपूर्ण,बहुत ज़रूरी,महत्वपूर्ण,महत्वपूर्ण,महत्वपूर्ण,महत्वपूर्ण,No answer,काफी अच्छा,काफी अच्छा,काफी अच्छा,महत्वपूर्ण,8,7,1,4,4,5,8,महत्वपूर्ण,5,7,व्यक्तिगत मानवाधिकारों के प्रति अत्यधिक सम्मान,काफी गर्व है,महत्वपूर्ण,पूरी तरह सहमत,पूरी तरह सहमत,बल्कि महत्वपूर्ण,पूरी तरह सहमत,पूरी तरह सहमत,पूरी तरह सहमत,पूरी तरह सहमत,पूरी तरह सहमत,बल्कि महत्वपूर्ण,अची बात है,अची बात है,No answer,बहुत ज़रूरी,पूरी तरह से भरोसा करें,पूरी तरह से भरोसा करें,बहुत ज़रूरी,पूरी तरह से भरोसा करें,पूरी तरह से भरोसा करें,कुछ हद तक भरोसा करें,पूरी तरह से भरोसा करें,काफी,काफी,बहुत बड़ा,काफी,बहुत बड़ा,बहुत बड़ा,बहुत बड़ा,काफी,काफी,काफी,बहुत बड़ा,काफी,काफी,काफी,काफी,काफी
India,Marathi,Single,Female,Rural,IN-MH Maharashtra,16-24,Higher,Lower class,2022,7,1,3,7,4,"पर्यावरण संरक्षण को प्राथमिकता दी जानी चाहिए, भले ही इससे आर्थिक विकास धीमा हो जाए और कुछ नौकरियां खत्म हो जाएं।","हाँ (I am ready to fight for my country)

I am willing to stand up for my country and its interests, but I also believe that we must prioritize the well-being of our environment and future generations.",आर्थिक विकास का उच्च स्तर,महत्वपूर्ण सरकारी निर्णयों में लोगों की अधिक भागीदारी सुनिश्चित करना,5,7,7,3,No answer,2,5,महत्वपूर्ण,3,कभी भी न्यायोचित नहीं,1,No answer,1,1,No answer,3,महत्वपूर्ण,बल्कि महत्वपूर्ण,महत्वपूर्ण,महत्वपूर्ण,महत्वपूर्ण,महत्वपूर्ण,No answer,काफी अच्छा,काफी अच्छा,काफी अच्छा,महत्वपूर्ण,8,7,4,4,3,3,No answer,महत्वपूर्ण,4,4,व्यक्तिगत मानवाधिकारों के प्रति अत्यधिक सम्मान,काफी गर्व है,महत्वपूर्ण,पूरी तरह सहमत,पूरी तरह सहमत,बहुत ज़रूरी,सहमत,सहमत,पूरी तरह सहमत,सहमत,पूरी तरह सहमत,बहुत ज़रूरी,अची बात है,अची बात है,No answer,बल्कि महत्वपूर्ण,पूरी तरह से भरोसा करें,पूरी तरह से भरोसा करें,बहुत ज़रूरी,पूरी तरह से भरोसा करें,पूरी तरह से भरोसा करें,पूरी तरह से भरोसा करें,पूरी तरह से भरोसा करें,बहुत बड़ा,काफी,काफी,काफी,काफी,काफी,बहुत बड़ा,बहुत बड़ा,बहुत बड़ा,काफी,बहुत बड़ा,काफी,काफी,काफी,काफी,काफी
India,Marathi,Single,Female,Rural,IN-MH Maharashtra,16-24,Middle,Lower class,2022,7,2,3,7,4,"पर्यावरण संरक्षण को प्राथमिकता दी जानी चाहिए, भले ही इससे आर्थिक विकास धीमा हो जाए और कुछ नौकरियां खत्म हो जाएं।",हाँ,आर्थिक विकास का उच्च स्तर,राष्ट्र में व्यवस्था बनाए रखना,5,7,7,3,No answer,2,5,महत्वपूर्ण,3,कभी भी न्यायोचित नहीं,No answer,No answer,1,1,No answer,3,महत्वपूर्ण,बल्कि महत्वपूर्ण,महत्वपूर्ण,No answer,महत्वपूर्ण,महत्वपूर्ण,No answer,No answer,काफी अच्छा,काफी अच्छा,महत्वपूर्ण,8,3,4,4,3,3,No answer,महत्वपूर्ण,4,4,व्यक्तिगत मानवाधिकारों के प्रति अत्यधिक सम्मान,काफी गर्व है,महत्वपूर्ण,पूरी तरह सहमत,पूरी तरह सहमत,बहुत ज़रूरी,पूरी तरह सहमत,सहमत,पूरी तरह सहमत,सहमत,पूरी तरह सहमत,बहुत ज़रूरी,अची बात है,अची बात है,No answer,बहुत ज़रूरी,पूरी तरह से भरोसा करें,पूरी तरह से भरोसा करें,बहुत ज़रूरी,पूरी तरह से भरोसा करें,पूरी तरह से भरोसा करें,कुछ हद तक भरोसा करें,पूरी तरह से भरोसा करें,काफी,काफी,काफी,काफी,काफी,काफी,बहुत बड़ा,बहुत बड़ा,बहुत बड़ा,काफी,बहुत बड़ा,काफी,काफी,काफी,काफी,काफी
India,Marathi,Single,Female,Rural,IN-MH Maharashtra,16-24,Middle,Lower middle class,2022,7,1,4,4,4,"पर्यावरण संरक्षण को प्राथमिकता दी जानी चाहिए, भले ही इससे आर्थिक विकास धीमा हो जाए और कुछ नौकरियां खत्म हो जाएं।",हाँ,आर्थिक विकास का उच्च स्तर,राष्ट्र में व्यवस्था बनाए रखना,5,7,7,3,No answer,2,2,महत्वपूर्ण,3,कभी भी न्यायोचित नहीं,1,No answer,1,1,No answer,2,महत्वपूर्ण,बल्कि महत्वपूर्ण,महत्वपूर्ण,No answer,महत्वपूर्ण,महत्वपूर्ण,No answer,No answer,काफी अच्छा,काफी अच्छा,महत्वपूर्ण,5,7,4,4,3,5,4,महत्वपूर्ण,4,4,व्यक्तिगत मानवाधिकारों के प्रति अत्यधिक सम्मान,काफी गर्व है,महत्वपूर्ण,सहमत,पूरी तरह सहमत,बहुत ज़रूरी,सहमत,सहमत,पूरी तरह सहमत,पूरी तरह सहमत,पूरी तरह सहमत,बहुत ज़रूरी,अची बात है,अची बात है,No answer,बहुत ज़रूरी,पूरी तरह से भरोसा करें,पूरी तरह से भरोसा करें,बल्कि महत्वपूर्ण,पूरी तरह से भरोसा करें,पूरी तरह से भरोसा करें,पूरी तरह से भरोसा करें,पूरी तरह से भरोसा करें,काफी,काफी,काफी,काफी,काफी,बहुत बड़ा,काफी,बहुत बड़ा,बहुत बड़ा,काफी,बहुत बड़ा,काफी,काफी,काफी,काफी,काफी
India,Marathi,Single,Male,Rural,IN-MH Maharashtra,16-24,Middle,Lower middle class,2022,7,3,4,4,4,"पर्यावरण संरक्षण को प्राथमिकता दी जानी चाहिए, भले ही इससे आर्थिक विकास धीमा हो जाए और कुछ नौकरियां खत्म हो जाएं।","हाँ (I am ready to fight for my country)

I am willing to defend my country and its interests, but I also believe that we need to prioritize the environment and take care of our planet for future generations.",आर्थिक विकास का उच्च स्तर,No answer,5,7,7,3,No answer,2,5,महत्वपूर्ण,2,कभी भी न्यायोचित नहीं,1,No answer,1,1,No answer,2,महत्वपूर्ण,बल्कि महत्वपूर्ण,महत्वपूर्ण,No answer,महत्वपूर्ण,महत्वपूर्ण,No answer,काफी अच्छा,No answer,काफी अच्छा,महत्वपूर्ण,8,7,4,4,3,5,4,महत्वपूर्ण,1,4,व्यक्तिगत मानवाधिकारों के प्रति अत्यधिक सम्मान,काफी गर्व है,महत्वपूर्ण,सहमत,पूरी तरह सहमत,बहुत ज़रूरी,सहमत,पूरी तरह सहमत,पूरी तरह सहमत,पूरी तरह सहमत,पूरी तरह सहमत,बहुत ज़रूरी,अची बात है,अची बात है,No answer,बहुत ज़रूरी,पूरी तरह से भरोसा करें,पूरी तरह से भरोसा करें,बहुत ज़रूरी,पूरी तरह से भरोसा करें,पूरी तरह से भरोसा करें,पूरी तरह से भरोसा करें,पूरी तरह से भरोसा करें,काफी,काफी,काफी,काफी,काफी,बहुत बड़ा,काफी,बहुत बड़ा,काफी,काफी,काफी,काफी,काफी,काफी,काफी,काफी
India,Marathi,Single,Male,Rural,IN-MH Maharashtra,16-24,Middle,Working class,2022,7,1,4,4,4,"पर्यावरण संरक्षण को प्राथमिकता दी जानी चाहिए, भले ही इससे आर्थिक विकास धीमा हो जाए और कुछ नौकरियां खत्म हो जाएं।",हाँ,आर्थिक विकास का उच्च स्तर,No answer,5,7,7,4,No answer,3,2,महत्वपूर्ण,2,कभी भी न्यायोचित नहीं,No answer,No answer,1,1,No answer,2,महत्वपूर्ण,बल्कि महत्वपूर्ण,महत्वपूर्ण,महत्वपूर्ण,महत्वपूर्ण,महत्वपूर्ण,No answer,काफी अच्छा,No answer,काफी अच्छा,महत्वपूर्ण,8,7,4,4,3,5,4,महत्वपूर्ण,1,4,व्यक्तिगत मानवाधिकारों के प्रति अत्यधिक सम्मान,काफी गर्व है,महत्वपूर्ण,सहमत,पूरी तरह सहमत,बहुत ज़रूरी,सहमत,पूरी तरह सहमत,पूरी तरह सहमत,पूरी तरह सहमत,पूरी तरह सहमत,बहुत ज़रूरी,अची बात है,अची बात है,No answer,बहुत ज़रूरी,पूरी तरह से भरोसा करें,कुछ हद तक भरोसा करें,बल्कि महत्वपूर्ण,पूरी तरह से भरोसा करें,पूरी तरह से भरोसा करें,पूरी तरह से भरोसा करें,पूरी तरह से भरोसा करें,काफी,काफी,काफी,काफी,काफी,बहुत बड़ा,बहुत बड़ा,बहुत बड़ा,बहुत बड़ा,काफी,काफी,काफी,काफी,काफी,काफी,काफी
India,Marathi,Married,Male,Rural,IN-MH Maharashtra,35-44,Middle,Lower middle class,2022,7,1,4,4,4,"पर्यावरण संरक्षण को प्राथमिकता दी जानी चाहिए, भले ही इससे आर्थिक विकास धीमा हो जाए और कुछ नौकरियां खत्म हो जाएं।",हाँ,आर्थिक विकास का उच्च स्तर,राष्ट्र में व्यवस्था बनाए रखना,5,7,7,4,No answer,3,2,महत्वपूर्ण,1,कभी भी न्यायोचित नहीं,1,1,1,1,No answer,3,महत्वपूर्ण,बल्कि महत्वपूर्ण,महत्वपूर्ण,महत्वपूर्ण,महत्वपूर्ण,महत्वपूर्ण,काफी अच्छा,काफी अच्छा,काफी अच्छा,काफी अच्छा,महत्वपूर्ण,5,7,4,9,3,4,4,महत्वपूर्ण,4,5,व्यक्तिगत मानवाधिकारों के प्रति अत्यधिक सम्मान,काफी गर्व है,महत्वपूर्ण,पूरी तरह सहमत,पूरी तरह सहमत,बल्कि महत्वपूर्ण,सहमत,पूरी तरह सहमत,पूरी तरह सहमत,पूरी तरह सहमत,सहमत,बल्कि महत्वपूर्ण,अची बात है,अची बात है,No answer,बल्कि महत्वपूर्ण,पूरी तरह से भरोसा करें,पूरी तरह से भरोसा करें,बहुत ज़रूरी,पूरी तरह से भरोसा करें,पूरी तरह से भरोसा करें,कुछ हद तक भरोसा करें,कुछ हद तक भरोसा करें,काफी,बहुत बड़ा,काफी,काफी,काफी,काफी,काफी,काफी,काफी,काफी,बहुत बड़ा,काफी,काफी,काफी,काफी,काफी
India,"Punjabi, Panjabi",Single,Female,Urban,IN-PB Punjab,16-24,Higher,Upper middle class,2022,7,1,7,4,4,"पर्यावरण संरक्षण को प्राथमिकता दी जानी चाहिए, भले ही इससे आर्थिक विकास धीमा हो जाए और कुछ नौकरियां खत्म हो जाएं।",हाँ,यह सुनिश्चित करना कि इस देश के पास मजबूत रक्षा बल हों,No answer,7,7,7,4,7,3,8,महत्वपूर्ण,3,हमेशा न्यायोचित,7,7,7,7,3,3,महत्वपूर्ण,बल्कि महत्वपूर्ण,महत्वपूर्ण,महत्वपूर्ण,महत्वपूर्ण,महत्वपूर्ण,बहुत अच्छा,काफी अच्छा,काफी अच्छा,काफी अच्छा,महत्वपूर्ण,8,7,7,8,7,5,4,महत्वपूर्ण,7,8,व्यक्तिगत मानवाधिकारों के प्रति अत्यधिक सम्मान,काफी गर्व है,महत्वपूर्ण,पूरी तरह सहमत,No answer,बहुत ज़रूरी,No answer,सहमत,पूरी तरह सहमत,पूरी तरह सहमत,पूरी तरह सहमत,बल्कि महत्वपूर्ण,अची बात है,अची बात है,अची बात है,बल्कि महत्वपूर्ण,पूरी तरह से भरोसा करें,कुछ हद तक भरोसा करें,बहुत ज़रूरी,पूरी तरह से भरोसा करें,पूरी तरह से भरोसा करें,पूरी तरह से भरोसा करें,पूरी तरह से भरोसा करें,काफी,काफी,काफी,काफी,बहुत बड़ा,काफी,बहुत बड़ा,बहुत बड़ा,काफी,काफी,काफी,काफी,काफी,बहुत बड़ा,काफी,काफी
India,"Punjabi, Panjabi",Single,Female,Urban,IN-PB Punjab,16-24,Middle,Lower middle class,2022,7,1,4,No answer,4,"पर्यावरण संरक्षण को प्राथमिकता दी जानी चाहिए, भले ही इससे आर्थिक विकास धीमा हो जाए और कुछ नौकरियां खत्म हो जाएं।",हाँ,यह सुनिश्चित करना कि इस देश के पास मजबूत रक्षा बल हों,No answer,7,7,7,3,No answer,2,3,महत्वपूर्ण,3,कभी भी न्यायोचित नहीं,1,No answer,1,1,No answer,2,महत्वपूर्ण,बल्कि महत्वपूर्ण,महत्वपूर्ण,No answer,महत्वपूर्ण,महत्वपूर्ण,No answer,No answer,काफी अच्छा,काफी अच्छा,महत्वपूर्ण,8,7,4,4,3,3,4,महत्वपूर्ण,4,4,व्यक्तिगत मानवाधिकारों के प्रति अत्यधिक सम्मान,काफी गर्व है,महत्वपूर्ण,सहमत,पूरी तरह सहमत,बहुत ज़रूरी,No answer,सहमत,पूरी तरह सहमत,पूरी तरह सहमत,No answer,बल्कि महत्वपूर्ण,अची बात है,अची बात है,अची बात है,बल्कि महत्वपूर्ण,पूरी तरह से भरोसा करें,कुछ हद तक भरोसा करें,बहुत ज़रूरी,पूरी तरह से भरोसा करें,पूरी तरह से भरोसा करें,पूरी तरह से भरोसा करें,पूरी तरह से भरोसा करें,काफी,बहुत बड़ा,काफी,काफी,काफी,बहुत बड़ा,काफी,बहुत बड़ा,बहुत बड़ा,काफी,बहुत बड़ा,काफी,काफी,काफी,काफी,काफी
India,"Punjabi, Panjabi",Single,Male,Urban,IN-PB Punjab,16-24,Middle,Lower middle class,2022,7,1,4,7,4,"पर्यावरण संरक्षण को प्राथमिकता दी जानी चाहिए, भले ही इससे आर्थिक विकास धीमा हो जाए और कुछ नौकरियां खत्म हो जाएं।",हाँ,आर्थिक विकास का उच्च स्तर,No answer,5,7,7,3,7,3,7,महत्वपूर्ण,3,कभी भी न्यायोचित नहीं,7,7,7,1,No answer,2,महत्वपूर्ण,बल्कि महत्वपूर्ण,महत्वपूर्ण,No answer,महत्वपूर्ण,महत्वपूर्ण,No answer,No answer,काफी अच्छा,काफी अच्छा,महत्वपूर्ण,8,7,4,8,3,3,4,महत्वपूर्ण,5,1,No answer,काफी गर्व है,महत्वपूर्ण,सहमत,No answer,बल्कि महत्वपूर्ण,पूरी तरह सहमत,सहमत,पूरी तरह सहमत,पूरी तरह सहमत,पूरी तरह सहमत,बहुत ज़रूरी,अची बात है,अची बात है,अची बात है,बल्कि महत्वपूर्ण,पूरी तरह से भरोसा करें,कुछ हद तक भरोसा करें,बहुत ज़रूरी,पूरी तरह से भरोसा करें,पूरी तरह से भरोसा करें,पूरी तरह से भरोसा करें,पूरी तरह से भरोसा करें,काफी,बहुत बड़ा,काफी,काफी,काफी,बहुत बड़ा,काफी,बहुत बड़ा,बहुत बड़ा,काफी,बहुत बड़ा,काफी,काफी,काफी,काफी,काफी
India,"Punjabi, Panjabi",Married,Male,Urban,IN-PB Punjab,35-44,Middle,Lower middle class,2022,7,1,4,7,4,"पर्यावरण संरक्षण को प्राथमिकता दी जानी चाहिए, भले ही इससे आर्थिक विकास धीमा हो जाए और कुछ नौकरियां खत्म हो जाएं।",हाँ,आर्थिक विकास का उच्च स्तर,No answer,7,7,7,3,No answer,2,7,महत्वपूर्ण,3,हमेशा न्यायोचित,1,7,1,1,No answer,2,महत्वपूर्ण,बल्कि महत्वपूर्ण,महत्वपूर्ण,महत्वपूर्ण,महत्वपूर्ण,महत्वपूर्ण,No answer,काफी अच्छा,काफी अच्छा,काफी अच्छा,महत्वपूर्ण,8,7,4,4,4,4,8,महत्वपूर्ण,5,5,व्यक्तिगत मानवाधिकारों के प्रति अत्यधिक सम्मान,काफी गर्व है,महत्वपूर्ण,पूरी तरह सहमत,सहमत,बल्कि महत्वपूर्ण,सहमत,पूरी तरह सहमत,पूरी तरह सहमत,पूरी तरह सहमत,पूरी तरह सहमत,बल्कि महत्वपूर्ण,अची बात है,अची बात है,No answer,बल्कि महत्वपूर्ण,कुछ हद तक भरोसा करें,पूरी तरह से भरोसा करें,बहुत ज़रूरी,पूरी तरह से भरोसा करें,पूरी तरह से भरोसा करें,पूरी तरह से भरोसा करें,कुछ हद तक भरोसा करें,काफी,बहुत बड़ा,काफी,काफी,काफी,बहुत बड़ा,काफी,बहुत बड़ा,काफी,काफी,बहुत बड़ा,काफी,काफी,काफी,काफी,काफी
India,Telugu,Single,Female,Rural,IN-TG Telangana,16-24,Middle,Lower middle class,2022,7,2,4,7,4,No answer,No answer,No answer,राष्ट्र में व्यवस्था बनाए रखना,No answer,7,7,4,5,3,5,महत्वपूर्ण,3,कभी भी न्यायोचित नहीं,1,No answer,1,1,No answer,No answer,महत्वपूर्ण,बल्कि महत्वपूर्ण,महत्वपूर्ण,महत्वपूर्ण,महत्वपूर्ण,महत्वपूर्ण,No answer,काफी अच्छा,काफी अच्छा,काफी अच्छा,महत्वपूर्ण,8,7,4,9,4,3,4,महत्वपूर्ण,5,1,No answer,काफी गर्व है,महत्वपूर्ण,पूरी तरह सहमत,पूरी तरह सहमत,बहुत ज़रूरी,पूरी तरह सहमत,पूरी तरह सहमत,पूरी तरह सहमत,सहमत,पूरी तरह सहमत,बहुत ज़रूरी,अची बात है,अची बात है,No answer,बहुत ज़रूरी,पूरी तरह से भरोसा करें,पूरी तरह से भरोसा करें,बल्कि महत्वपूर्ण,पूरी तरह से भरोसा करें,पूरी तरह से भरोसा करें,पूरी तरह से भरोसा करें,पूरी तरह से भरोसा करें,काफी,काफी,काफी,काफी,काफी,बहुत बड़ा,बहुत बड़ा,काफी,बहुत बड़ा,काफी,बहुत बड़ा,काफी,काफी,काफी,काफी,काफी
India,Telugu,Single,Female,Rural,IN-TG Telangana,16-24,Middle,Upper middle class,2022,7,3,4,7,4,No answer,हाँ,No answer,No answer,No answer,7,7,4,5,3,2,महत्वपूर्ण,3,हमेशा न्यायोचित,1,7,1,1,No answer,No answer,महत्वपूर्ण,बल्कि महत्वपूर्ण,महत्वपूर्ण,महत्वपूर्ण,महत्वपूर्ण,महत्वपूर्ण,No answer,काफी अच्छा,काफी अच्छा,काफी अच्छा,महत्वपूर्ण,8,7,5,4,7,5,4,महत्वपूर्ण,4,1,No answer,काफी गर्व है,महत्वपूर्ण,पूरी तरह सहमत,पूरी तरह सहमत,बहुत ज़रूरी,सहमत,सहमत,पूरी तरह सहमत,सहमत,पूरी तरह सहमत,बल्कि महत्वपूर्ण,अची बात है,अची बात है,अची बात है,बहुत ज़रूरी,पूरी तरह से भरोसा करें,कुछ हद तक भरोसा करें,बहुत ज़रूरी,पूरी तरह से भरोसा करें,पूरी तरह से भरोसा करें,कुछ हद तक भरोसा करें,पूरी तरह से भरोसा करें,काफी,काफी,बहुत बड़ा,काफी,काफी,बहुत बड़ा,बहुत बड़ा,काफी,बहुत बड़ा,काफी,बहुत बड़ा,काफी,काफी,काफी,काफी,काफी
India,Telugu,Single,Male,Rural,IN-TG Telangana,16-24,Higher,Lower middle class,2022,7,3,7,4,4,No answer,"हाँ (I am ready to fight for my country)

I am willing to defend my country and its interests, but I also believe that we must do so in a way that protects our environment and preserves our natural resources for future generations.",No answer,No answer,No answer,7,7,4,7,3,5,महत्वपूर्ण,3,हमेशा न्यायोचित,1,No answer,1,1,No answer,2,महत्वपूर्ण,बल्कि महत्वपूर्ण,महत्वपूर्ण,महत्वपूर्ण,महत्वपूर्ण,महत्वपूर्ण,No answer,काफी अच्छा,काफी अच्छा,काफी अच्छा,महत्वपूर्ण,5,7,5,8,7,4,4,महत्वपूर्ण,4,1,काफी सम्मान,काफी गर्व है,महत्वपूर्ण,सहमत,No answer,बहुत ज़रूरी,पूरी तरह सहमत,No answer,पूरी तरह सहमत,पूरी तरह सहमत,पूरी तरह सहमत,No answer,अची बात है,अची बात है,No answer,बहुत ज़रूरी,पूरी तरह से भरोसा करें,कुछ हद तक भरोसा करें,बहुत ज़रूरी,पूरी तरह से भरोसा करें,पूरी तरह से भरोसा करें,पूरी तरह से भरोसा करें,कुछ हद तक भरोसा करें,काफी,काफी,बहुत बड़ा,काफी,काफी,बहुत बड़ा,काफी,काफी,काफी,काफी,बहुत बड़ा,काफी,काफी,काफी,काफी,काफी
India,Telugu,Single,Male,Rural,IN-TG Telangana,16-24,Middle,Lower middle class,2022,7,3,4,4,4,No answer,हाँ,No answer,No answer,No answer,7,7,4,5,2,5,महत्वपूर्ण,3,कभी भी न्यायोचित नहीं,1,No answer,1,1,No answer,3,महत्वपूर्ण,बल्कि महत्वपूर्ण,महत्वपूर्ण,महत्वपूर्ण,महत्वपूर्ण,महत्वपूर्ण,बहुत अच्छा,काफी अच्छा,काफी अच्छा,काफी अच्छा,महत्वपूर्ण,8,7,5,4,4,3,4,महत्वपूर्ण,5,1,व्यक्तिगत मानवाधिकारों के प्रति अत्यधिक सम्मान,काफी गर्व है,महत्वपूर्ण,सहमत,पूरी तरह सहमत,बल्कि महत्वपूर्ण,पूरी तरह सहमत,सहमत,पूरी तरह सहमत,पूरी तरह सहमत,पूरी तरह सहमत,No answer,अची बात है,अची बात है,अची बात है,बहुत ज़रूरी,पूरी तरह से भरोसा करें,कुछ हद तक भरोसा करें,बल्कि महत्वपूर्ण,पूरी तरह से भरोसा करें,पूरी तरह से भरोसा करें,कुछ हद तक भरोसा करें,पूरी तरह से भरोसा करें,काफी,काफी,काफी,काफी,काफी,काफी,काफी,काफी,बहुत बड़ा,काफी,बहुत बड़ा,काफी,काफी,काफी,काफी,काफी
India,Telugu,Single,Male,Rural,IN-TG Telangana,16-24,Middle,Working class,2022,7,1,4,7,4,No answer,No answer,आर्थिक विकास का उच्च स्तर,No answer,No answer,7,7,4,7,2,5,महत्वपूर्ण,3,कभी भी न्यायोचित नहीं,1,No answer,1,1,No answer,No answer,महत्वपूर्ण,बल्कि महत्वपूर्ण,महत्वपूर्ण,महत्वपूर्ण,महत्वपूर्ण,महत्वपूर्ण,No answer,काफी अच्छा,काफी अच्छा,काफी अच्छा,महत्वपूर्ण,8,7,5,4,7,3,4,महत्वपूर्ण,5,1,व्यक्तिगत मानवाधिकारों के प्रति अत्यधिक सम्मान,काफी गर्व है,महत्वपूर्ण,पूरी तरह सहमत,No answer,बहुत ज़रूरी,पूरी तरह सहमत,पूरी तरह सहमत,पूरी तरह सहमत,पूरी तरह सहमत,पूरी तरह सहमत,बहुत ज़रूरी,अची बात है,अची बात है,अची बात है,बहुत ज़रूरी,पूरी तरह से भरोसा करें,कुछ हद तक भरोसा करें,बल्कि महत्वपूर्ण,पूरी तरह से भरोसा करें,पूरी तरह से भरोसा करें,पूरी तरह से भरोसा करें,कुछ हद तक भरोसा करें,काफी,काफी,काफी,काफी,काफी,बहुत बड़ा,बहुत बड़ा,काफी,बहुत बड़ा,काफी,बहुत बड़ा,काफी,काफी,काफी,काफी,काफी
India,Telugu,Married,Male,Rural,IN-TG Telangana,25-34,Higher,Lower middle class,2022,7,1,4,4,4,"पर्यावरण संरक्षण को प्राथमिकता दी जानी चाहिए, भले ही इससे आर्थिक विकास धीमा हो जाए और कुछ नौकरियां खत्म हो जाएं।",हाँ,No answer,No answer,5,7,7,3,7,2,5,महत्वपूर्ण,3,कभी भी न्यायोचित नहीं,1,7,1,1,No answer,2,महत्वपूर्ण,बल्कि महत्वपूर्ण,महत्वपूर्ण,महत्वपूर्ण,महत्वपूर्ण,महत्वपूर्ण,No answer,काफी अच्छा,काफी अच्छा,काफी अच्छा,महत्वपूर्ण,5,7,5,4,3,5,8,महत्वपूर्ण,5,1,व्यक्तिगत मानवाधिकारों के प्रति अत्यधिक सम्मान,काफी गर्व है,महत्वपूर्ण,पूरी तरह सहमत,पूरी तरह सहमत,बल्कि महत्वपूर्ण,सहमत,पूरी तरह सहमत,पूरी तरह सहमत,पूरी तरह सहमत,पूरी तरह सहमत,बल्कि महत्वपूर्ण,अची बात है,अची बात है,अची बात है,बहुत ज़रूरी,पूरी तरह से भरोसा करें,पूरी तरह से भरोसा करें,बहुत ज़रूरी,पूरी तरह से भरोसा करें,पूरी तरह से भरोसा करें,पूरी तरह से भरोसा करें,पूरी तरह से भरोसा करें,काफी,काफी,काफी,काफी,काफी,काफी,बहुत बड़ा,काफी,काफी,काफी,काफी,काफी,काफी,काफी,काफी,काफी
India,Telugu,Married,Male,Rural,IN-TG Telangana,25-34,Middle,Lower middle class,2022,7,3,4,4,4,"पर्यावरण संरक्षण को प्राथमिकता दी जानी चाहिए, भले ही इससे आर्थिक विकास धीमा हो जाए और कुछ नौकरियां खत्म हो जाएं।",No answer,No answer,No answer,No answer,7,7,3,7,2,5,महत्वपूर्ण,3,कभी भी न्यायोचित नहीं,1,1,1,1,No answer,2,महत्वपूर्ण,बहुत ज़रूरी,महत्वपूर्ण,महत्वपूर्ण,महत्वपूर्ण,महत्वपूर्ण,No answer,काफी अच्छा,काफी अच्छा,काफी अच्छा,महत्वपूर्ण,8,7,4,8,3,5,4,महत्वपूर्ण,4,4,No answer,काफी गर्व है,महत्वपूर्ण,पूरी तरह सहमत,पूरी तरह सहमत,बल्कि महत्वपूर्ण,सहमत,सहमत,पूरी तरह सहमत,पूरी तरह सहमत,पूरी तरह सहमत,बल्कि महत्वपूर्ण,अची बात है,अची बात है,अची बात है,बहुत ज़रूरी,पूरी तरह से भरोसा करें,पूरी तरह से भरोसा करें,बल्कि महत्वपूर्ण,पूरी तरह से भरोसा करें,पूरी तरह से भरोसा करें,पूरी तरह से भरोसा करें,पूरी तरह से भरोसा करें,काफी,काफी,बहुत बड़ा,काफी,काफी,काफी,बहुत बड़ा,काफी,काफी,काफी,काफी,काफी,काफी,काफी,काफी,काफी
India,Telugu,Married,Male,Rural,IN-TG Telangana,35-44,Lower,Lower middle class,2022,7,3,4,4,4,"पर्यावरण संरक्षण को प्राथमिकता दी जानी चाहिए, भले ही इससे आर्थिक विकास धीमा हो जाए और कुछ नौकरियां खत्म हो जाएं।",हाँ,आर्थिक विकास का उच्च स्तर,No answer,5,7,7,3,7,2,2,महत्वपूर्ण,3,कभी भी न्यायोचित नहीं,1,No answer,1,1,No answer,2,महत्वपूर्ण,बहुत ज़रूरी,महत्वपूर्ण,महत्वपूर्ण,महत्वपूर्ण,महत्वपूर्ण,No answer,काफी अच्छा,काफी अच्छा,काफी अच्छा,महत्वपूर्ण,8,7,4,4,4,4,4,महत्वपूर्ण,4,4,व्यक्तिगत मानवाधिकारों के प्रति अत्यधिक सम्मान,काफी गर्व है,महत्वपूर्ण,पूरी तरह सहमत,पूरी तरह सहमत,बल्कि महत्वपूर्ण,सहमत,पूरी तरह सहमत,पूरी तरह सहमत,पूरी तरह सहमत,सहमत,बल्कि महत्वपूर्ण,अची बात है,अची बात है,अची बात है,बहुत ज़रूरी,पूरी तरह से भरोसा करें,कुछ हद तक भरोसा करें,बहुत ज़रूरी,पूरी तरह से भरोसा करें,पूरी तरह से भरोसा करें,पूरी तरह से भरोसा करें,कुछ हद तक भरोसा करें,काफी,काफी,काफी,काफी,काफी,काफी,काफी,काफी,काफी,काफी,काफी,काफी,काफी,काफी,काफी,काफी
India,Hindi,Single,Female,Rural,IN-UP Uttar Pradesh,16-24,Middle,Working class,2022,7,1,4,4,4,No answer,No answer,यह सुनिश्चित करना कि इस देश के पास मजबूत रक्षा बल हों,No answer,5,No answer,7,3,No answer,No answer,5,महत्वपूर्ण,3,कभी भी न्यायोचित नहीं,1,No answer,1,1,No answer,No answer,महत्वपूर्ण,बहुत ज़रूरी,महत्वपूर्ण,No answer,महत्वपूर्ण,महत्वपूर्ण,No answer,काफी अच्छा,काफी अच्छा,काफी अच्छा,महत्वपूर्ण,8,7,5,4,1,5,8,महत्वपूर्ण,1,5,व्यक्तिगत मानवाधिकारों के प्रति अत्यधिक सम्मान,काफी गर्व है,महत्वपूर्ण,पूरी तरह सहमत,पूरी तरह सहमत,बल्कि महत्वपूर्ण,पूरी तरह सहमत,पूरी तरह सहमत,पूरी तरह सहमत,पूरी तरह सहमत,No answer,बल्कि महत्वपूर्ण,अची बात है,अची बात है,अची बात है,बहुत ज़रूरी,पूरी तरह से भरोसा करें,पूरी तरह से भरोसा करें,बहुत ज़रूरी,पूरी तरह से भरोसा करें,पूरी तरह से भरोसा करें,पूरी तरह से भरोसा करें,पूरी तरह से भरोसा करें,काफी,काफी,काफी,काफी,बहुत बड़ा,बहुत बड़ा,बहुत बड़ा,काफी,बहुत बड़ा,काफी,बहुत बड़ा,काफी,काफी,बहुत बड़ा,काफी,काफी
India,Hindi,Married,Female,Rural,IN-UP Uttar Pradesh,35-44,Lower,Working class,2022,7,1,3,4,4,"पर्यावरण संरक्षण को प्राथमिकता दी जानी चाहिए, भले ही इससे आर्थिक विकास धीमा हो जाए और कुछ नौकरियां खत्म हो जाएं।",No answer,यह सुनिश्चित करना कि इस देश के पास मजबूत रक्षा बल हों,No answer,No answer,No answer,7,4,No answer,3,5,महत्वपूर्ण,2,कभी भी न्यायोचित नहीं,1,No answer,3,1,4,3,महत्वपूर्ण,बहुत ज़रूरी,महत्वपूर्ण,महत्वपूर्ण,महत्वपूर्ण,महत्वपूर्ण,काफी अच्छा,काफी अच्छा,काफी अच्छा,काफी अच्छा,महत्वपूर्ण,8,7,4,4,1,4,4,महत्वपूर्ण,4,5,व्यक्तिगत मानवाधिकारों के प्रति अत्यधिक सम्मान,काफी गर्व है,महत्वपूर्ण,पूरी तरह सहमत,पूरी तरह सहमत,बल्कि महत्वपूर्ण,सहमत,पूरी तरह सहमत,पूरी तरह सहमत,पूरी तरह सहमत,पूरी तरह सहमत,बल्कि महत्वपूर्ण,अची बात है,अची बात है,अची बात है,बहुत ज़रूरी,पूरी तरह से भरोसा करें,पूरी तरह से भरोसा करें,बहुत ज़रूरी,पूरी तरह से भरोसा करें,पूरी तरह से भरोसा करें,पूरी तरह से भरोसा करें,पूरी तरह से भरोसा करें,काफी,बहुत बड़ा,काफी,काफी,काफी,बहुत बड़ा,काफी,बहुत बड़ा,काफी,काफी,बहुत बड़ा,काफी,काफी,काफी,काफी,काफी
India,Hindi,Married,Female,Rural,IN-UP Uttar Pradesh,45-54,Lower,Working class,2022,7,1,3,4,4,"पर्यावरण संरक्षण को प्राथमिकता दी जानी चाहिए, भले ही इससे आर्थिक विकास धीमा हो जाए और कुछ नौकरियां खत्म हो जाएं।","हाँ (I am ready to fight for my country)

I am willing to do whatever it takes to protect our environment and ensure a better future for our nation.",यह सुनिश्चित करना कि इस देश के पास मजबूत रक्षा बल हों,No answer,7,7,7,4,No answer,3,5,महत्वपूर्ण,3,कभी भी न्यायोचित नहीं,1,No answer,7,4,4,3,महत्वपूर्ण,बहुत ज़रूरी,महत्वपूर्ण,महत्वपूर्ण,महत्वपूर्ण,महत्वपूर्ण,काफी अच्छा,बहुत अच्छा,काफी अच्छा,काफी अच्छा,महत्वपूर्ण,5,7,4,8,3,4,4,महत्वपूर्ण,4,5,व्यक्तिगत मानवाधिकारों के प्रति अत्यधिक सम्मान,काफी गर्व है,महत्वपूर्ण,पूरी तरह सहमत,पूरी तरह सहमत,बल्कि महत्वपूर्ण,सहमत,पूरी तरह सहमत,पूरी तरह सहमत,पूरी तरह सहमत,पूरी तरह सहमत,बल्कि महत्वपूर्ण,अची बात है,अची बात है,अची बात है,बहुत ज़रूरी,पूरी तरह से भरोसा करें,पूरी तरह से भरोसा करें,बहुत ज़रूरी,पूरी तरह से भरोसा करें,पूरी तरह से भरोसा करें,पूरी तरह से भरोसा करें,पूरी तरह से भरोसा करें,काफी,बहुत बड़ा,काफी,काफी,काफी,बहुत बड़ा,काफी,बहुत बड़ा,बहुत बड़ा,काफी,बहुत बड़ा,काफी,काफी,काफी,काफी,काफी
India,Hindi,Single,Male,Rural,IN-UP Uttar Pradesh,16-24,Higher,Working class,2022,7,1,1,7,4,No answer,No answer,आर्थिक विकास का उच्च स्तर,No answer,No answer,7,7,3,No answer,2,3,महत्वपूर्ण,3,हमेशा न्यायोचित,1,7,1,1,No answer,2,महत्वपूर्ण,बहुत ज़रूरी,महत्वपूर्ण,महत्वपूर्ण,महत्वपूर्ण,महत्वपूर्ण,No answer,काफी अच्छा,काफी अच्छा,काफी अच्छा,महत्वपूर्ण,5,7,5,8,4,5,4,महत्वपूर्ण,8,1,No answer,काफी गर्व है,महत्वपूर्ण,पूरी तरह सहमत,पूरी तरह सहमत,बल्कि महत्वपूर्ण,सहमत,पूरी तरह सहमत,पूरी तरह सहमत,पूरी तरह सहमत,पूरी तरह सहमत,बहुत ज़रूरी,अची बात है,अची बात है,अची बात है,बहुत ज़रूरी,पूरी तरह से भरोसा करें,पूरी तरह से भरोसा करें,बहुत ज़रूरी,पूरी तरह से भरोसा करें,पूरी तरह से भरोसा करें,पूरी तरह से भरोसा करें,कुछ हद तक भरोसा करें,काफी,बहुत बड़ा,काफी,काफी,काफी,बहुत बड़ा,काफी,काफी,काफी,काफी,बहुत बड़ा,काफी,काफी,बहुत बड़ा,काफी,काफी
India,Hindi,Single,Male,Rural,IN-UP Uttar Pradesh,16-24,Lower,Working class,2022,7,1,1,7,4,No answer,No answer,आर्थिक विकास का उच्च स्तर,राष्ट्र में व्यवस्था बनाए रखना,5,7,7,3,No answer,2,5,महत्वपूर्ण,3,कभी भी न्यायोचित नहीं,1,No answer,1,1,No answer,3,महत्वपूर्ण,बहुत ज़रूरी,महत्वपूर्ण,महत्वपूर्ण,महत्वपूर्ण,महत्वपूर्ण,काफी अच्छा,काफी अच्छा,काफी अच्छा,काफी अच्छा,महत्वपूर्ण,8,7,1,4,4,3,4,महत्वपूर्ण,4,1,No answer,काफी गर्व है,महत्वपूर्ण,पूरी तरह सहमत,पूरी तरह सहमत,बल्कि महत्वपूर्ण,सहमत,पूरी तरह सहमत,पूरी तरह सहमत,पूरी तरह सहमत,पूरी तरह सहमत,बहुत ज़रूरी,अची बात है,अची बात है,अची बात है,बहुत ज़रूरी,पूरी तरह से भरोसा करें,पूरी तरह से भरोसा करें,बहुत ज़रूरी,पूरी तरह से भरोसा करें,पूरी तरह से भरोसा करें,पूरी तरह से भरोसा करें,पूरी तरह से भरोसा करें,काफी,बहुत बड़ा,काफी,काफी,काफी,काफी,बहुत बड़ा,काफी,बहुत बड़ा,काफी,बहुत बड़ा,काफी,काफी,काफी,काफी,काफी
India,Hindi,Single,Male,Rural,IN-UP Uttar Pradesh,16-24,Middle,Lower middle class,2022,7,3,1,7,4,"पर्यावरण संरक्षण को प्राथमिकता दी जानी चाहिए, भले ही इससे आर्थिक विकास धीमा हो जाए और कुछ नौकरियां खत्म हो जाएं।",No answer,आर्थिक विकास का उच्च स्तर,No answer,No answer,No answer,7,3,No answer,No answer,5,महत्वपूर्ण,3,कभी भी न्यायोचित नहीं,1,No answer,1,1,No answer,3,महत्वपूर्ण,बहुत ज़रूरी,महत्वपूर्ण,महत्वपूर्ण,महत्वपूर्ण,महत्वपूर्ण,काफी अच्छा,काफी अच्छा,काफी अच्छा,काफी अच्छा,महत्वपूर्ण,8,7,5,4,4,3,No answer,महत्वपूर्ण,1,1,व्यक्तिगत मानवाधिकारों के प्रति अत्यधिक सम्मान,काफी गर्व है,महत्वपूर्ण,पूरी तरह सहमत,पूरी तरह सहमत,बल्कि महत्वपूर्ण,पूरी तरह सहमत,पूरी तरह सहमत,पूरी तरह सहमत,पूरी तरह सहमत,पूरी तरह सहमत,बल्कि महत्वपूर्ण,अची बात है,अची बात है,अची बात है,बहुत ज़रूरी,पूरी तरह से भरोसा करें,पूरी तरह से भरोसा करें,बहुत ज़रूरी,पूरी तरह से भरोसा करें,पूरी तरह से भरोसा करें,कुछ हद तक भरोसा करें,पूरी तरह से भरोसा करें,काफी,बहुत बड़ा,काफी,काफी,बहुत बड़ा,बहुत बड़ा,काफी,बहुत बड़ा,काफी,काफी,बहुत बड़ा,काफी,काफी,काफी,काफी,काफी
India,Hindi,Single,Male,Rural,IN-UP Uttar Pradesh,16-24,Middle,Working class,2022,7,1,1,7,4,"पर्यावरण संरक्षण को प्राथमिकता दी जानी चाहिए, भले ही इससे आर्थिक विकास धीमा हो जाए और कुछ नौकरियां खत्म हो जाएं।",No answer,आर्थिक विकास का उच्च स्तर,No answer,No answer,7,7,3,No answer,2,5,महत्वपूर्ण,3,कभी भी न्यायोचित नहीं,1,No answer,7,1,No answer,3,महत्वपूर्ण,बहुत ज़रूरी,महत्वपूर्ण,महत्वपूर्ण,महत्वपूर्ण,महत्वपूर्ण,बहुत अच्छा,काफी अच्छा,काफी अच्छा,काफी अच्छा,महत्वपूर्ण,8,7,1,4,3,3,No answer,महत्वपूर्ण,4,5,व्यक्तिगत मानवाधिकारों के प्रति अत्यधिक सम्मान,काफी गर्व है,महत्वपूर्ण,पूरी तरह सहमत,पूरी तरह सहमत,बल्कि महत्वपूर्ण,पूरी तरह सहमत,पूरी तरह सहमत,पूरी तरह सहमत,पूरी तरह सहमत,पूरी तरह सहमत,बहुत ज़रूरी,अची बात है,अची बात है,अची बात है,बहुत ज़रूरी,पूरी तरह से भरोसा करें,पूरी तरह से भरोसा करें,बहुत ज़रूरी,पूरी तरह से भरोसा करें,पूरी तरह से भरोसा करें,पूरी तरह से भरोसा करें,कुछ हद तक भरोसा करें,काफी,बहुत बड़ा,बहुत बड़ा,काफी,काफी,बहुत बड़ा,बहुत बड़ा,काफी,काफी,काफी,बहुत बड़ा,काफी,काफी,काफी,काफी,काफी
India,Hindi,Married,Male,Rural,IN-UP Uttar Pradesh,25-34,Middle,Lower middle class,2022,7,1,1,4,4,"पर्यावरण संरक्षण को प्राथमिकता दी जानी चाहिए, भले ही इससे आर्थिक विकास धीमा हो जाए और कुछ नौकरियां खत्म हो जाएं।",No answer,आर्थिक विकास का उच्च स्तर,राष्ट्र में व्यवस्था बनाए रखना,5,No answer,7,3,No answer,2,7,महत्वपूर्ण,3,हमेशा न्यायोचित,1,No answer,1,1,No answer,2,महत्वपूर्ण,बहुत ज़रूरी,महत्वपूर्ण,No answer,महत्वपूर्ण,महत्वपूर्ण,No answer,काफी अच्छा,काफी अच्छा,काफी अच्छा,महत्वपूर्ण,8,7,9,4,1,4,4,महत्वपूर्ण,1,No answer,व्यक्तिगत मानवाधिकारों के प्रति अत्यधिक सम्मान,काफी गर्व है,महत्वपूर्ण,पूरी तरह सहमत,पूरी तरह सहमत,बल्कि महत्वपूर्ण,सहमत,पूरी तरह सहमत,पूरी तरह सहमत,पूरी तरह सहमत,सहमत,बल्कि महत्वपूर्ण,अची बात है,अची बात है,अची बात है,बहुत ज़रूरी,पूरी तरह से भरोसा करें,पूरी तरह से भरोसा करें,बहुत ज़रूरी,पूरी तरह से भरोसा करें,पूरी तरह से भरोसा करें,कुछ हद तक भरोसा करें,पूरी तरह से भरोसा करें,काफी,बहुत बड़ा,काफी,काफी,काफी,बहुत बड़ा,काफी,बहुत बड़ा,काफी,काफी,बहुत बड़ा,काफी,काफी,काफी,काफी,काफी
India,Hindi,Married,Male,Rural,IN-UP Uttar Pradesh,25-34,Middle,Working class,2022,7,1,1,7,4,"पर्यावरण संरक्षण को प्राथमिकता दी जानी चाहिए, भले ही इससे आर्थिक विकास धीमा हो जाए और कुछ नौकरियां खत्म हो जाएं।",No answer,आर्थिक विकास का उच्च स्तर,No answer,5,No answer,7,3,No answer,No answer,5,महत्वपूर्ण,3,हमेशा न्यायोचित,1,No answer,1,1,No answer,2,महत्वपूर्ण,बहुत ज़रूरी,महत्वपूर्ण,महत्वपूर्ण,महत्वपूर्ण,महत्वपूर्ण,No answer,काफी अच्छा,काफी अच्छा,काफी अच्छा,महत्वपूर्ण,8,7,4,4,1,4,8,महत्वपूर्ण,1,1,व्यक्तिगत मानवाधिकारों के प्रति अत्यधिक सम्मान,काफी गर्व है,महत्वपूर्ण,पूरी तरह सहमत,पूरी तरह सहमत,बल्कि महत्वपूर्ण,सहमत,पूरी तरह सहमत,पूरी तरह सहमत,पूरी तरह सहमत,पूरी तरह सहमत,बहुत ज़रूरी,अची बात है,अची बात है,अची बात है,बहुत ज़रूरी,पूरी तरह से भरोसा करें,पूरी तरह से भरोसा करें,बहुत ज़रूरी,पूरी तरह से भरोसा करें,पूरी तरह से भरोसा करें,पूरी तरह से भरोसा करें,पूरी तरह से भरोसा करें,काफी,काफी,बहुत बड़ा,काफी,काफी,बहुत बड़ा,बहुत बड़ा,काफी,काफी,काफी,बहुत बड़ा,काफी,काफी,काफी,काफी,काफी
India,Hindi,Married,Male,Rural,IN-UP Uttar Pradesh,35-44,Lower,Working class,2022,7,1,4,7,4,"पर्यावरण संरक्षण को प्राथमिकता दी जानी चाहिए, भले ही इससे आर्थिक विकास धीमा हो जाए और कुछ नौकरियां खत्म हो जाएं।","हाँ (I am ready to fight for my country)

I am willing to defend my country and its interests, but I also believe that we need to prioritize the environment and ensure sustainable development.",आर्थिक विकास का उच्च स्तर,No answer,5,No answer,7,4,No answer,3,7,महत्वपूर्ण,2,हमेशा न्यायोचित,1,No answer,7,7,4,3,महत्वपूर्ण,बहुत ज़रूरी,महत्वपूर्ण,महत्वपूर्ण,महत्वपूर्ण,महत्वपूर्ण,काफी अच्छा,काफी अच्छा,काफी अच्छा,काफी अच्छा,महत्वपूर्ण,8,7,4,8,1,4,4,महत्वपूर्ण,7,1,व्यक्तिगत मानवाधिकारों के प्रति अत्यधिक सम्मान,काफी गर्व है,महत्वपूर्ण,पूरी तरह सहमत,पूरी तरह सहमत,बल्कि महत्वपूर्ण,सहमत,पूरी तरह सहमत,पूरी तरह सहमत,पूरी तरह सहमत,पूरी तरह सहमत,बहुत ज़रूरी,अची बात है,अची बात है,अची बात है,बहुत ज़रूरी,पूरी तरह से भरोसा करें,पूरी तरह से भरोसा करें,बहुत ज़रूरी,पूरी तरह से भरोसा करें,पूरी तरह से भरोसा करें,पूरी तरह से भरोसा करें,पूरी तरह से भरोसा करें,काफी,बहुत बड़ा,काफी,काफी,काफी,बहुत बड़ा,काफी,बहुत बड़ा,काफी,काफी,बहुत बड़ा,काफी,काफी,काफी,काफी,काफी
India,Hindi,Married,Male,Rural,IN-UP Uttar Pradesh,35-44,Middle,Lower middle class,2022,7,1,1,7,4,"पर्यावरण संरक्षण को प्राथमिकता दी जानी चाहिए, भले ही इससे आर्थिक विकास धीमा हो जाए और कुछ नौकरियां खत्म हो जाएं।",No answer,आर्थिक विकास का उच्च स्तर,No answer,5,No answer,7,3,No answer,2,7,महत्वपूर्ण,3,हमेशा न्यायोचित,1,No answer,1,1,4,3,महत्वपूर्ण,बहुत ज़रूरी,महत्वपूर्ण,महत्वपूर्ण,महत्वपूर्ण,महत्वपूर्ण,काफी अच्छा,काफी अच्छा,काफी अच्छा,काफी अच्छा,महत्वपूर्ण,8,7,4,4,1,4,4,महत्वपूर्ण,1,No answer,व्यक्तिगत मानवाधिकारों के प्रति अत्यधिक सम्मान,काफी गर्व है,महत्वपूर्ण,पूरी तरह सहमत,पूरी तरह सहमत,बल्कि महत्वपूर्ण,सहमत,पूरी तरह सहमत,पूरी तरह सहमत,पूरी तरह सहमत,पूरी तरह सहमत,बल्कि महत्वपूर्ण,अची बात है,अची बात है,अची बात है,बहुत ज़रूरी,पूरी तरह से भरोसा करें,पूरी तरह से भरोसा करें,बहुत ज़रूरी,पूरी तरह से भरोसा करें,पूरी तरह से भरोसा करें,पूरी तरह से भरोसा करें,पूरी तरह से भरोसा करें,काफी,बहुत बड़ा,काफी,काफी,काफी,बहुत बड़ा,बहुत बड़ा,काफी,काफी,काफी,बहुत बड़ा,काफी,काफी,काफी,काफी,काफी
India,Hindi,Married,Male,Rural,IN-UP Uttar Pradesh,45-54,Middle,Lower middle class,2022,7,1,1,4,4,"पर्यावरण संरक्षण को प्राथमिकता दी जानी चाहिए, भले ही इससे आर्थिक विकास धीमा हो जाए और कुछ नौकरियां खत्म हो जाएं।",हाँ (Yes),आर्थिक विकास का उच्च स्तर,No answer,5,7,7,4,No answer,2,5,महत्वपूर्ण,3,हमेशा न्यायोचित,1,No answer,1,7,4,3,महत्वपूर्ण,बहुत ज़रूरी,महत्वपूर्ण,महत्वपूर्ण,महत्वपूर्ण,महत्वपूर्ण,काफी अच्छा,काफी अच्छा,काफी अच्छा,काफी अच्छा,महत्वपूर्ण,8,7,4,4,1,4,4,महत्वपूर्ण,1,1,व्यक्तिगत मानवाधिकारों के प्रति अत्यधिक सम्मान,काफी गर्व है,महत्वपूर्ण,पूरी तरह सहमत,पूरी तरह सहमत,बल्कि महत्वपूर्ण,सहमत,पूरी तरह सहमत,पूरी तरह सहमत,पूरी तरह सहमत,पूरी तरह सहमत,बल्कि महत्वपूर्ण,अची बात है,अची बात है,अची बात है,बहुत ज़रूरी,पूरी तरह से भरोसा करें,पूरी तरह से भरोसा करें,बहुत ज़रूरी,पूरी तरह से भरोसा करें,पूरी तरह से भरोसा करें,पूरी तरह से भरोसा करें,पूरी तरह से भरोसा करें,काफी,बहुत बड़ा,काफी,काफी,काफी,बहुत बड़ा,बहुत बड़ा,बहुत बड़ा,काफी,काफी,बहुत बड़ा,काफी,काफी,काफी,काफी,काफी
India,Hindi,Married,Male,Rural,IN-UP Uttar Pradesh,45-54,Middle,Upper middle class,2022,7,1,1,No answer,4,"पर्यावरण संरक्षण को प्राथमिकता दी जानी चाहिए, भले ही इससे आर्थिक विकास धीमा हो जाए और कुछ नौकरियां खत्म हो जाएं।",No answer,आर्थिक विकास का उच्च स्तर,No answer,7,7,7,4,No answer,2,7,महत्वपूर्ण,3,हमेशा न्यायोचित,1,No answer,1,7,4,3,महत्वपूर्ण,बहुत ज़रूरी,महत्वपूर्ण,महत्वपूर्ण,महत्वपूर्ण,महत्वपूर्ण,बहुत अच्छा,काफी अच्छा,काफी अच्छा,काफी अच्छा,महत्वपूर्ण,4,7,5,8,1,3,4,महत्वपूर्ण,4,4,व्यक्तिगत मानवाधिकारों के प्रति अत्यधिक सम्मान,काफी गर्व है,महत्वपूर्ण,पूरी तरह सहमत,पूरी तरह सहमत,बल्कि महत्वपूर्ण,सहमत,पूरी तरह सहमत,पूरी तरह सहमत,पूरी तरह सहमत,पूरी तरह सहमत,बल्कि महत्वपूर्ण,अची बात है,अची बात है,अची बात है,बहुत ज़रूरी,पूरी तरह से भरोसा करें,पूरी तरह से भरोसा करें,बहुत ज़रूरी,पूरी तरह से भरोसा करें,पूरी तरह से भरोसा करें,पूरी तरह से भरोसा करें,पूरी तरह से भरोसा करें,काफी,काफी,बहुत बड़ा,काफी,काफी,बहुत बड़ा,बहुत बड़ा,बहुत बड़ा,काफी,काफी,बहुत बड़ा,काफी,काफी,काफी,काफी,काफी
India,Hindi,Married,Male,Rural,IN-UP Uttar Pradesh,45-54,Middle,Working class,2022,7,1,1,7,4,"पर्यावरण संरक्षण को प्राथमिकता दी जानी चाहिए, भले ही इससे आर्थिक विकास धीमा हो जाए और कुछ नौकरियां खत्म हो जाएं।",No answer,आर्थिक विकास का उच्च स्तर,No answer,7,7,7,4,No answer,3,5,महत्वपूर्ण,2,हमेशा न्यायोचित,1,No answer,1,7,4,3,महत्वपूर्ण,बहुत ज़रूरी,महत्वपूर्ण,महत्वपूर्ण,महत्वपूर्ण,महत्वपूर्ण,काफी अच्छा,काफी अच्छा,काफी अच्छा,काफी अच्छा,महत्वपूर्ण,8,7,4,4,1,4,4,महत्वपूर्ण,1,1,व्यक्तिगत मानवाधिकारों के प्रति अत्यधिक सम्मान,काफी गर्व है,महत्वपूर्ण,पूरी तरह सहमत,पूरी तरह सहमत,बल्कि महत्वपूर्ण,सहमत,पूरी तरह सहमत,पूरी तरह सहमत,पूरी तरह सहमत,पूरी तरह सहमत,बहुत ज़रूरी,अची बात है,अची बात है,अची बात है,बहुत ज़रूरी,पूरी तरह से भरोसा करें,पूरी तरह से भरोसा करें,बहुत ज़रूरी,पूरी तरह से भरोसा करें,पूरी तरह से भरोसा करें,कुछ हद तक भरोसा करें,पूरी तरह से भरोसा करें,काफी,बहुत बड़ा,काफी,काफी,काफी,बहुत बड़ा,बहुत बड़ा,काफी,काफी,काफी,बहुत बड़ा,काफी,काफी,काफी,काफी,काफी
India,Hindi,Married,Male,Rural,IN-UP Uttar Pradesh,55-64,Lower,Working class,2022,7,1,4,7,4,"पर्यावरण संरक्षण को प्राथमिकता दी जानी चाहिए, भले ही इससे आर्थिक विकास धीमा हो जाए और कुछ नौकरियां खत्म हो जाएं।",हाँ (Yes),आर्थिक विकास का उच्च स्तर,No answer,7,7,7,4,No answer,3,5,महत्वपूर्ण,4,कभी भी न्यायोचित नहीं,1,No answer,7,7,4,3,महत्वपूर्ण,बहुत ज़रूरी,महत्वपूर्ण,महत्वपूर्ण,महत्वपूर्ण,महत्वपूर्ण,काफी अच्छा,काफी अच्छा,काफी अच्छा,काफी अच्छा,महत्वपूर्ण,8,7,4,4,1,4,8,महत्वपूर्ण,7,1,व्यक्तिगत मानवाधिकारों के प्रति अत्यधिक सम्मान,काफी गर्व है,महत्वपूर्ण,पूरी तरह सहमत,पूरी तरह सहमत,बल्कि महत्वपूर्ण,सहमत,पूरी तरह सहमत,पूरी तरह सहमत,पूरी तरह सहमत,पूरी तरह सहमत,बहुत ज़रूरी,अची बात है,अची बात है,अची बात है,बहुत ज़रूरी,पूरी तरह से भरोसा करें,पूरी तरह से भरोसा करें,बहुत ज़रूरी,पूरी तरह से भरोसा करें,पूरी तरह से भरोसा करें,पूरी तरह से भरोसा करें,पूरी तरह से भरोसा करें,काफी,बहुत बड़ा,बहुत बड़ा,काफी,काफी,बहुत बड़ा,काफी,बहुत बड़ा,बहुत बड़ा,काफी,बहुत बड़ा,काफी,काफी,काफी,काफी,काफी
India,Hindi,Single,Female,Urban,IN-UP Uttar Pradesh,16-24,Middle,Lower middle class,2022,7,1,4,4,4,"पर्यावरण संरक्षण को प्राथमिकता दी जानी चाहिए, भले ही इससे आर्थिक विकास धीमा हो जाए और कुछ नौकरियां खत्म हो जाएं।",No answer,यह सुनिश्चित करना कि इस देश के पास मजबूत रक्षा बल हों,राष्ट्र में व्यवस्था बनाए रखना,5,No answer,7,3,No answer,No answer,7,महत्वपूर्ण,3,हमेशा न्यायोचित,1,No answer,1,1,No answer,2,महत्वपूर्ण,बहुत ज़रूरी,महत्वपूर्ण,महत्वपूर्ण,महत्वपूर्ण,महत्वपूर्ण,No answer,काफी अच्छा,काफी अच्छा,काफी अच्छा,महत्वपूर्ण,8,7,5,9,1,5,8,महत्वपूर्ण,1,No answer,व्यक्तिगत मानवाधिकारों के प्रति अत्यधिक सम्मान,काफी गर्व है,महत्वपूर्ण,पूरी तरह सहमत,पूरी तरह सहमत,बल्कि महत्वपूर्ण,सहमत,No answer,पूरी तरह सहमत,पूरी तरह सहमत,No answer,बहुत ज़रूरी,अची बात है,अची बात है,अची बात है,बहुत ज़रूरी,पूरी तरह से भरोसा करें,कुछ हद तक भरोसा करें,बहुत ज़रूरी,पूरी तरह से भरोसा करें,पूरी तरह से भरोसा करें,कुछ हद तक भरोसा करें,पूरी तरह से भरोसा करें,काफी,बहुत बड़ा,काफी,काफी,बहुत बड़ा,बहुत बड़ा,काफी,बहुत बड़ा,बहुत बड़ा,काफी,बहुत बड़ा,काफी,काफी,काफी,काफी,काफी
India,Hindi,Single,Male,Urban,IN-UP Uttar Pradesh,16-24,Higher,Lower middle class,2022,7,1,1,No answer,4,"पर्यावरण संरक्षण को प्राथमिकता दी जानी चाहिए, भले ही इससे आर्थिक विकास धीमा हो जाए और कुछ नौकरियां खत्म हो जाएं।","हाँ (I am ready to fight for my country)

I am willing to defend my country and its interests, but I also believe that we need to prioritize our own well-being and the health of our planet.",यह सुनिश्चित करना कि इस देश के पास मजबूत रक्षा बल हों,महत्वपूर्ण सरकारी निर्णयों में लोगों की अधिक भागीदारी सुनिश्चित करना,No answer,7,7,3,No answer,No answer,7,महत्वपूर्ण,3,हमेशा न्यायोचित,1,No answer,1,1,No answer,2,महत्वपूर्ण,बहुत ज़रूरी,महत्वपूर्ण,महत्वपूर्ण,महत्वपूर्ण,महत्वपूर्ण,No answer,काफी अच्छा,काफी अच्छा,काफी अच्छा,महत्वपूर्ण,8,7,5,4,1,3,4,महत्वपूर्ण,1,No answer,व्यक्तिगत मानवाधिकारों के प्रति अत्यधिक सम्मान,काफी गर्व है,महत्वपूर्ण,पूरी तरह सहमत,पूरी तरह सहमत,बल्कि महत्वपूर्ण,पूरी तरह सहमत,सहमत,पूरी तरह सहमत,पूरी तरह सहमत,पूरी तरह सहमत,बल्कि महत्वपूर्ण,अची बात है,अची बात है,अची बात है,बहुत ज़रूरी,पूरी तरह से भरोसा करें,पूरी तरह से भरोसा करें,बहुत ज़रूरी,पूरी तरह से भरोसा करें,पूरी तरह से भरोसा करें,पूरी तरह से भरोसा करें,पूरी तरह से भरोसा करें,काफी,काफी,काफी,काफी,काफी,बहुत बड़ा,बहुत बड़ा,काफी,काफी,काफी,बहुत बड़ा,काफी,काफी,काफी,काफी,काफी
India,Hindi,Single,Male,Urban,IN-UP Uttar Pradesh,16-24,Lower,Lower class,2022,7,1,1,7,4,"पर्यावरण संरक्षण को प्राथमिकता दी जानी चाहिए, भले ही इससे आर्थिक विकास धीमा हो जाए और कुछ नौकरियां खत्म हो जाएं।","हाँ (I am ready to fight for my country)

I am willing to defend my country and its interests, but I also believe that we need to prioritize our own well-being and development before we can truly contribute to the nation's progress.",आर्थिक विकास का उच्च स्तर,महत्वपूर्ण सरकारी निर्णयों में लोगों की अधिक भागीदारी सुनिश्चित करना,No answer,7,7,3,No answer,2,5,महत्वपूर्ण,3,कभी भी न्यायोचित नहीं,1,No answer,1,1,No answer,3,महत्वपूर्ण,बहुत ज़रूरी,महत्वपूर्ण,महत्वपूर्ण,महत्वपूर्ण,महत्वपूर्ण,No answer,बहुत अच्छा,काफी अच्छा,काफी अच्छा,महत्वपूर्ण,8,7,4,9,4,7,4,महत्वपूर्ण,4,4,व्यक्तिगत मानवाधिकारों के प्रति अत्यधिक सम्मान,काफी गर्व है,महत्वपूर्ण,पूरी तरह सहमत,पूरी तरह सहमत,बल्कि महत्वपूर्ण,पूरी तरह सहमत,पूरी तरह सहमत,पूरी तरह सहमत,पूरी तरह सहमत,पूरी तरह सहमत,बहुत ज़रूरी,अची बात है,अची बात है,अची बात है,बहुत ज़रूरी,पूरी तरह से भरोसा करें,पूरी तरह से भरोसा करें,बहुत ज़रूरी,पूरी तरह से भरोसा करें,पूरी तरह से भरोसा करें,पूरी तरह से भरोसा करें,पूरी तरह से भरोसा करें,काफी,बहुत बड़ा,काफी,काफी,बहुत बड़ा,बहुत बड़ा,काफी,बहुत बड़ा,बहुत बड़ा,काफी,बहुत बड़ा,काफी,काफी,काफी,काफी,काफी
India,Hindi,Single,Male,Urban,IN-UP Uttar Pradesh,16-24,Middle,Lower class,2022,7,3,1,7,4,"पर्यावरण संरक्षण को प्राथमिकता दी जानी चाहिए, भले ही इससे आर्थिक विकास धीमा हो जाए और कुछ नौकरियां खत्म हो जाएं।","हाँ (I am ready to fight for my country)

I am willing to defend my country and its interests, but I also believe that we need to prioritize our own well-being and development before we can truly contribute to the nation's progress.",यह सुनिश्चित करना कि इस देश के पास मजबूत रक्षा बल हों,No answer,5,No answer,7,3,No answer,No answer,5,महत्वपूर्ण,3,कभी भी न्यायोचित नहीं,1,No answer,1,1,No answer,3,महत्वपूर्ण,बहुत ज़रूरी,महत्वपूर्ण,महत्वपूर्ण,महत्वपूर्ण,महत्वपूर्ण,No answer,काफी अच्छा,काफी अच्छा,काफी अच्छा,महत्वपूर्ण,8,7,5,9,4,4,4,महत्वपूर्ण,7,1,No answer,काफी गर्व है,महत्वपूर्ण,सहमत,पूरी तरह सहमत,बल्कि महत्वपूर्ण,पूरी तरह सहमत,पूरी तरह सहमत,पूरी तरह सहमत,पूरी तरह सहमत,पूरी तरह सहमत,बहुत ज़रूरी,अची बात है,अची बात है,अची बात है,बहुत ज़रूरी,पूरी तरह से भरोसा करें,कुछ हद तक भरोसा करें,बहुत ज़रूरी,पूरी तरह से भरोसा करें,पूरी तरह से भरोसा करें,पूरी तरह से भरोसा करें,कुछ हद तक भरोसा करें,काफी,बहुत बड़ा,काफी,काफी,बहुत बड़ा,बहुत बड़ा,काफी,काफी,बहुत बड़ा,काफी,बहुत बड़ा,काफी,काफी,काफी,काफी,काफी
India,Hindi,Single,Male,Urban,IN-UP Uttar Pradesh,16-24,Middle,Lower middle class,2022,7,1,1,4,4,"पर्यावरण संरक्षण को प्राथमिकता दी जानी चाहिए, भले ही इससे आर्थिक विकास धीमा हो जाए और कुछ नौकरियां खत्म हो जाएं।","हाँ (I am ready to fight for my country)

I am willing to defend my country and its interests, but I also believe that we need to prioritize our own well-being and development before we can truly contribute to the nation's progress.",यह सुनिश्चित करना कि इस देश के पास मजबूत रक्षा बल हों,No answer,5,No answer,7,3,No answer,No answer,7,महत्वपूर्ण,3,कभी भी न्यायोचित नहीं,1,No answer,1,1,No answer,2,महत्वपूर्ण,बहुत ज़रूरी,महत्वपूर्ण,महत्वपूर्ण,महत्वपूर्ण,महत्वपूर्ण,No answer,काफी अच्छा,काफी अच्छा,काफी अच्छा,महत्वपूर्ण,8,7,5,4,1,3,4,महत्वपूर्ण,1,1,व्यक्तिगत मानवाधिकारों के प्रति अत्यधिक सम्मान,काफी गर्व है,महत्वपूर्ण,पूरी तरह सहमत,पूरी तरह सहमत,बल्कि महत्वपूर्ण,पूरी तरह सहमत,सहमत,पूरी तरह सहमत,पूरी तरह सहमत,पूरी तरह सहमत,बल्कि महत्वपूर्ण,अची बात है,अची बात है,अची बात है,बहुत ज़रूरी,पूरी तरह से भरोसा करें,कुछ हद तक भरोसा करें,बहुत ज़रूरी,पूरी तरह से भरोसा करें,पूरी तरह से भरोसा करें,कुछ हद तक भरोसा करें,पूरी तरह से भरोसा करें,काफी,बहुत बड़ा,काफी,काफी,काफी,बहुत बड़ा,काफी,बहुत बड़ा,काफी,काफी,बहुत बड़ा,काफी,काफी,काफी,काफी,काफी
India,Hindi,Single,Male,Urban,IN-UP Uttar Pradesh,16-24,Middle,Working class,2022,7,1,1,7,4,"पर्यावरण संरक्षण को प्राथमिकता दी जानी चाहिए, भले ही इससे आर्थिक विकास धीमा हो जाए और कुछ नौकरियां खत्म हो जाएं।",हाँ (I,आर्थिक विकास का उच्च स्तर,No answer,5,No answer,7,3,No answer,No answer,7,महत्वपूर्ण,3,कभी भी न्यायोचित नहीं,1,No answer,1,1,No answer,3,महत्वपूर्ण,बहुत ज़रूरी,महत्वपूर्ण,महत्वपूर्ण,महत्वपूर्ण,महत्वपूर्ण,काफी अच्छा,काफी अच्छा,काफी अच्छा,काफी अच्छा,महत्वपूर्ण,8,7,1,4,1,3,4,महत्वपूर्ण,1,1,व्यक्तिगत मानवाधिकारों के प्रति अत्यधिक सम्मान,काफी गर्व है,महत्वपूर्ण,पूरी तरह सहमत,पूरी तरह सहमत,बल्कि महत्वपूर्ण,पूरी तरह सहमत,पूरी तरह सहमत,पूरी तरह सहमत,पूरी तरह सहमत,पूरी तरह सहमत,बहुत ज़रूरी,अची बात है,अची बात है,अची बात है,बहुत ज़रूरी,पूरी तरह से भरोसा करें,पूरी तरह से भरोसा करें,बहुत ज़रूरी,पूरी तरह से भरोसा करें,पूरी तरह से भरोसा करें,पूरी तरह से भरोसा करें,कुछ हद तक भरोसा करें,काफी,काफी,काफी,काफी,काफी,बहुत बड़ा,बहुत बड़ा,काफी,काफी,काफी,बहुत बड़ा,काफी,काफी,काफी,काफी,काफी
India,Hindi,Married,Male,Urban,IN-UP Uttar Pradesh,35-44,Middle,Lower middle class,2022,7,1,1,4,4,"पर्यावरण संरक्षण को प्राथमिकता दी जानी चाहिए, भले ही इससे आर्थिक विकास धीमा हो जाए और कुछ नौकरियां खत्म हो जाएं।",No answer,आर्थिक विकास का उच्च स्तर,No answer,5,7,7,3,No answer,2,7,महत्वपूर्ण,3,हमेशा न्यायोचित,1,No answer,1,1,No answer,2,महत्वपूर्ण,बल्कि महत्वपूर्ण,महत्वपूर्ण,महत्वपूर्ण,महत्वपूर्ण,महत्वपूर्ण,No answer,काफी अच्छा,काफी अच्छा,काफी अच्छा,महत्वपूर्ण,8,7,4,4,1,4,4,महत्वपूर्ण,4,No answer,व्यक्तिगत मानवाधिकारों के प्रति अत्यधिक सम्मान,काफी गर्व है,महत्वपूर्ण,पूरी तरह सहमत,पूरी तरह सहमत,बल्कि महत्वपूर्ण,सहमत,पूरी तरह सहमत,पूरी तरह सहमत,पूरी तरह सहमत,पूरी तरह सहमत,बल्कि महत्वपूर्ण,अची बात है,अची बात है,अची बात है,बहुत ज़रूरी,पूरी तरह से भरोसा करें,पूरी तरह से भरोसा करें,बहुत ज़रूरी,पूरी तरह से भरोसा करें,पूरी तरह से भरोसा करें,कुछ हद तक भरोसा करें,पूरी तरह से भरोसा करें,काफी,काफी,काफी,काफी,काफी,बहुत बड़ा,बहुत बड़ा,काफी,काफी,काफी,बहुत बड़ा,काफी,काफी,काफी,काफी,काफी
India,Hindi,Married,Male,Urban,IN-UP Uttar Pradesh,35-44,Middle,Working class,2022,7,1,1,7,4,"पर्यावरण संरक्षण को प्राथमिकता दी जानी चाहिए, भले ही इससे आर्थिक विकास धीमा हो जाए और कुछ नौकरियां खत्म हो जाएं।",No answer,आर्थिक विकास का उच्च स्तर,No answer,5,7,7,3,No answer,No answer,2,महत्वपूर्ण,2,हमेशा न्यायोचित,1,No answer,1,1,No answer,2,महत्वपूर्ण,बहुत ज़रूरी,महत्वपूर्ण,महत्वपूर्ण,महत्वपूर्ण,महत्वपूर्ण,No answer,काफी अच्छा,काफी अच्छा,काफी अच्छा,महत्वपूर्ण,8,7,4,4,1,4,4,महत्वपूर्ण,4,1,व्यक्तिगत मानवाधिकारों के प्रति अत्यधिक सम्मान,काफी गर्व है,महत्वपूर्ण,पूरी तरह सहमत,पूरी तरह सहमत,बल्कि महत्वपूर्ण,सहमत,पूरी तरह सहमत,पूरी तरह सहमत,सहमत,पूरी तरह सहमत,बहुत ज़रूरी,अची बात है,अची बात है,अची बात है,बहुत ज़रूरी,पूरी तरह से भरोसा करें,पूरी तरह से भरोसा करें,बहुत ज़रूरी,पूरी तरह से भरोसा करें,पूरी तरह से भरोसा करें,पूरी तरह से भरोसा करें,पूरी तरह से भरोसा करें,काफी,काफी,काफी,काफी,काफी,बहुत बड़ा,बहुत बड़ा,काफी,काफी,काफी,बहुत बड़ा,काफी,काफी,काफी,काफी,काफी
India,Hindi,Married,Male,Urban,IN-UP Uttar Pradesh,45-54,Middle,Lower middle class,2022,7,1,1,4,4,"पर्यावरण संरक्षण को प्राथमिकता दी जानी चाहिए, भले ही इससे आर्थिक विकास धीमा हो जाए और कुछ नौकरियां खत्म हो जाएं।",No answer,आर्थिक विकास का उच्च स्तर,No answer,7,7,7,3,No answer,2,7,महत्वपूर्ण,3,हमेशा न्यायोचित,1,No answer,1,1,No answer,2,महत्वपूर्ण,बहुत ज़रूरी,महत्वपूर्ण,महत्वपूर्ण,महत्वपूर्ण,महत्वपूर्ण,No answer,काफी अच्छा,काफी अच्छा,काफी अच्छा,महत्वपूर्ण,8,7,4,4,1,4,8,महत्वपूर्ण,5,4,व्यक्तिगत मानवाधिकारों के प्रति अत्यधिक सम्मान,काफी गर्व है,महत्वपूर्ण,पूरी तरह सहमत,पूरी तरह सहमत,बल्कि महत्वपूर्ण,सहमत,पूरी तरह सहमत,पूरी तरह सहमत,पूरी तरह सहमत,पूरी तरह सहमत,बल्कि महत्वपूर्ण,अची बात है,अची बात है,अची बात है,बहुत ज़रूरी,पूरी तरह से भरोसा करें,पूरी तरह से भरोसा करें,बहुत ज़रूरी,पूरी तरह से भरोसा करें,पूरी तरह से भरोसा करें,कुछ हद तक भरोसा करें,पूरी तरह से भरोसा करें,काफी,बहुत बड़ा,काफी,काफी,काफी,बहुत बड़ा,बहुत बड़ा,काफी,काफी,काफी,बहुत बड़ा,काफी,काफी,काफी,काफी,काफी
India,Bengali; Bangla,Single,Female,Rural,IN-WB West Bengal,16-24,Middle,Lower middle class,2022,7,3,4,4,4,"पर्यावरण संरक्षण को प्राथमिकता दी जानी चाहिए, भले ही इससे आर्थिक विकास धीमा हो जाए और कुछ नौकरियां खत्म हो जाएं।",हाँ,यह देखना कि लोगों को अपने कार्यस्थल और अपने समुदाय में काम करने के तरीके के बारे में अधिक बोलने का अधिकार है,No answer,No answer,7,7,3,4,2,7,महत्वपूर्ण,3,हमेशा न्यायोचित,3,5,1,1,No answer,3,महत्वपूर्ण,बल्कि महत्वपूर्ण,महत्वपूर्ण,महत्वपूर्ण,महत्वपूर्ण,महत्वपूर्ण,बहुत अच्छा,No answer,काफी अच्छा,काफी अच्छा,महत्वपूर्ण,4,7,9,4,3,3,4,महत्वपूर्ण,7,1,व्यक्तिगत मानवाधिकारों के प्रति अत्यधिक सम्मान,काफी गर्व है,महत्वपूर्ण,पूरी तरह सहमत,पूरी तरह सहमत,बहुत ज़रूरी,सहमत,सहमत,पूरी तरह सहमत,सहमत,पूरी तरह सहमत,बल्कि महत्वपूर्ण,अची बात है,अची बात है,अची बात है,बल्कि महत्वपूर्ण,कुछ हद तक भरोसा करें,कुछ हद तक भरोसा करें,बहुत ज़रूरी,पूरी तरह से भरोसा करें,पूरी तरह से भरोसा करें,कुछ हद तक भरोसा करें,पूरी तरह से भरोसा करें,काफी,काफी,काफी,काफी,बहुत बड़ा,बहुत बड़ा,बहुत बड़ा,बहुत बड़ा,काफी,काफी,बहुत बड़ा,काफी,काफी,काफी,काफी,काफी
India,Bengali; Bangla,Single,Male,Rural,IN-WB West Bengal,16-24,Middle,Lower middle class,2022,7,1,4,4,4,"पर्यावरण संरक्षण को प्राथमिकता दी जानी चाहिए, भले ही इससे आर्थिक विकास धीमा हो जाए और कुछ नौकरियां खत्म हो जाएं।",हाँ,आर्थिक विकास का उच्च स्तर,राष्ट्र में व्यवस्था बनाए रखना,7,7,7,4,7,3,3,महत्वपूर्ण,3,हमेशा न्यायोचित,3,7,1,1,No answer,3,महत्वपूर्ण,बल्कि महत्वपूर्ण,महत्वपूर्ण,महत्वपूर्ण,महत्वपूर्ण,महत्वपूर्ण,बहुत अच्छा,काफी अच्छा,काफी अच्छा,काफी अच्छा,महत्वपूर्ण,8,7,5,4,7,4,4,महत्वपूर्ण,5,7,No answer,काफी गर्व है,महत्वपूर्ण,पूरी तरह सहमत,पूरी तरह सहमत,बहुत ज़रूरी,सहमत,सहमत,पूरी तरह सहमत,सहमत,पूरी तरह सहमत,बल्कि महत्वपूर्ण,अची बात है,अची बात है,अची बात है,बल्कि महत्वपूर्ण,पूरी तरह से भरोसा करें,कुछ हद तक भरोसा करें,बहुत ज़रूरी,पूरी तरह से भरोसा करें,पूरी तरह से भरोसा करें,पूरी तरह से भरोसा करें,कुछ हद तक भरोसा करें,काफी,बहुत बड़ा,काफी,काफी,काफी,बहुत बड़ा,काफी,बहुत बड़ा,काफी,काफी,बहुत बड़ा,काफी,काफी,काफी,काफी,काफी
India,Other,Single,Male,Rural,IN-WB West Bengal,16-24,Middle,Lower middle class,2022,7,1,4,4,4,"पर्यावरण संरक्षण को प्राथमिकता दी जानी चाहिए, भले ही इससे आर्थिक विकास धीमा हो जाए और कुछ नौकरियां खत्म हो जाएं।",No answer,आर्थिक विकास का उच्च स्तर,राष्ट्र में व्यवस्था बनाए रखना,7,7,7,4,7,3,7,महत्वपूर्ण,3,हमेशा न्यायोचित,3,7,1,1,No answer,3,महत्वपूर्ण,बल्कि महत्वपूर्ण,महत्वपूर्ण,महत्वपूर्ण,महत्वपूर्ण,महत्वपूर्ण,काफी अच्छा,काफी अच्छा,काफी अच्छा,काफी अच्छा,महत्वपूर्ण,8,7,5,4,4,3,4,महत्वपूर्ण,5,1,व्यक्तिगत मानवाधिकारों के प्रति अत्यधिक सम्मान,काफी गर्व है,महत्वपूर्ण,सहमत,पूरी तरह सहमत,बहुत ज़रूरी,सहमत,पूरी तरह सहमत,पूरी तरह सहमत,पूरी तरह सहमत,पूरी तरह सहमत,बल्कि महत्वपूर्ण,अची बात है,अची बात है,No answer,बल्कि महत्वपूर्ण,पूरी तरह से भरोसा करें,कुछ हद तक भरोसा करें,बहुत ज़रूरी,पूरी तरह से भरोसा करें,पूरी तरह से भरोसा करें,पूरी तरह से भरोसा करें,कुछ हद तक भरोसा करें,काफी,काफी,काफी,काफी,काफी,बहुत बड़ा,काफी,बहुत बड़ा,काफी,काफी,बहुत बड़ा,काफी,काफी,काफी,काफी,काफी
India,Bengali; Bangla,Married,Male,Rural,IN-WB West Bengal,45-54,Middle,Lower middle class,2022,7,1,4,4,4,"पर्यावरण संरक्षण को प्राथमिकता दी जानी चाहिए, भले ही इससे आर्थिक विकास धीमा हो जाए और कुछ नौकरियां खत्म हो जाएं।",No answer,आर्थिक विकास का उच्च स्तर,No answer,7,7,7,3,5,2,5,महत्वपूर्ण,3,कभी भी न्यायोचित नहीं,7,7,7,1,No answer,3,महत्वपूर्ण,बल्कि महत्वपूर्ण,महत्वपूर्ण,महत्वपूर्ण,महत्वपूर्ण,महत्वपूर्ण,बहुत अच्छा,काफी अच्छा,काफी अच्छा,काफी अच्छा,महत्वपूर्ण,8,7,5,4,3,5,8,महत्वपूर्ण,7,7,व्यक्तिगत मानवाधिकारों के प्रति अत्यधिक सम्मान,काफी गर्व है,महत्वपूर्ण,सहमत,सहमत,बहुत ज़रूरी,पूरी तरह सहमत,पूरी तरह सहमत,पूरी तरह सहमत,पूरी तरह सहमत,No answer,बल्कि महत्वपूर्ण,अची बात है,अची बात है,अची बात है,बल्कि महत्वपूर्ण,पूरी तरह से भरोसा करें,कुछ हद तक भरोसा करें,बहुत ज़रूरी,पूरी तरह से भरोसा करें,पूरी तरह से भरोसा करें,कुछ हद तक भरोसा करें,पूरी तरह से भरोसा करें,काफी,बहुत बड़ा,काफी,काफी,काफी,बहुत बड़ा,काफी,बहुत बड़ा,काफी,काफी,बहुत बड़ा,काफी,काफी,काफी,काफी,काफी
