language,marital_status,gender,urban_rural,region,age,education_level,social_class,country_name,Q106,Q107,Q108,Q109,Q110,Q111,Q151,Q152,Q154,Q156,Q158,Q159,Q160,Q163,Q164,Q177,Q178,Q18,Q180,Q181,Q182,Q183,Q184,Q185,Q187,Q189,Q19,Q2,Q20,Q21,Q22,Q23,Q235,Q236,Q237,Q238,Q24,Q241,Q242,Q243,Q244,Q245,Q246,Q249,Q25,Q250,Q251,Q253,Q254,Q26,Q27,Q29,Q3,Q30,Q31,Q32,Q33,Q34,Q4,Q43,Q44,Q45,Q5,Q58,Q59,Q6,Q60,Q61,Q62,Q63,Q64,Q65,Q66,Q67,Q68,Q69,Q70,Q71,Q72,Q73,Q74,Q77,Q79,Q80,Q81,Q83
Hindi,Single,Female,Rural,IN-BR Bihar,16-24,Higher,Lower middle class,india,6,6,6,5,2,"Economic growth and creating jobs should be the top priority, even if the environment suffers to some extent.",Yes,A high level of economic growth,Fighting rising prices,Progress toward a less impersonal and more humane society,7,8,3,7,9,Never justifiable,Never justifiable,Important,Never justifiable,Never justifiable,3,1,4,3,1,3,Not important,Very important,Not important,Not important,Not important,Not important,Very bad,Fairly bad,Very bad,Fairly good,Not important,9,1,10,2,1,9,10,Not important,9,4,Not much respect,Quite proud,Not important,Agree strongly,Agree,Rather important,Agree strongly,Agree,Agree,Disagree strongly,Agree,Not very important,Bad thing,Good thing,Bad thing,Very important,Trust completely,Trust somewhat,Rather important,Trust completely,Do not trust very much,Do not trust very much,Do not trust very much,Quite a lot,A great deal,Not very much,Not very much,None at all,Not very much,None at all,Not very much,Not very much,Not very much,Not very much,Not very much,Not very much,Not very much,Quite a lot,Not very much
Hindi,Single,Female,Rural,IN-BR Bihar,16-24,Middle,Lower middle class,india,6,6,1,3,2,"Economic growth and creating jobs should be the top priority, even if the environment suffers to some extent.",Yes,A high level of economic growth,Fighting rising prices,A stable economy,6,7,8,6,10,Never justifiable,Always justifiable,Important,Never justifiable,Never justifiable,1,1,2,1,1,3,Not important,Very important,Not important,Not important,Not important,Not important,Very bad,Fairly bad,Very bad,Fairly good,Not important,6,1,10,2,1,7,10,Not important,7,4,Not much respect,Quite proud,Not important,Agree strongly,Agree,Rather important,Agree strongly,Agree,Agree strongly,Disagree strongly,Agree,Not at all important,Bad thing,Bad thing,Good thing,Very important,Trust completely,Trust somewhat,Rather important,Trust completely,Do not trust at all,Do not trust very much,Do not trust at all,Quite a lot,A great deal,None at all,Not very much,None at all,Not very much,None at all,Not very much,None at all,Not very much,Not very much,Not very much,Not very much,Not very much,Quite a lot,Not very much
Hindi,Married,Female,Rural,IN-BR Bihar,25-34,Higher,Lower middle class,india,6,4,6,6,2,"Economic growth and creating jobs should be the top priority, even if the environment suffers to some extent.",Yes,A high level of economic growth,Fighting rising prices,Progress toward a less impersonal and more humane society,7,8,6,7,10,Never justifiable,Never justifiable,Important,Never justifiable,Never justifiable,3,1,4,3,1,3,Not important,Very important,Not important,Not important,Not important,Not important,Very bad,Fairly bad,Very bad,Fairly good,Not important,8,1,10,2,1,9,10,Important,9,4,Not much respect,Quite proud,Not important,Agree strongly,Agree,Rather important,Agree strongly,Agree,Agree,Disagree strongly,Agree,Not very important,Bad thing,Good thing,Bad thing,Rather important,Trust completely,Trust somewhat,Very important,Trust completely,Do not trust very much,Trust somewhat,Do not trust very much,Quite a lot,A great deal,Not very much,Not very much,None at all,Not very much,Not very much,Not very much,Not very much,Not very much,Not very much,Quite a lot,Not very much,Not very much,Quite a lot,Not very much
Hindi,Married,Female,Rural,IN-BR Bihar,45-54,Middle,Lower middle class,india,6,4,2,4,1,"Economic growth and creating jobs should be the top priority, even if the environment suffers to some extent.",Yes,A high level of economic growth,Fighting rising prices,Progress toward a less impersonal and more humane society,6,7,9,6,10,Never justifiable,Never justifiable,Important,Never justifiable,Never justifiable,1,1,3,2,1,3,Not important,Very important,Not important,Not important,Not important,Not important,Fairly bad,Fairly bad,Very bad,Fairly good,Not important,6,1,10,2,1,6,9,Important,7,3,Not much respect,Quite proud,Not important,Agree strongly,Agree,Rather important,Agree strongly,Agree,Agree strongly,Disagree,Agree,Not very important,Bad thing,Bad thing,Good thing,Very important,Trust completely,Trust somewhat,Very important,Trust completely,Do not trust very much,Do not trust very much,Do not trust very much,Quite a lot,A great deal,None at all,Not very much,None at all,Not very much,None at all,Not very much,None at all,Not very much,Not very much,Not very much,Not very much,Not very much,Quite a lot,Not very much
Hindi,Single,Male,Rural,IN-BR Bihar,16-24,Middle,Lower middle class,india,6,4,2,4,8,"Economic growth and creating jobs should be the top priority, even if the environment suffers to some extent.",Yes,A high level of economic growth,Fighting rising prices,A stable economy,6,7,6,6,10,Never justifiable,Always justifiable,Important,Never justifiable,Always justifiable,1,1,2,1,1,3,Not important,Very important,Not important,Not important,Not important,Not important,Fairly good,Fairly bad,Very bad,Fairly good,Not important,6,1,10,2,1,6,7,Not important,7,4,Not much respect,Quite proud,Not important,Agree strongly,Agree,Rather important,Agree strongly,Agree,Agree,Disagree,Agree,Not very important,Bad thing,Bad thing,Good thing,Very important,Trust completely,Trust somewhat,Rather important,Trust completely,Do not trust at all,Do not trust very much,Do not trust very much,Not very much,A great deal,None at all,Not very much,None at all,Not very much,None at all,Not very much,Not very much,Not very much,Not very much,Not very much,Not very much,None at all,Quite a lot,Not very much
Hindi,Single,Male,Rural,IN-BR Bihar,16-24,Middle,Upper middle class,india,7,2,7,7,2,"Economic growth and creating jobs should be the top priority, even if the environment suffers to some extent.",Yes,A high level of economic growth,Fighting rising prices,A stable economy,8,9,2,8,9,Never justifiable,Never justifiable,Important,Never justifiable,Never justifiable,1,1,2,3,1,3,Not important,Very important,Not important,Not important,Not important,Not important,Fairly good,Fairly good,Very bad,Very good,Not important,6,1,10,2,1,8,9,Not important,9,5,Not much respect,Quite proud,Not important,Agree strongly,Agree,Rather important,Agree strongly,Agree,Agree,Disagree,Agree,Not very important,Bad thing,Good thing,Good thing,Very important,Trust completely,Trust completely,Rather important,Trust completely,Do not trust very much,Trust somewhat,Do not trust very much,Quite a lot,A great deal,Not very much,Quite a lot,None at all,Not very much,Not very much,Not very much,Not very much,Not very much,Quite a lot,A great deal,Not very much,Not very much,Quite a lot,Not very much
Hindi,Married,Male,Rural,IN-BR Bihar,25-34,Higher,Lower middle class,india,6,4,6,7,2,"Economic growth and creating jobs should be the top priority, even if the environment suffers to some extent.",Yes,A high level of economic growth,Fighting rising prices,A stable economy,7,8,4,7,9,Never justifiable,Never justifiable,Important,Never justifiable,Never justifiable,3,1,3,3,1,3,Not important,Very important,Not important,Not important,Not important,Not important,Fairly bad,Fairly bad,Very bad,Fairly good,Not important,8,1,10,2,1,9,8,Not important,9,4,Not much respect,Quite proud,Not important,Agree strongly,Agree,Rather important,Agree strongly,Agree,Agree,Disagree,Agree,Not very important,Bad thing,Good thing,Bad thing,Very important,Trust completely,Trust somewhat,Rather important,Trust completely,Do not trust very much,Trust somewhat,Do not trust very much,Quite a lot,A great deal,Not very much,Not very much,None at all,Not very much,Not very much,Not very much,Not very much,Not very much,Not very much,Quite a lot,Not very much,Not very much,Quite a lot,Not very much
Hindi,Married,Male,Rural,IN-BR Bihar,25-34,Middle,Lower middle class,india,6,4,6,5,2,"Economic growth and creating jobs should be the top priority, even if the environment suffers to some extent.",Yes,A high level of economic growth,Fighting rising prices,A stable economy,6,7,8,6,10,Never justifiable,Always justifiable,Important,Never justifiable,Never justifiable,1,1,2,1,1,3,Not important,Very important,Not important,Not important,Not important,Not important,Fairly good,Fairly bad,Very bad,Fairly good,Not important,6,1,10,2,1,7,8,Not important,7,4,Not much respect,Quite proud,Not important,Agree strongly,Agree,Rather important,Agree strongly,Agree,Agree strongly,Neither agree nor disagree,Agree,Not very important,Bad thing,Bad thing,Good thing,Very important,Trust completely,Trust somewhat,Very important,Trust completely,Do not trust at all,Do not trust very much,Do not trust very much,Quite a lot,A great deal,Not very much,Not very much,None at all,Not very much,None at all,Not very much,Not very much,Not very much,Not very much,Not very much,Not very much,None at all,Quite a lot,Not very much
Hindi,Single,Male,Rural,IN-BR Bihar,25-34,Higher,Lower middle class,india,6,3,6,6,2,"Economic growth and creating jobs should be the top priority, even if the environment suffers to some extent.",Yes,A high level of economic growth,Fighting rising prices,A stable economy,7,8,4,7,9,Never justifiable,Never justifiable,Important,Never justifiable,Never justifiable,3,1,4,3,1,3,Not important,Very important,Not important,Not important,Not important,Not important,Fairly bad,Fairly bad,Very bad,Fairly good,Not important,9,1,10,2,1,9,10,Not important,9,4,Not much respect,Quite proud,Not important,Agree strongly,Agree,Rather important,Agree strongly,Agree,Agree,Disagree strongly,Agree,Not very important,Bad thing,Good thing,Bad thing,Very important,Trust completely,Trust somewhat,Rather important,Trust completely,Do not trust very much,Trust somewhat,Do not trust very much,Not very much,A great deal,Not very much,Not very much,None at all,Not very much,Not very much,Not very much,Not very much,Not very much,Not very much,Quite a lot,Not very much,Not very much,Quite a lot,Not very much
Hindi,Married,Male,Rural,IN-BR Bihar,35-44,Middle,Lower middle class,india,6,4,6,5,2,"Economic growth and creating jobs should be the top priority, even if the environment suffers to some extent.",Yes,A high level of economic growth,Fighting rising prices,A stable economy,6,7,8,6,10,Never justifiable,Never justifiable,Important,Never justifiable,Never justifiable,1,1,2,1,1,3,Not important,Very important,Not important,Not important,Not important,Not important,Fairly good,Fairly bad,Very bad,Fairly good,Not important,6,1,10,2,1,7,6,Not important,7,4,Not much respect,Quite proud,Not important,Agree strongly,Agree,Rather important,Agree strongly,Agree,Agree strongly,Disagree,Agree,Not very important,Bad thing,Bad thing,Good thing,Very important,Trust completely,Trust somewhat,Very important,Trust completely,Do not trust at all,Do not trust very much,Do not trust very much,Quite a lot,A great deal,Not very much,Not very much,None at all,Not very much,Not very much,Not very much,Not very much,Not very much,Not very much,Not very much,Not very much,None at all,Quite a lot,Not very much
Hindi,Married,Male,Rural,IN-BR Bihar,45-54,Lower,Upper middle class,india,6,3,7,6,2,"Economic growth and creating jobs should be the top priority, even if the environment suffers to some extent.",Yes,A high level of economic growth,Fighting rising prices,A stable economy,7,8,7,6,10,Never justifiable,Never justifiable,Important,Never justifiable,Never justifiable,1,1,2,2,1,3,Not important,Very important,Not important,Not important,Not important,Not important,Fairly good,Fairly bad,Very bad,Fairly good,Not important,6,1,10,2,1,7,6,Not important,8,4,Not much respect,Quite proud,Not important,Agree strongly,Agree strongly,Rather important,Agree strongly,Agree,Agree strongly,Neither agree nor disagree,Agree,Not very important,Bad thing,Bad thing,Good thing,Very important,Trust completely,Trust somewhat,Very important,Trust completely,Do not trust at all,Do not trust very much,Do not trust very much,Quite a lot,A great deal,Not very much,Quite a lot,None at all,Not very much,Not very much,Not very much,Not very much,Not very much,Not very much,Quite a lot,Not very much,None at all,Quite a lot,Not very much
Hindi,Married,Male,Rural,IN-BR Bihar,45-54,Middle,Lower middle class,india,6,4,6,5,2,"Economic growth and creating jobs should be the top priority, even if the environment suffers to some extent.",Yes,A high level of economic growth,Fighting rising prices,A stable economy,6,7,8,6,10,Never justifiable,Never justifiable,Important,Never justifiable,Never justifiable,1,1,2,1,1,3,Not important,Very important,Not important,Not important,Not important,Not important,Fairly good,Fairly bad,Very bad,Fairly good,Not important,6,1,10,2,1,7,6,Important,7,4,Not much respect,Quite proud,Not important,Agree strongly,Agree,Rather important,Agree strongly,Agree,Agree strongly,Neither agree nor disagree,Agree,Not very important,Bad thing,Bad thing,Good thing,Very important,Trust completely,Trust somewhat,Very important,Trust completely,Do not trust at all,Do not trust very much,Do not trust very much,Quite a lot,A great deal,Not very much,Not very much,None at all,Not very much,Not very much,Not very much,Not very much,Not very much,Not very much,Not very much,Not very much,None at all,Quite a lot,Not very much
Hindi,Married,Male,Rural,IN-BR Bihar,55-64,Middle,Lower middle class,india,7,4,6,5,2,"Economic growth and creating jobs should be the top priority, even if the environment suffers to some extent.",Yes,A high level of economic growth,Fighting rising prices,A stable economy,6,7,8,6,10,Never justifiable,Never justifiable,Important,Never justifiable,Never justifiable,1,1,2,1,1,3,Not important,Very important,Not important,Not important,Not important,Not important,Fairly good,Fairly bad,Very bad,Fairly good,Not important,6,1,10,2,1,7,6,Not important,7,4,Not much respect,Quite proud,Not important,Agree strongly,Agree,Rather important,Agree strongly,Agree,Agree,Disagree,Agree,Not very important,Bad thing,Bad thing,Good thing,Very important,Trust completely,Trust somewhat,Very important,Trust completely,Do not trust very much,Do not trust very much,Do not trust very much,Quite a lot,A great deal,Not very much,Not very much,None at all,Not very much,Not very much,Not very much,Not very much,Not very much,Not very much,Not very much,Not very much,Not very much,Quite a lot,Not very much
Hindi,Single,Male,Urban,IN-BR Bihar,16-24,Middle,Upper middle class,india,7,2,6,7,4,"Economic growth and creating jobs should be the top priority, even if the environment suffers to some extent.",Yes,A high level of economic growth,Fighting rising prices,A stable economy,8,9,3,8,8,Never justifiable,Never justifiable,Important,Never justifiable,Never justifiable,3,1,4,4,1,3,Not important,Very important,Not important,Not important,Not important,Not important,Fairly bad,Fairly good,Very bad,Very good,Not important,7,1,10,2,1,9,9,Not important,10,6,Fairly much respect,Quite proud,Not important,Agree strongly,Agree,Rather important,Agree strongly,Agree,Agree,Disagree,Agree,Not very important,Bad thing,Good thing,Bad thing,Very important,Trust completely,Trust somewhat,Rather important,Trust completely,Do not trust very much,Trust somewhat,Do not trust very much,Not very much,A great deal,Not very much,Quite a lot,None at all,Not very much,Not very much,Not very much,Not very much,Not very much,Not very much,Quite a lot,Not very much,Not very much,Quite a lot,Not very much
Hindi,Single,Female,Rural,IN-DL Delhi,16-24,Middle,Upper middle class,india,6,3,7,6,1,"Economic growth and creating jobs should be the top priority, even if the environment suffers to some extent.",Yes,A high level of economic growth,Fighting rising prices,Progress toward a less impersonal and more humane society,8,9,3,8,9,Never justifiable,Never justifiable,Important,Never justifiable,Never justifiable,3,1,4,4,1,3,Not important,Very important,Not important,Not important,Not important,Not important,Very bad,Fairly good,Very bad,Very good,Not important,7,1,10,2,1,9,10,Not important,10,6,Fairly much respect,Quite proud,Not important,Agree strongly,Agree,Rather important,Agree,Agree,Agree,Disagree strongly,Agree,Not very important,Bad thing,Good thing,Bad thing,Rather important,Trust completely,Trust somewhat,Rather important,Trust completely,Do not trust very much,Trust somewhat,Do not trust very much,Not very much,A great deal,None at all,Quite a lot,None at all,Not very much,Not very much,Not very much,Not very much,Not very much,Quite a lot,A great deal,Not very much,Not very much,Quite a lot,Not very much
Hindi,Single,Female,Urban,IN-DL Delhi,16-24,Middle,Lower middle class,india,6,4,6,6,8,"Economic growth and creating jobs should be the top priority, even if the environment suffers to some extent.",Yes,A high level of economic growth,Fighting rising prices,A stable economy,7,8,3,7,8,Never justifiable,Never justifiable,Important,Never justifiable,Never justifiable,3,1,4,4,1,3,Not important,Very important,Not important,Not important,Not important,Not important,Very bad,Fairly bad,Very bad,Fairly good,Not important,6,1,10,2,1,7,10,Not important,8,4,Not much respect,Quite proud,Not important,Agree strongly,Agree,Rather important,Agree,Agree,Agree,Disagree strongly,Agree,Not at all important,Bad thing,Good thing,Bad thing,Rather important,Trust completely,Trust somewhat,Rather important,Trust somewhat,Do not trust very much,Trust somewhat,Do not trust very much,Not very much,A great deal,None at all,Not very much,None at all,Not very much,None at all,Not very much,Not very much,Not very much,Not very much,Not very much,Not very much,Not very much,Quite a lot,Not very much
Hindi,Single,Female,Urban,IN-DL Delhi,16-24,Middle,Upper middle class,india,7,2,6,8,4,"Economic growth and creating jobs should be the top priority, even if the environment suffers to some extent.",Yes,A high level of economic growth,Fighting rising prices,Progress toward a less impersonal and more humane society,8,9,2,8,7,Never justifiable,Never justifiable,Important,Never justifiable,Never justifiable,6,2,5,7,2,3,Not important,Very important,Not important,Not important,Not important,Not important,Very bad,Fairly good,Very bad,Very good,Not important,7,1,10,2,1,10,10,Not important,10,6,Fairly much respect,Quite proud,Not important,Agree strongly,Agree,Rather important,Agree,Disagree,Strongly disagree,Disagree strongly,Agree,Not very important,Bad thing,Good thing,Bad thing,Rather important,Trust completely,Trust somewhat,Not very important,Trust completely,Do not trust very much,Trust somewhat,Do not trust very much,Not very much,A great deal,Not very much,Quite a lot,None at all,Not very much,Not very much,Not very much,Not very much,Not very much,Not very much,Quite a lot,Quite a lot,Not very much,Quite a lot,Not very much
Hindi,Married,Female,Urban,IN-DL Delhi,25-34,Higher,Upper middle class,india,7,2,4,9,3,"Economic growth and creating jobs should be the top priority, even if the environment suffers to some extent.",Yes,A high level of economic growth,Fighting rising prices,Progress toward a less impersonal and more humane society,9,9,3,9,8,Never justifiable,Never justifiable,Important,Never justifiable,Never justifiable,7,3,6,7,3,1,Not important,Very important,Important,Not important,Not important,Not important,Very bad,Fairly good,Very bad,Very good,Not important,7,1,10,2,1,10,10,Not important,10,6,Fairly much respect,Quite proud,Not important,Agree strongly,Strongly disagree,Rather important,Disagree,Strongly disagree,Strongly disagree,Disagree strongly,Disagree,Not very important,Bad thing,Good thing,Bad thing,Very important,Trust completely,Trust somewhat,Rather important,Trust completely,Do not trust very much,Trust somewhat,Do not trust very much,Not very much,A great deal,Not very much,Quite a lot,None at all,Quite a lot,Not very much,Not very much,Not very much,Not very much,Quite a lot,A great deal,Quite a lot,A great deal,Quite a lot,Not very much
Hindi,Single,Male,Urban,IN-DL Delhi,16-24,Higher,Lower middle class,india,7,3,7,8,6,"Economic growth and creating jobs should be the top priority, even if the environment suffers to some extent.",Yes,A high level of economic growth,Fighting rising prices,A stable economy,8,9,3,8,5,Never justifiable,Never justifiable,Important,Never justifiable,Never justifiable,5,2,4,6,3,3,Not important,Very important,Not important,Not important,Not important,Not important,Very bad,Fairly good,Very bad,Very good,Not important,7,1,10,2,1,9,10,Not important,10,5,Not much respect,Quite proud,Not important,Agree strongly,Agree,Rather important,Agree,Disagree,Strongly disagree,Disagree strongly,Agree,Not very important,Bad thing,Good thing,Bad thing,Very important,Trust completely,Trust somewhat,Not very important,Trust somewhat,Do not trust very much,Trust somewhat,Do not trust very much,Not very much,A great deal,Not very much,Not very much,None at all,Not very much,Not very much,Not very much,Not very much,Not very much,Not very much,Quite a lot,Not very much,Not very much,Quite a lot,Not very much
Hindi,Single,Male,Urban,IN-DL Delhi,16-24,Middle,Lower middle class,india,6,4,6,7,8,"Economic growth and creating jobs should be the top priority, even if the environment suffers to some extent.",Yes,A high level of economic growth,Fighting rising prices,A stable economy,7,8,4,7,7,Never justifiable,Always justifiable,Important,Never justifiable,Never justifiable,3,1,4,3,1,3,Not important,Very important,Not important,Not important,Not important,Not important,Fairly bad,Fairly bad,Very bad,Fairly good,Not important,7,1,10,2,1,7,8,Not important,8,4,Not much respect,Quite proud,Not important,Agree strongly,Agree,Rather important,Agree,Agree,Agree,Disagree,Agree,Not very important,Bad thing,Good thing,Bad thing,Rather important,Trust completely,Trust somewhat,Rather important,Trust somewhat,Do not trust at all,Trust somewhat,Do not trust very much,Not very much,A great deal,Not very much,Not very much,None at all,Not very much,Not very much,Not very much,Not very much,Not very much,Not very much,Not very much,Not very much,None at all,Quite a lot,Not very much
Hindi,Single,Male,Urban,IN-DL Delhi,16-24,Middle,Upper middle class,india,7,2,4,8,2,"Economic growth and creating jobs should be the top priority, even if the environment suffers to some extent.",Yes,A high level of economic growth,Fighting rising prices,A stable economy,9,9,3,8,6,Never justifiable,Never justifiable,Important,Never justifiable,Never justifiable,5,2,4,6,2,3,Not important,Very important,Not important,Not important,Not important,Not important,Fairly bad,Fairly good,Very bad,Very good,Not important,7,1,10,2,1,9,10,Not important,10,6,Fairly much respect,Quite proud,Not important,Agree strongly,Agree,Rather important,Agree,Agree,Strongly disagree,Disagree strongly,Agree,Not very important,Bad thing,Good thing,Bad thing,Very important,Trust completely,Trust somewhat,Not very important,Trust completely,Do not trust very much,Trust somewhat,Do not trust very much,Not very much,A great deal,Not very much,Quite a lot,None at all,Not very much,Not very much,Not very much,Not very much,Not very much,Not very much,A great deal,Quite a lot,Not very much,Quite a lot,Not very much
Hindi,Single,Male,Urban,IN-DL Delhi,16-24,Middle,Working class,india,6,4,6,7,8,"Economic growth and creating jobs should be the top priority, even if the environment suffers to some extent.",Yes,A high level of economic growth,Fighting rising prices,A stable economy,7,8,3,7,6,Never justifiable,Always justifiable,Important,Never justifiable,Never justifiable,3,1,4,3,1,3,Not important,Very important,Not important,Not important,Not important,Not important,Fairly bad,Fairly bad,Very bad,Fairly good,Not important,7,1,10,2,1,7,9,Not important,7,4,Not much respect,Quite proud,Not important,Agree strongly,Agree,Rather important,Agree,Agree,Agree,Disagree,Agree,Not very important,Bad thing,Good thing,Bad thing,Very important,Trust completely,Trust somewhat,Rather important,Trust somewhat,Do not trust at all,Do not trust very much,Do not trust very much,Not very much,A great deal,None at all,Not very much,None at all,Not very much,None at all,Not very much,Not very much,Not very much,Not very much,Quite a lot,Not very much,None at all,Quite a lot,Not very much
Hindi,Living together as married,Male,Urban,IN-DL Delhi,35-44,Middle,Lower middle class,india,6,4,6,6,8,"Economic growth and creating jobs should be the top priority, even if the environment suffers to some extent.",Yes,A high level of economic growth,Fighting rising prices,A stable economy,7,7,6,6,8,Never justifiable,Never justifiable,Important,Never justifiable,Never justifiable,3,1,2,3,1,3,Not important,Very important,Not important,Not important,Not important,Not important,Fairly good,Fairly bad,Very bad,Fairly good,Not important,6,1,10,2,1,7,8,Not important,7,4,Not much respect,Quite proud,Not important,Agree,Agree,Rather important,Agree,Agree,Agree,Disagree,Agree,Not very important,Bad thing,Bad thing,Good thing,Very important,Trust completely,Trust somewhat,Rather important,Trust somewhat,Do not trust at all,Do not trust very much,Do not trust very much,Not very much,A great deal,Not very much,Not very much,None at all,Not very much,Not very much,Not very much,Not very much,Not very much,Not very much,Not very much,Not very much,None at all,Quite a lot,Not very much
Hindi,Married,Male,Urban,IN-DL Delhi,35-44,Middle,Lower middle class,india,7,4,6,7,4,"Economic growth and creating jobs should be the top priority, even if the environment suffers to some extent.",Yes,A high level of economic growth,Fighting rising prices,A stable economy,7,7,6,6,8,Never justifiable,Never justifiable,Important,Never justifiable,Never justifiable,3,1,4,3,1,3,Not important,Very important,Not important,Not important,Not important,Not important,Fairly good,Fairly bad,Very bad,Fairly good,Not important,7,1,10,2,1,7,8,Not important,8,4,Not much respect,Quite proud,Not important,Agree,Agree,Rather important,Agree,Agree,Agree,Disagree,Agree,Not very important,Bad thing,Bad thing,Good thing,Very important,Trust completely,Trust somewhat,Rather important,Trust somewhat,Do not trust very much,Trust somewhat,Do not trust very much,Not very much,A great deal,Not very much,Not very much,None at all,Not very much,Not very much,Not very much,Not very much,Not very much,Not very much,Quite a lot,Not very much,None at all,Quite a lot,Not very much
Hindi,Married,Male,Urban,IN-DL Delhi,55-64,Middle,Lower middle class,india,7,4,6,6,2,"Economic growth and creating jobs should be the top priority, even if the environment suffers to some extent.",Yes,A high level of economic growth,Fighting rising prices,A stable economy,7,7,6,6,9,Never justifiable,Never justifiable,Important,Never justifiable,Never justifiable,3,1,3,3,1,3,Not important,Very important,Not important,Not important,Not important,Not important,Fairly good,Fairly bad,Very bad,Fairly good,Not important,6,1,10,2,1,7,8,Not important,8,4,Not much respect,Quite proud,Not important,Agree,Agree,Rather important,Agree strongly,Agree,Agree,Disagree,Agree,Not very important,Bad thing,Bad thing,Good thing,Very important,Trust completely,Trust somewhat,Rather important,Trust completely,Do not trust very much,Trust somewhat,Do not trust very much,Not very much,A great deal,Not very much,Not very much,None at all,Not very much,Not very much,Not very much,Not very much,Not very much,Not very much,Quite a lot,Not very much,Not very much,Quite a lot,Not very much
Hindi,Single,Female,Rural,IN-HR Haryana,16-24,Higher,Lower middle class,india,6,4,6,6,2,"Economic growth and creating jobs should be the top priority, even if the environment suffers to some extent.",Yes,A high level of economic growth,Fighting rising prices,Progress toward a less impersonal and more humane society,7,8,3,7,9,Never justifiable,Never justifiable,Important,Never justifiable,Never justifiable,3,1,4,3,1,3,Not important,Very important,Not important,Not important,Not important,Not important,Very bad,Fairly bad,Very bad,Fairly good,Not important,8,1,10,2,1,9,10,Not important,9,5,Not much respect,Quite proud,Not important,Agree strongly,Agree,Rather important,Agree,Agree,Agree,Disagree strongly,Agree,Not very important,Bad thing,Good thing,Bad thing,Rather important,Trust completely,Trust somewhat,Rather important,Trust completely,Do not trust very much,Trust somewhat,Do not trust very much,Not very much,A great deal,None at all,Not very much,None at all,Not very much,Not very much,Not very much,Not very much,Not very much,Not very much,Not very much,Not very much,Not very much,Quite a lot,Not very much
Hindi,Single,Male,Rural,IN-HR Haryana,16-24,Middle,Lower middle class,india,7,4,6,5,2,"Economic growth and creating jobs should be the top priority, even if the environment suffers to some extent.",Yes,A high level of economic growth,Fighting rising prices,A stable economy,7,7,6,6,9,Never justifiable,Always justifiable,Important,Never justifiable,Never justifiable,1,1,2,1,1,3,Not important,Very important,Not important,Not important,Not important,Not important,Fairly good,Fairly bad,Very bad,Fairly good,Not important,6,1,10,2,1,6,7,Not important,7,4,Not much respect,Quite proud,Not important,Agree strongly,Agree,Rather important,Agree strongly,Agree,Agree,Disagree,Agree,Not very important,Bad thing,Bad thing,Good thing,Very important,Trust completely,Trust somewhat,Rather important,Trust completely,Do not trust at all,Do not trust very much,Do not trust very much,Not very much,A great deal,None at all,Not very much,None at all,Not very much,Not very much,Not very much,Not very much,Not very much,Not very much,Not very much,Not very much,None at all,Quite a lot,Not very much
Hindi,Single,Male,Rural,IN-HR Haryana,16-24,Middle,Working class,india,7,2,2,4,1,"Economic growth and creating jobs should be the top priority, even if the environment suffers to some extent.",Yes,A high level of economic growth,Fighting rising prices,A stable economy,7,7,6,6,10,Never justifiable,Always justifiable,Important,Never justifiable,Never justifiable,1,1,2,1,1,3,Not important,Very important,Not important,Not important,Not important,Not important,Fairly good,Fairly bad,Very bad,Fairly good,Not important,6,1,10,2,1,6,7,Not important,7,4,Not much respect,Quite proud,Not important,Agree strongly,Agree strongly,Rather important,Agree strongly,Agree,Agree,Disagree,Agree,Not very important,Bad thing,Bad thing,Good thing,Very important,Trust completely,Trust completely,Rather important,Trust somewhat,Do not trust at all,Do not trust very much,Do not trust very much,Not very much,A great deal,None at all,Not very much,None at all,Not very much,None at all,Not very much,None at all,Not very much,Not very much,Not very much,Not very much,None at all,Quite a lot,Not very much
Marathi,Single,Female,Rural,IN-MH Maharashtra,16-24,Higher,Lower class,india,4,6,1,3,8,"Economic growth and creating jobs should be the top priority, even if the environment suffers to some extent.",Yes,A high level of economic growth,Fighting rising prices,A stable economy,6,8,2,6,9,Never justifiable,Always justifiable,Important,Never justifiable,Never justifiable,1,1,3,3,1,1,Not important,Very important,Not important,Not important,Not important,Not important,Very bad,Fairly bad,Very bad,Fairly good,Not important,9,1,10,2,1,8,10,Not important,9,4,Not much respect,Not very proud,Not important,Agree strongly,Agree,Rather important,Agree strongly,Agree,Agree,Disagree strongly,Agree,Not at all important,Bad thing,Bad thing,Bad thing,Very important,Trust completely,Trust somewhat,Rather important,Trust completely,Do not trust at all,Do not trust very much,Do not trust very much,Not very much,A great deal,None at all,Not very much,None at all,Not very much,None at all,Not very much,None at all,Not very much,Not very much,Not very much,Not very much,Not very much,Quite a lot,Not very much
Marathi,Single,Female,Rural,IN-MH Maharashtra,16-24,Middle,Lower class,india,4,6,1,3,8,"Economic growth and creating jobs should be the top priority, even if the environment suffers to some extent.",Yes,A high level of economic growth,Fighting rising prices,A stable economy,6,6,8,5,10,Never justifiable,Always justifiable,Important,Never justifiable,Never justifiable,1,1,2,1,1,3,Not important,Very important,Not important,Not important,Not important,Not important,Very bad,Fairly bad,Very bad,Fairly good,Not important,6,1,10,2,1,6,9,Not important,6,3,Not much respect,Quite proud,Not important,Agree strongly,Agree,Rather important,Agree strongly,Agree,Agree strongly,Disagree strongly,Agree,Not at all important,Bad thing,Bad thing,Don't mind,Very important,Trust completely,Trust somewhat,Rather important,Trust completely,Do not trust at all,Do not trust very much,Do not trust at all,Not very much,A great deal,None at all,Not very much,None at all,Not very much,None at all,Not very much,None at all,None at all,Not very much,None at all,Not very much,Not very much,Quite a lot,None at all
Marathi,Single,Female,Rural,IN-MH Maharashtra,16-24,Middle,Lower middle class,india,6,4,6,5,1,"Economic growth and creating jobs should be the top priority, even if the environment suffers to some extent.",Yes,A high level of economic growth,Fighting rising prices,A stable economy,6,7,6,6,10,Never justifiable,Never justifiable,Important,Never justifiable,Never justifiable,1,1,2,1,1,3,Not important,Very important,Not important,Not important,Not important,Not important,Very bad,Fairly bad,Very bad,Fairly good,Not important,6,1,10,2,1,7,9,Not important,7,4,Not much respect,Quite proud,Not important,Agree strongly,Agree,Rather important,Agree strongly,Agree,Agree strongly,Disagree strongly,Agree,Not at all important,Bad thing,Bad thing,Good thing,Rather important,Trust completely,Trust completely,Very important,Trust somewhat,Do not trust at all,Do not trust very much,Do not trust very much,Not very much,A great deal,None at all,Not very much,None at all,Not very much,None at all,Not very much,None at all,Not very much,Not very much,Not very much,Not very much,Not very much,Quite a lot,Not very much
Marathi,Single,Male,Rural,IN-MH Maharashtra,16-24,Middle,Lower middle class,india,6,4,6,6,2,"Economic growth and creating jobs should be the top priority, even if the environment suffers to some extent.",Yes,A high level of economic growth,Fighting rising prices,A stable economy,7,7,6,6,9,Never justifiable,Never justifiable,Important,Never justifiable,Never justifiable,1,1,2,1,1,3,Not important,Very important,Not important,Not important,Not important,Not important,Fairly good,Fairly bad,Very bad,Fairly good,Not important,6,1,10,2,1,7,8,Not important,7,4,Not much respect,Quite proud,Not important,Agree strongly,Agree,Rather important,Agree strongly,Agree,Agree,Neither agree nor disagree,Agree,Not very important,Bad thing,Bad thing,Good thing,Very important,Trust completely,Trust somewhat,Rather important,Trust completely,Do not trust at all,Do not trust very much,Do not trust very much,Not very much,A great deal,None at all,Not very much,None at all,Not very much,Not very much,Not very much,Not very much,Not very much,Not very much,Not very much,Not very much,None at all,Quite a lot,Not very much
Marathi,Single,Male,Rural,IN-MH Maharashtra,16-24,Middle,Working class,india,6,4,6,5,1,"Economic growth and creating jobs should be the top priority, even if the environment suffers to some extent.",Yes,A high level of economic growth,Fighting rising prices,A stable economy,7,7,6,6,9,Never justifiable,Never justifiable,Important,Never justifiable,Never justifiable,1,1,2,1,1,3,Not important,Very important,Not important,Not important,Not important,Not important,Fairly bad,Fairly bad,Very bad,Fairly good,Not important,6,1,10,2,1,7,8,Not important,7,4,Not much respect,Quite proud,Not important,Agree strongly,Agree,Rather important,Agree strongly,Agree,Agree,Disagree,Agree,Not very important,Bad thing,Bad thing,Good thing,Very important,Trust completely,Trust completely,Rather important,Trust somewhat,Do not trust at all,Do not trust very much,Do not trust very much,Not very much,A great deal,None at all,Not very much,Not very much,Not very much,None at all,Not very much,None at all,Not very much,Not very much,Not very much,Not very much,None at all,Quite a lot,Not very much
Marathi,Married,Male,Rural,IN-MH Maharashtra,35-44,Middle,Lower middle class,india,6,3,6,6,1,"Economic growth and creating jobs should be the top priority, even if the environment suffers to some extent.",Yes,A high level of economic growth,Fighting rising prices,A stable economy,7,7,8,6,10,Never justifiable,Never justifiable,Important,Never justifiable,Never justifiable,1,1,2,1,1,3,Not important,Very important,Not important,Not important,Not important,Not important,Fairly good,Fairly bad,Very bad,Fairly good,Not important,6,1,10,2,1,7,8,Not important,8,4,Not much respect,Quite proud,Not important,Agree strongly,Agree,Rather important,Agree strongly,Agree,Agree strongly,Disagree,Agree,Not very important,Bad thing,Bad thing,Good thing,Very important,Trust completely,Trust somewhat,Rather important,Trust completely,Do not trust very much,Do not trust very much,Do not trust very much,Not very much,A great deal,None at all,Not very much,None at all,Not very much,Not very much,Not very much,Not very much,Not very much,Not very much,Not very much,Not very much,None at all,Quite a lot,Not very much
"Punjabi, Panjabi",Single,Female,Urban,IN-PB Punjab,16-24,Higher,Upper middle class,india,7,2,4,9,2,"Economic growth and creating jobs should be the top priority, even if the environment suffers to some extent.",Yes,A high level of economic growth,Fighting rising prices,Progress toward a less impersonal and more humane society,9,9,2,9,8,Never justifiable,Never justifiable,Important,Never justifiable,Never justifiable,7,2,6,7,3,3,Not important,Very important,Not important,Not important,Not important,Not important,Very bad,Fairly good,Very bad,Very good,Not important,8,1,10,2,1,10,10,Not important,10,6,Fairly much respect,Quite proud,Not important,Agree strongly,Strongly disagree,Rather important,Disagree,Disagree,Strongly disagree,Disagree strongly,Disagree,Not very important,Bad thing,Good thing,Bad thing,Very important,Trust completely,Trust somewhat,Rather important,Trust completely,Do not trust very much,Trust somewhat,Do not trust very much,Not very much,A great deal,Not very much,Quite a lot,None at all,Quite a lot,Not very much,Not very much,Not very much,Not very much,Not very much,A great deal,Quite a lot,A great deal,Quite a lot,Not very much
"Punjabi, Panjabi",Single,Female,Urban,IN-PB Punjab,16-24,Middle,Lower middle class,india,6,4,6,5,8,"Economic growth and creating jobs should be the top priority, even if the environment suffers to some extent.",Yes,A high level of economic growth,Fighting rising prices,A stable economy,7,8,3,7,9,Never justifiable,Never justifiable,Important,Never justifiable,Never justifiable,3,1,4,3,1,3,Not important,Very important,Not important,Not important,Not important,Not important,Very bad,Fairly bad,Very bad,Fairly good,Not important,6,1,10,2,1,7,10,Important,8,4,Not much respect,Quite proud,Not important,Agree strongly,Agree,Rather important,Agree strongly,Agree,Agree,Disagree strongly,Agree,Not at all important,Bad thing,Don't mind,Bad thing,Rather important,Trust completely,Trust somewhat,Rather important,Trust completely,Do not trust very much,Do not trust very much,Do not trust very much,Not very much,A great deal,None at all,Not very much,None at all,Not very much,None at all,Not very much,Not very much,Not very much,Not very much,Not very much,Not very much,Not very much,Quite a lot,Not very much
"Punjabi, Panjabi",Single,Male,Urban,IN-PB Punjab,16-24,Middle,Lower middle class,india,6,3,6,6,8,"Economic growth and creating jobs should be the top priority, even if the environment suffers to some extent.",Yes,A high level of economic growth,Fighting rising prices,A stable economy,7,8,3,7,8,Never justifiable,Always justifiable,Important,Always justifiable,Always justifiable,1,1,2,3,1,3,Not important,Very important,Not important,Not important,Not important,Not important,Fairly good,Fairly bad,Very bad,Fairly good,Not important,6,1,10,2,1,7,8,Not important,7,4,Not much respect,Quite proud,Not important,Agree strongly,Agree,Rather important,Agree strongly,Agree,Agree,Disagree,Agree,Not very important,Bad thing,Good thing,Bad thing,Very important,Trust completely,Trust somewhat,Rather important,Trust completely,Do not trust very much,Do not trust very much,Do not trust very much,Not very much,A great deal,None at all,Not very much,None at all,Not very much,None at all,Not very much,Not very much,Not very much,Not very much,Not very much,Not very much,None at all,Quite a lot,Not very much
"Punjabi, Panjabi",Married,Male,Urban,IN-PB Punjab,35-44,Middle,Lower middle class,india,7,3,6,6,7,"Economic growth and creating jobs should be the top priority, even if the environment suffers to some extent.",Yes,A high level of economic growth,Fighting rising prices,A stable economy,7,7,6,6,9,Never justifiable,Always justifiable,Important,Never justifiable,Always justifiable,1,1,2,3,1,3,Not important,Very important,Not important,Not important,Not important,Not important,Fairly good,Fairly bad,Very bad,Fairly good,Important,6,1,10,2,1,7,8,Important,8,4,Not much respect,Quite proud,Not important,Agree strongly,Agree,Rather important,Agree strongly,Agree,Agree,Disagree,Agree,Not very important,Bad thing,Bad thing,Good thing,Very important,Trust completely,Trust somewhat,Rather important,Trust completely,Do not trust very much,Do not trust very much,Do not trust very much,Not very much,A great deal,None at all,Not very much,None at all,Not very much,Not very much,Not very much,Not very much,Not very much,Not very much,Quite a lot,Not very much,Not very much,Quite a lot,Not very much
Telugu,Single,Female,Rural,IN-TG Telangana,16-24,Middle,Lower middle class,india,6,3,1,3,1,"Economic growth and creating jobs should be the top priority, even if the environment suffers to some extent.",Yes,A high level of economic growth,Fighting rising prices,A stable economy,6,7,6,6,10,Never justifiable,Never justifiable,Important,Never justifiable,Never justifiable,1,1,2,1,1,3,Not important,Very important,Not important,Not important,Not important,Not important,Very bad,Fairly bad,Very bad,Fairly good,Not important,6,1,10,2,1,6,9,Not important,7,4,Not much respect,Quite proud,Not important,Agree strongly,Agree,Rather important,Agree strongly,Agree,Agree strongly,Disagree strongly,Agree,Not at all important,Bad thing,Bad thing,Good thing,Very important,Trust completely,Trust completely,Rather important,Trust somewhat,Do not trust at all,Do not trust very much,Do not trust very much,Quite a lot,A great deal,None at all,Not very much,None at all,Not very much,None at all,Not very much,None at all,Not very much,Not very much,Not very much,Not very much,Not very much,Quite a lot,Not very much
Telugu,Single,Female,Rural,IN-TG Telangana,16-24,Middle,Upper middle class,india,6,3,7,6,1,"Economic growth and creating jobs should be the top priority, even if the environment suffers to some extent.",Yes,A high level of economic growth,Fighting rising prices,Progress toward a less impersonal and more humane society,8,9,3,8,10,Never justifiable,Never justifiable,Important,Never justifiable,Never justifiable,3,1,4,3,1,3,Not important,Very important,Not important,Not important,Not important,Not important,Very bad,Fairly good,Very bad,Very good,Not important,6,1,10,2,1,9,10,Not important,9,5,Fairly much respect,Quite proud,Not important,Agree strongly,Agree,Rather important,Agree strongly,Agree,Agree,Disagree strongly,Agree,Not very important,Bad thing,Good thing,Good thing,Rather important,Trust completely,Trust completely,Very important,Trust completely,Do not trust very much,Trust somewhat,Do not trust very much,Quite a lot,A great deal,Not very much,Quite a lot,None at all,Not very much,Not very much,Not very much,Not very much,Not very much,Not very much,Quite a lot,Not very much,Not very much,Quite a lot,Not very much
Telugu,Single,Male,Rural,IN-TG Telangana,16-24,Higher,Lower middle class,india,6,3,6,6,2,"Economic growth and creating jobs should be the top priority, even if the environment suffers to some extent.",Yes,A high level of economic growth,Fighting rising prices,A stable economy,8,9,4,7,9,Never justifiable,Never justifiable,Important,Never justifiable,Never justifiable,3,1,4,3,1,3,Not important,Very important,Not important,Not important,Not important,Not important,Fairly bad,Fairly bad,Very bad,Fairly good,Not important,8,1,10,2,1,9,10,Not important,9,5,Not much respect,Quite proud,Not important,Agree strongly,Agree,Rather important,Agree strongly,Agree,Agree,Disagree,Agree,Not very important,Bad thing,Good thing,Bad thing,Very important,Trust completely,Trust somewhat,Rather important,Trust completely,Do not trust very much,Trust somewhat,Do not trust very much,Quite a lot,A great deal,Not very much,Not very much,None at all,Not very much,Not very much,Not very much,Not very much,Not very much,Not very much,Quite a lot,Not very much,Not very much,Quite a lot,Not very much
Telugu,Single,Male,Rural,IN-TG Telangana,16-24,Middle,Lower middle class,india,6,4,6,5,7,"Economic growth and creating jobs should be the top priority, even if the environment suffers to some extent.",Yes,A high level of economic growth,Fighting rising prices,A stable economy,7,7,6,6,10,Never justifiable,Always justifiable,Important,Never justifiable,Never justifiable,1,1,2,1,1,3,Not important,Very important,Not important,Not important,Not important,Not important,Fairly good,Fairly bad,Very bad,Fairly good,Not important,7,1,10,2,1,6,7,Not important,7,4,Not much respect,Quite proud,Not important,Agree strongly,Agree,Rather important,Agree strongly,Agree,Agree,Disagree,Agree,Not very important,Bad thing,Don't mind,Good thing,Very important,Trust completely,Trust completely,Rather important,Trust somewhat,Do not trust at all,Do not trust very much,Do not trust very much,Quite a lot,A great deal,None at all,Not very much,None at all,Not very much,None at all,Not very much,Not very much,Not very much,Not very much,Not very much,Not very much,None at all,Quite a lot,Not very much
Telugu,Single,Male,Rural,IN-TG Telangana,16-24,Middle,Working class,india,6,4,6,5,1,"Economic growth and creating jobs should be the top priority, even if the environment suffers to some extent.",Yes,A high level of economic growth,Fighting rising prices,A stable economy,7,7,6,6,10,Never justifiable,Always justifiable,Important,Never justifiable,Never justifiable,1,1,2,1,1,3,Not important,Very important,Not important,Not important,Not important,Not important,Fairly good,Fairly bad,Very bad,Fairly good,Not important,6,1,10,2,1,6,8,Not important,6,3,Not much respect,Quite proud,Not important,Agree strongly,Agree,Rather important,Agree strongly,Agree,Agree,Disagree,Agree,Not very important,Bad thing,Bad thing,Good thing,Very important,Trust completely,Trust completely,Rather important,Trust somewhat,Do not trust at all,Do not trust very much,Do not trust very much,Quite a lot,A great deal,None at all,Not very much,None at all,Not very much,None at all,Not very much,None at all,Not very much,Not very much,Not very much,Not very much,None at all,Quite a lot,Not very much
Telugu,Married,Male,Rural,IN-TG Telangana,25-34,Higher,Lower middle class,india,7,3,6,6,2,"Economic growth and creating jobs should be the top priority, even if the environment suffers to some extent.",Yes,A high level of economic growth,Fighting rising prices,A stable economy,8,9,4,8,9,Never justifiable,Never justifiable,Important,Never justifiable,Never justifiable,3,1,4,3,1,3,Not important,Very important,Not important,Not important,Not important,Not important,Fairly bad,Fairly bad,Very bad,Fairly good,Important,7,1,10,2,1,9,9,Important,9,5,Not much respect,Quite proud,Not important,Agree strongly,Agree,Rather important,Agree strongly,Agree,Agree,Disagree,Agree,Not very important,Bad thing,Good thing,Bad thing,Very important,Trust completely,Trust somewhat,Rather important,Trust completely,Do not trust very much,Trust somewhat,Do not trust very much,Quite a lot,A great deal,Not very much,Not very much,None at all,Not very much,Not very much,Not very much,Not very much,Not very much,Not very much,Quite a lot,Not very much,Not very much,Quite a lot,Not very much
Telugu,Married,Male,Rural,IN-TG Telangana,25-34,Middle,Lower middle class,india,6,4,6,5,2,"Economic growth and creating jobs should be the top priority, even if the environment suffers to some extent.",Yes,A high level of economic growth,Fighting rising prices,A stable economy,7,7,6,6,10,Never justifiable,Never justifiable,Important,Never justifiable,Never justifiable,1,1,2,1,1,3,Not important,Very important,Not important,Not important,Not important,Not important,Fairly good,Fairly bad,Very bad,Fairly good,Important,6,1,10,2,1,7,8,Important,7,4,Not much respect,Quite proud,Not important,Agree strongly,Agree,Rather important,Agree strongly,Agree,Agree strongly,Disagree,Agree,Not very important,Bad thing,Bad thing,Good thing,Very important,Trust completely,Trust somewhat,Rather important,Trust completely,Do not trust very much,Do not trust very much,Do not trust very much,Quite a lot,A great deal,Not very much,Not very much,None at all,Not very much,Not very much,Not very much,Not very much,Not very much,Not very much,Not very much,Not very much,None at all,Quite a lot,Not very much
Telugu,Married,Male,Rural,IN-TG Telangana,35-44,Lower,Lower middle class,india,6,3,6,5,2,"Economic growth and creating jobs should be the top priority, even if the environment suffers to some extent.",Yes,A high level of economic growth,Fighting rising prices,A stable economy,6,6,8,5,10,Never justifiable,Always justifiable,Important,Never justifiable,Never justifiable,1,1,2,1,1,3,Not important,Very important,Not important,Not important,Not important,Not important,Fairly good,Fairly bad,Very bad,Fairly good,Important,6,1,10,2,1,6,7,Important,7,4,Not much respect,Quite proud,Not important,Agree strongly,Agree,Rather important,Agree strongly,Agree,Agree strongly,Neither agree nor disagree,Agree,Not very important,Bad thing,Bad thing,Good thing,Very important,Trust completely,Trust somewhat,Very important,Trust completely,Do not trust at all,Do not trust very much,Do not trust very much,Quite a lot,A great deal,Not very much,Not very much,None at all,Not very much,Not very much,Not very much,Not very much,Not very much,Not very much,Not very much,Not very much,None at all,Quite a lot,Not very much
Hindi,Single,Female,Rural,IN-UP Uttar Pradesh,16-24,Middle,Working class,india,6,6,1,3,1,"Economic growth and creating jobs should be the top priority, even if the environment suffers to some extent.",Yes,A high level of economic growth,Fighting rising prices,A stable economy,6,7,2,6,10,Never justifiable,Never justifiable,Important,Never justifiable,Never justifiable,1,1,2,1,1,3,Not important,Very important,Not important,Not important,Not important,Not important,Very bad,Fairly bad,Very bad,Fairly good,Not important,6,1,10,2,1,6,10,Not important,7,4,Not much respect,Quite proud,Not important,Agree strongly,Agree,Rather important,Agree strongly,Agree,Agree strongly,Disagree strongly,Agree,Not at all important,Bad thing,Bad thing,Good thing,Very important,Trust completely,Trust completely,Rather important,Trust somewhat,Do not trust at all,Do not trust very much,Do not trust at all,Not very much,A great deal,None at all,Not very much,None at all,Not very much,None at all,Not very much,None at all,Not very much,Not very much,Not very much,Not very much,Not very much,Quite a lot,Not very much
Hindi,Married,Female,Rural,IN-UP Uttar Pradesh,35-44,Lower,Working class,india,6,3,1,3,1,"Economic growth and creating jobs should be the top priority, even if the environment suffers to some extent.",Yes,A high level of economic growth,Fighting rising prices,A stable economy,6,6,9,5,10,Never justifiable,Never justifiable,Important,Never justifiable,Never justifiable,1,1,2,2,1,3,Not important,Very important,Not important,Not important,Not important,Not important,Fairly good,Fairly bad,Very bad,Fairly good,Not important,6,1,10,1,1,6,9,Important,6,3,Not much respect,Quite proud,Not important,Agree strongly,Agree,Rather important,Agree strongly,Agree,Agree strongly,Disagree,Agree,Not at all important,Bad thing,Bad thing,Good thing,Very important,Trust completely,Trust somewhat,Very important,Trust completely,Do not trust at all,Do not trust very much,Do not trust very much,Not very much,A great deal,None at all,Not very much,None at all,Not very much,None at all,Not very much,None at all,Not very much,Not very much,None at all,None at all,None at all,Quite a lot,None at all
Hindi,Married,Female,Rural,IN-UP Uttar Pradesh,45-54,Lower,Working class,india,6,3,1,3,1,"Economic growth and creating jobs should be the top priority, even if the environment suffers to some extent.",Yes,A high level of economic growth,Fighting rising prices,A stable economy,6,6,9,5,10,Never justifiable,Never justifiable,Important,Never justifiable,Never justifiable,1,1,2,1,1,3,Not important,Very important,Not important,Not important,Not important,Not important,Fairly good,Fairly bad,Very bad,Fairly good,Not important,6,1,10,1,1,6,9,Important,6,3,Not much respect,Quite proud,Not important,Agree strongly,Agree,Rather important,Agree strongly,Agree,Agree strongly,Disagree,Agree,Not at all important,Bad thing,Bad thing,Good thing,Very important,Trust completely,Trust completely,Very important,Trust somewhat,Do not trust at all,Do not trust very much,Do not trust very much,Not very much,A great deal,None at all,Not very much,None at all,Not very much,None at all,Not very much,None at all,Not very much,Not very much,None at all,None at all,None at all,Quite a lot,None at all
Hindi,Single,Male,Rural,IN-UP Uttar Pradesh,16-24,Higher,Working class,india,6,3,6,6,2,"Economic growth and creating jobs should be the top priority, even if the environment suffers to some extent.",Yes,A high level of economic growth,Fighting rising prices,A stable economy,7,8,3,7,9,Never justifiable,Never justifiable,Important,Never justifiable,Never justifiable,1,1,2,2,1,3,Not important,Very important,Not important,Not important,Not important,Not important,Fairly good,Fairly bad,Very bad,Fairly good,Not important,8,1,10,2,1,8,9,Not important,9,5,Not much respect,Quite proud,Not important,Agree strongly,Agree,Rather important,Agree strongly,Agree,Agree,Disagree strongly,Agree,Not very important,Bad thing,Don't mind,Bad thing,Very important,Trust completely,Trust somewhat,Rather important,Trust completely,Do not trust at all,Do not trust very much,Do not trust very much,Not very much,A great deal,None at all,Not very much,None at all,Not very much,None at all,Not very much,Not very much,Not very much,Not very much,Not very much,Not very much,Not very much,Quite a lot,Not very much
Hindi,Single,Male,Rural,IN-UP Uttar Pradesh,16-24,Lower,Working class,india,6,3,1,3,8,"Economic growth and creating jobs should be the top priority, even if the environment suffers to some extent.",Yes,A high level of economic growth,Fighting rising prices,A stable economy,6,6,9,5,10,Never justifiable,Always justifiable,Not important,Never justifiable,Always justifiable,1,1,2,1,1,3,Not important,Very important,Not important,Not important,Not important,Not important,Fairly good,Fairly bad,Very bad,Fairly good,Not important,6,1,10,1,1,5,7,Not important,6,4,Not much respect,Quite proud,Not important,Agree strongly,Agree strongly,Rather important,Agree strongly,Agree,Agree strongly,Agree,Agree,Not very important,Bad thing,Bad thing,Good thing,Very important,Trust completely,Trust completely,Rather important,Trust somewhat,Do not trust at all,Do not trust very much,Do not trust very much,Not very much,A great deal,None at all,Not very much,None at all,Not very much,None at all,Not very much,None at all,Not very much,Not very much,Not very much,None at all,None at all,Quite a lot,None at all
Hindi,Single,Male,Rural,IN-UP Uttar Pradesh,16-24,Middle,Lower middle class,india,6,4,6,5,8,"Economic growth and creating jobs should be the top priority, even if the environment suffers to some extent.",Yes,A high level of economic growth,Fighting rising prices,A stable economy,7,7,6,6,10,Never justifiable,Always justifiable,Important,Never justifiable,Always justifiable,1,1,2,1,1,3,Not important,Very important,Not important,Not important,Not important,Not important,Fairly good,Fairly bad,Very bad,Fairly good,Not important,6,1,10,2,1,6,7,Not important,7,4,Not much respect,Quite proud,Not important,Agree strongly,Agree strongly,Rather important,Agree strongly,Agree,Agree strongly,Neither agree nor disagree,Agree,Not very important,Bad thing,Bad thing,Good thing,Very important,Trust completely,Trust completely,Very important,Trust somewhat,Do not trust at all,Do not trust very much,Do not trust at all,Not very much,A great deal,None at all,Not very much,None at all,Not very much,None at all,Not very much,Not very much,Not very much,Not very much,Not very much,Not very much,None at all,Quite a lot,Not very much
Hindi,Single,Male,Rural,IN-UP Uttar Pradesh,16-24,Middle,Working class,india,6,4,2,4,2,"Economic growth and creating jobs should be the top priority, even if the environment suffers to some extent.",Yes,A high level of economic growth,Fighting rising prices,A stable economy,7,7,8,6,10,Never justifiable,Always justifiable,Important,Never justifiable,Never justifiable,1,1,2,1,1,3,Not important,Very important,Not important,Not important,Not important,Not important,Fairly good,Fairly bad,Very bad,Fairly good,Not important,6,1,10,1,1,6,7,Not important,7,4,Not much respect,Quite proud,Not important,Agree strongly,Agree strongly,Rather important,Agree strongly,Agree,Agree,Disagree,Agree,Not very important,Bad thing,Bad thing,Good thing,Very important,Trust completely,Trust completely,Rather important,Trust somewhat,Do not trust at all,Do not trust very much,Do not trust very much,Not very much,A great deal,None at all,Not very much,None at all,Not very much,None at all,Not very much,None at all,Not very much,Not very much,Not very much,Not very much,None at all,Quite a lot,Not very much
Hindi,Married,Male,Rural,IN-UP Uttar Pradesh,25-34,Middle,Lower middle class,india,7,4,6,5,2,"Economic growth and creating jobs should be the top priority, even if the environment suffers to some extent.",Yes,A high level of economic growth,Fighting rising prices,A stable economy,7,7,8,6,10,Never justifiable,Never justifiable,Important,Never justifiable,Never justifiable,1,1,2,1,1,3,Not important,Very important,Not important,Not important,Not important,Not important,Fairly good,Fairly bad,Very bad,Fairly good,Not important,6,1,10,2,1,6,7,Important,7,4,Not much respect,Quite proud,Not important,Agree strongly,Agree strongly,Rather important,Agree strongly,Agree,Agree strongly,Neither agree nor disagree,Agree,Not very important,Bad thing,Bad thing,Good thing,Very important,Trust completely,Trust somewhat,Very important,Trust completely,Do not trust at all,Do not trust very much,Do not trust very much,Not very much,A great deal,None at all,Not very much,None at all,Not very much,None at all,Not very much,Not very much,Not very much,Not very much,Not very much,Not very much,None at all,Quite a lot,Not very much
Hindi,Married,Male,Rural,IN-UP Uttar Pradesh,25-34,Middle,Working class,india,7,4,6,5,1,"Economic growth and creating jobs should be the top priority, even if the environment suffers to some extent.",Yes,A high level of economic growth,Fighting rising prices,A stable economy,7,7,8,6,10,Never justifiable,Never justifiable,Important,Never justifiable,Never justifiable,1,1,2,1,1,3,Not important,Very important,Not important,Not important,Not important,Not important,Fairly good,Fairly bad,Very bad,Fairly good,Not important,6,1,10,2,1,6,7,Not important,7,4,Not much respect,Quite proud,Not important,Agree strongly,Agree strongly,Rather important,Agree strongly,Agree,Agree strongly,Neither agree nor disagree,Agree,Not very important,Bad thing,Bad thing,Good thing,Very important,Trust completely,Trust somewhat,Very important,Trust completely,Do not trust at all,Do not trust very much,Do not trust very much,Not very much,A great deal,None at all,Not very much,None at all,Not very much,None at all,Not very much,Not very much,Not very much,Not very much,Not very much,Not very much,None at all,Quite a lot,Not very much
Hindi,Married,Male,Rural,IN-UP Uttar Pradesh,35-44,Lower,Working class,india,6,3,2,4,2,"Economic growth and creating jobs should be the top priority, even if the environment suffers to some extent.",Yes,Making sure this country has strong defense forces,Fighting rising prices,A stable economy,6,6,9,5,10,Never justifiable,Always justifiable,Important,Never justifiable,Never justifiable,1,1,2,1,1,3,Not important,Very important,Not important,Not important,Not important,Not important,Fairly good,Fairly bad,Very bad,Fairly good,Not important,6,1,10,2,1,6,7,Not important,6,4,Not much respect,Quite proud,Not important,Agree strongly,Agree strongly,Rather important,Agree strongly,Agree,Agree strongly,Agree,Agree,Not very important,Bad thing,Bad thing,Good thing,Very important,Trust completely,Trust completely,Very important,Trust completely,Do not trust at all,Do not trust very much,Do not trust very much,Not very much,A great deal,None at all,Not very much,None at all,Not very much,None at all,Not very much,None at all,Not very much,Not very much,Not very much,None at all,None at all,Quite a lot,Not very much
Hindi,Married,Male,Rural,IN-UP Uttar Pradesh,35-44,Middle,Lower middle class,india,6,4,6,5,2,"Economic growth and creating jobs should be the top priority, even if the environment suffers to some extent.",Yes,A high level of economic growth,Fighting rising prices,A stable economy,7,7,8,6,10,Never justifiable,Never justifiable,Important,Never justifiable,Never justifiable,1,1,2,1,1,3,Not important,Very important,Not important,Not important,Not important,Not important,Fairly good,Fairly bad,Very bad,Fairly good,Not important,6,1,10,2,1,6,7,Not important,7,4,Not much respect,Quite proud,Not important,Agree strongly,Agree strongly,Rather important,Agree strongly,Agree,Agree strongly,Neither agree nor disagree,Agree,Not very important,Bad thing,Bad thing,Good thing,Very important,Trust completely,Trust somewhat,Very important,Trust completely,Do not trust at all,Do not trust very much,Do not trust very much,Not very much,A great deal,None at all,Not very much,None at all,Not very much,Not very much,Not very much,Not very much,Not very much,Not very much,Not very much,Not very much,None at all,Quite a lot,Not very much
Hindi,Married,Male,Rural,IN-UP Uttar Pradesh,45-54,Middle,Lower middle class,india,6,4,6,5,2,"Economic growth and creating jobs should be the top priority, even if the environment suffers to some extent.",Yes,Making sure this country has strong defense forces,Fighting rising prices,A stable economy,6,7,8,6,10,Never justifiable,Never justifiable,Important,Never justifiable,Never justifiable,1,1,2,1,1,3,Not important,Very important,Not important,Not important,Not important,Not important,Fairly good,Fairly bad,Very bad,Fairly good,Not important,6,1,10,2,1,6,7,Not important,7,4,Not much respect,Quite proud,Not important,Agree strongly,Agree strongly,Rather important,Agree strongly,Agree,Agree strongly,Neither agree nor disagree,Agree,Not very important,Bad thing,Bad thing,Good thing,Very important,Trust completely,Trust somewhat,Very important,Trust completely,Do not trust at all,Do not trust very much,Do not trust very much,Not very much,A great deal,None at all,Not very much,None at all,Not very much,Not very much,Not very much,Not very much,Not very much,Not very much,Not very much,Not very much,None at all,Quite a lot,Not very much
Hindi,Married,Male,Rural,IN-UP Uttar Pradesh,45-54,Middle,Upper middle class,india,6,2,6,7,2,"Economic growth and creating jobs should be the top priority, even if the environment suffers to some extent.",Yes,Making sure this country has strong defense forces,Fighting rising prices,A stable economy,7,8,6,7,10,Never justifiable,Never justifiable,Important,Never justifiable,Never justifiable,1,1,2,2,1,3,Not important,Very important,Not important,Not important,Not important,Not important,Fairly good,Fairly bad,Very bad,Fairly good,Not important,6,1,10,2,1,7,6,Important,9,6,Fairly much respect,Quite proud,Not important,Agree strongly,Agree strongly,Rather important,Agree strongly,Agree,Agree strongly,Neither agree nor disagree,Agree,Not very important,Bad thing,Bad thing,Good thing,Very important,Trust completely,Trust completely,Very important,Trust completely,Do not trust very much,Trust somewhat,Do not trust very much,Not very much,A great deal,None at all,Quite a lot,None at all,Not very much,Not very much,Not very much,Not very much,Not very much,Not very much,Quite a lot,Not very much,Not very much,Quite a lot,Not very much
Hindi,Married,Male,Rural,IN-UP Uttar Pradesh,45-54,Middle,Working class,india,6,4,6,5,1,"Economic growth and creating jobs should be the top priority, even if the environment suffers to some extent.",Yes,Making sure this country has strong defense forces,Fighting rising prices,A stable economy,6,7,8,6,10,Never justifiable,Never justifiable,Important,Never justifiable,Never justifiable,1,1,2,1,1,3,Not important,Very important,Not important,Not important,Not important,Not important,Fairly good,Fairly bad,Very bad,Fairly good,Not important,6,1,10,2,1,6,7,Not important,7,4,Not much respect,Quite proud,Not important,Agree strongly,Agree strongly,Rather important,Agree strongly,Agree,Agree strongly,Neither agree nor disagree,Agree,Not very important,Bad thing,Bad thing,Good thing,Very important,Trust completely,Trust somewhat,Very important,Trust completely,Do not trust at all,Do not trust very much,Do not trust very much,Not very much,A great deal,None at all,Not very much,None at all,Not very much,None at all,Not very much,Not very much,Not very much,Not very much,Not very much,Not very much,None at all,Quite a lot,Not very much
Hindi,Married,Male,Rural,IN-UP Uttar Pradesh,55-64,Lower,Working class,india,6,3,2,4,1,"Economic growth and creating jobs should be the top priority, even if the environment suffers to some extent.",Yes,Making sure this country has strong defense forces,Fighting rising prices,A stable economy,6,6,9,5,10,Never justifiable,Never justifiable,Important,Never justifiable,Never justifiable,1,1,2,1,1,3,Not important,Very important,Not important,Not important,Not important,Not important,Fairly good,Fairly bad,Very bad,Fairly good,Not important,6,1,10,1,1,6,7,Important,7,4,Not much respect,Quite proud,Not important,Agree strongly,Agree strongly,Rather important,Agree strongly,Agree,Agree,Agree,Agree,Not very important,Bad thing,Bad thing,Good thing,Very important,Trust completely,Trust completely,Very important,Trust completely,Do not trust at all,Do not trust very much,Do not trust very much,Not very much,A great deal,None at all,Not very much,None at all,Not very much,None at all,Not very much,None at all,Not very much,Not very much,Not very much,None at all,None at all,Quite a lot,Not very much
Hindi,Single,Female,Urban,IN-UP Uttar Pradesh,16-24,Middle,Lower middle class,india,6,4,6,5,8,"Economic growth and creating jobs should be the top priority, even if the environment suffers to some extent.",Yes,A high level of economic growth,Fighting rising prices,A stable economy,7,8,6,7,9,Never justifiable,Never justifiable,Important,Never justifiable,Never justifiable,1,1,3,3,1,3,Not important,Very important,Not important,Not important,Not important,Not important,Very bad,Fairly bad,Very bad,Fairly good,Not important,6,1,10,2,1,6,9,Not important,7,4,Not much respect,Quite proud,Not important,Agree strongly,Agree,Rather important,Agree strongly,Agree,Agree strongly,Disagree strongly,Agree,Not at all important,Bad thing,Good thing,Bad thing,Rather important,Trust completely,Trust somewhat,Rather important,Trust completely,Do not trust very much,Do not trust very much,Do not trust very much,Not very much,A great deal,None at all,Not very much,None at all,Not very much,None at all,Not very much,Not very much,Not very much,Not very much,Not very much,Not very much,Not very much,Quite a lot,Not very much
Hindi,Single,Male,Urban,IN-UP Uttar Pradesh,16-24,Higher,Lower middle class,india,7,3,6,7,6,"Economic growth and creating jobs should be the top priority, even if the environment suffers to some extent.",Yes,A high level of economic growth,Fighting rising prices,A stable economy,8,9,4,8,8,Never justifiable,Never justifiable,Important,Never justifiable,Never justifiable,3,1,4,4,1,3,Not important,Very important,Not important,Not important,Not important,Not important,Fairly bad,Fairly good,Very bad,Very good,Not important,8,1,10,2,1,8,9,Not important,10,5,Not much respect,Quite proud,Not important,Agree strongly,Agree,Rather important,Agree strongly,Agree,Agree,Disagree,Agree,Not very important,Bad thing,Good thing,Bad thing,Very important,Trust completely,Trust somewhat,Rather important,Trust completely,Do not trust very much,Trust somewhat,Do not trust very much,Not very much,A great deal,Not very much,Not very much,None at all,Not very much,Not very much,Not very much,Not very much,Not very much,Not very much,Quite a lot,Not very much,Not very much,Quite a lot,Not very much
Hindi,Single,Male,Urban,IN-UP Uttar Pradesh,16-24,Lower,Lower class,india,4,3,1,3,9,"Economic growth and creating jobs should be the top priority, even if the environment suffers to some extent.",Yes,A high level of economic growth,Fighting rising prices,A stable economy,6,5,8,6,9,Always justifiable,Always justifiable,Important,Always justifiable,Always justifiable,1,1,2,1,1,3,Not important,Very important,Not important,Not important,Not important,Not important,Fairly good,Fairly bad,Very bad,Fairly good,Not important,6,1,10,2,1,5,7,Not important,5,3,Not much respect,Not very proud,Not important,Agree strongly,Agree strongly,Rather important,Agree strongly,Agree,Agree,Agree,Agree,Not at all important,Bad thing,Bad thing,Don't mind,Very important,Trust completely,Trust somewhat,Rather important,Trust somewhat,Do not trust at all,Do not trust very much,Do not trust very much,Not very much,A great deal,None at all,Not very much,None at all,Not very much,None at all,Not very much,None at all,Not very much,Not very much,Not very much,None at all,None at all,Not very much,None at all
Hindi,Single,Male,Urban,IN-UP Uttar Pradesh,16-24,Middle,Lower class,india,6,4,1,3,8,"Economic growth and creating jobs should be the top priority, even if the environment suffers to some extent.",Yes,A high level of economic growth,Fighting rising prices,A stable economy,6,6,8,5,9,Always justifiable,Always justifiable,Important,Always justifiable,Always justifiable,1,1,2,2,1,3,Not important,Very important,Not important,Not important,Not important,Not important,Fairly good,Fairly bad,Very bad,Fairly good,Not important,9,1,10,2,1,5,7,Not important,6,3,Not much respect,Not very proud,Not important,Agree strongly,Agree strongly,Rather important,Agree strongly,Agree,Agree,Disagree,Agree,Not very important,Bad thing,Bad thing,Don't mind,Very important,Trust completely,Trust somewhat,Rather important,Trust somewhat,Do not trust at all,Do not trust very much,Do not trust very much,Not very much,A great deal,None at all,Not very much,None at all,Not very much,None at all,Not very much,None at all,Not very much,Not very much,Not very much,None at all,None at all,Not very much,Not very much
Hindi,Single,Male,Urban,IN-UP Uttar Pradesh,16-24,Middle,Lower middle class,india,6,4,6,6,8,"Economic growth and creating jobs should be the top priority, even if the environment suffers to some extent.",Yes,A high level of economic growth,Fighting rising prices,A stable economy,7,8,6,7,9,Never justifiable,Always justifiable,Important,Never justifiable,Always justifiable,1,1,2,3,1,3,Not important,Very important,Not important,Not important,Not important,Not important,Fairly good,Fairly bad,Very bad,Fairly good,Not important,6,1,10,2,1,6,7,Not important,7,4,Not much respect,Quite proud,Not important,Agree strongly,Agree,Rather important,Agree,Agree,Agree,Disagree,Agree,Not very important,Bad thing,Good thing,Bad thing,Very important,Trust completely,Trust somewhat,Rather important,Trust somewhat,Do not trust at all,Do not trust very much,Do not trust very much,Not very much,A great deal,None at all,Not very much,None at all,Not very much,None at all,Not very much,Not very much,Not very much,Not very much,Not very much,Not very much,None at all,Quite a lot,Not very much
Hindi,Single,Male,Urban,IN-UP Uttar Pradesh,16-24,Middle,Working class,india,6,3,6,6,8,"Economic growth and creating jobs should be the top priority, even if the environment suffers to some extent.",Yes,A high level of economic growth,Fighting rising prices,A stable economy,7,7,6,6,9,Always justifiable,Always justifiable,Important,Never justifiable,Never justifiable,1,1,2,3,1,3,Not important,Very important,Not important,Not important,Not important,Not important,Fairly good,Fairly bad,Very bad,Fairly good,Not important,6,1,10,2,1,6,7,Not important,7,4,Not much respect,Quite proud,Not important,Agree strongly,Agree,Rather important,Agree strongly,Agree,Agree,Disagree,Agree,Not very important,Bad thing,Don't mind,Bad thing,Very important,Trust completely,Trust somewhat,Rather important,Trust completely,Do not trust at all,Do not trust very much,Do not trust very much,Not very much,A great deal,None at all,Not very much,None at all,Not very much,None at all,Not very much,Not very much,Not very much,Not very much,Not very much,Not very much,None at all,Quite a lot,Not very much
Hindi,Married,Male,Urban,IN-UP Uttar Pradesh,35-44,Middle,Lower middle class,india,6,4,6,6,3,"Economic growth and creating jobs should be the top priority, even if the environment suffers to some extent.",Yes,A high level of economic growth,Fighting rising prices,A stable economy,7,7,8,6,9,Never justifiable,Never justifiable,Important,Never justifiable,Never justifiable,1,1,2,3,1,3,Not important,Very important,Not important,Not important,Not important,Not important,Fairly good,Fairly bad,Very bad,Fairly good,Not important,6,1,10,2,1,7,6,Not important,7,4,Not much respect,Quite proud,Not important,Agree strongly,Agree,Rather important,Agree strongly,Agree,Agree,Disagree,Agree,Not very important,Bad thing,Bad thing,Good thing,Very important,Trust completely,Trust somewhat,Rather important,Trust completely,Do not trust very much,Do not trust very much,Do not trust very much,Not very much,A great deal,None at all,Not very much,None at all,Not very much,Not very much,Not very much,Not very much,Not very much,Not very much,Not very much,Not very much,None at all,Quite a lot,Not very much
Hindi,Married,Male,Urban,IN-UP Uttar Pradesh,35-44,Middle,Working class,india,6,3,6,6,2,"Economic growth and creating jobs should be the top priority, even if the environment suffers to some extent.",Yes,A high level of economic growth,Fighting rising prices,A stable economy,7,7,8,6,9,Never justifiable,Never justifiable,Important,Never justifiable,Never justifiable,1,1,2,3,1,3,Not important,Very important,Not important,Not important,Not important,Not important,Fairly good,Fairly bad,Very bad,Fairly good,Not important,6,1,10,2,1,7,8,Not important,7,4,Not much respect,Quite proud,Not important,Agree strongly,Agree,Rather important,Agree strongly,Agree,Agree,Disagree,Agree,Not very important,Bad thing,Bad thing,Good thing,Very important,Trust completely,Trust somewhat,Rather important,Trust completely,Do not trust very much,Do not trust very much,Do not trust very much,Not very much,A great deal,None at all,Not very much,None at all,Not very much,Not very much,Not very much,Not very much,Not very much,Not very much,Quite a lot,Not very much,None at all,Quite a lot,Not very much
Hindi,Married,Male,Urban,IN-UP Uttar Pradesh,45-54,Middle,Lower middle class,india,6,4,6,6,2,"Economic growth and creating jobs should be the top priority, even if the environment suffers to some extent.",Yes,A high level of economic growth,Fighting rising prices,A stable economy,7,7,8,6,9,Never justifiable,Never justifiable,Important,Never justifiable,Never justifiable,1,1,2,2,1,3,Not important,Very important,Not important,Not important,Not important,Not important,Fairly good,Fairly bad,Very bad,Fairly good,Not important,6,1,10,2,1,7,6,Not important,8,4,Not much respect,Quite proud,Not important,Agree strongly,Agree,Rather important,Agree strongly,Agree,Agree,Disagree,Agree,Not very important,Bad thing,Bad thing,Good thing,Very important,Trust completely,Trust somewhat,Rather important,Trust completely,Do not trust very much,Do not trust very much,Do not trust very much,Not very much,A great deal,Not very much,Not very much,None at all,Not very much,Not very much,Not very much,Not very much,Not very much,Not very much,Quite a lot,Not very much,None at all,Quite a lot,Not very much
Bengali; Bangla,Single,Female,Rural,IN-WB West Bengal,16-24,Middle,Lower middle class,india,6,6,2,4,8,"Economic growth and creating jobs should be the top priority, even if the environment suffers to some extent.",Yes,A high level of economic growth,Fighting rising prices,Progress toward a less impersonal and more humane society,6,7,6,6,10,Never justifiable,Never justifiable,Important,Never justifiable,Never justifiable,1,1,2,2,1,3,Not important,Very important,Not important,Not important,Not important,Not important,Very bad,Fairly bad,Very bad,Fairly good,Not important,6,1,10,2,1,7,9,Important,7,4,Not much respect,Quite proud,Not important,Agree strongly,Agree,Rather important,Agree strongly,Agree,Agree strongly,Disagree strongly,Agree,Not at all important,Bad thing,Bad thing,Good thing,Very important,Trust completely,Trust completely,Rather important,Trust somewhat,Do not trust at all,Do not trust very much,Do not trust at all,Not very much,A great deal,None at all,Not very much,None at all,Not very much,None at all,Not very much,Not very much,Not very much,Not very much,Not very much,Not very much,Not very much,Quite a lot,Not very much
Bengali; Bangla,Single,Male,Rural,IN-WB West Bengal,16-24,Middle,Lower middle class,india,6,4,2,4,8,"Economic growth and creating jobs should be the top priority, even if the environment suffers to some extent.",Yes,A high level of economic growth,Fighting rising prices,A stable economy,6,7,6,6,9,Never justifiable,Always justifiable,Important,Never justifiable,Always justifiable,1,1,2,1,1,3,Not important,Very important,Not important,Not important,Not important,Not important,Fairly good,Fairly bad,Very bad,Fairly good,Not important,6,1,10,2,1,7,8,Not important,7,4,Not much respect,Quite proud,Not important,Agree strongly,Agree,Rather important,Agree,Agree,Agree,Disagree,Agree,Not very important,Bad thing,Bad thing,Good thing,Very important,Trust completely,Trust completely,Rather important,Trust somewhat,Do not trust at all,Do not trust very much,Do not trust at all,Not very much,A great deal,None at all,Not very much,None at all,Not very much,None at all,Not very much,Not very much,Not very much,Not very much,Not very much,Not very much,None at all,Quite a lot,Not very much
Other,Single,Male,Rural,IN-WB West Bengal,16-24,Middle,Lower middle class,india,6,4,6,5,8,"Economic growth and creating jobs should be the top priority, even if the environment suffers to some extent.",Yes,A high level of economic growth,Fighting rising prices,A stable economy,7,7,6,6,9,Never justifiable,Always justifiable,Important,Never justifiable,Never justifiable,1,1,2,1,1,3,Not important,Very important,Not important,Not important,Not important,Not important,Fairly good,Fairly bad,Very bad,Fairly good,Not important,6,1,10,2,1,7,8,Not important,7,4,Not much respect,Quite proud,Not important,Agree strongly,Agree,Rather important,Agree strongly,Agree,Agree,Disagree,Agree,Not at all important,Bad thing,Bad thing,Good thing,Very important,Trust completely,Trust somewhat,Rather important,Trust completely,Do not trust at all,Do not trust very much,Do not trust very much,Not very much,A great deal,None at all,Not very much,None at all,Not very much,None at all,Not very much,Not very much,Not very much,Not very much,Not very much,Not very much,None at all,Quite a lot,Not very much
Bengali; Bangla,Married,Male,Rural,IN-WB West Bengal,45-54,Middle,Lower middle class,india,6,4,6,5,2,"Economic growth and creating jobs should be the top priority, even if the environment suffers to some extent.",Yes,A high level of economic growth,Fighting rising prices,Progress toward a less impersonal and more humane society,6,7,8,6,10,Never justifiable,Never justifiable,Important,Never justifiable,Never justifiable,1,1,2,2,1,3,Not important,Very important,Not important,Not important,Not important,Not important,Fairly good,Fairly bad,Very bad,Fairly good,Not important,6,1,10,2,1,7,8,Important,8,4,Not much respect,Quite proud,Not important,Agree strongly,Agree,Rather important,Agree strongly,Agree,Agree strongly,Disagree,Agree,Not very important,Bad thing,Bad thing,Good thing,Very important,Trust completely,Trust somewhat,Very important,Trust completely,Do not trust very much,Trust somewhat,Do not trust very much,Not very much,A great deal,None at all,Not very much,None at all,Not very much,Not very much,Not very much,Not very much,Not very much,Not very much,Not very much,Not very much,None at all,Quite a lot,Not very much
