country,language,marital_status,gender,urban_rural,region,age,education_level,social_class,Q2 - 0,Q2 - 1,Q2 - 2,Q2 - 3,Q3 - 0,Q3 - 1,Q3 - 2,Q3 - 3,Q4 - 0,Q4 - 1,Q4 - 2,Q4 - 3,Q5 - 0,Q5 - 1,Q5 - 2,Q5 - 3,Q6 - 0,Q6 - 1,Q6 - 2,Q6 - 3,Q18 - 0,Q18 - 1,Q18 - 2,Q18 - 3,Q19 - 0,Q19 - 1,Q19 - 2,Q19 - 3,Q20 - 0,Q20 - 1,Q20 - 2,Q20 - 3,Q21 - 0,Q21 - 1,Q21 - 2,Q21 - 3,Q22 - 0,Q22 - 1,Q22 - 2,Q22 - 3,Q23 - 0,Q23 - 1,Q23 - 2,Q23 - 3,Q24 - 0,Q24 - 1,Q24 - 2,Q24 - 3,Q25 - 0,Q25 - 1,Q25 - 2,Q25 - 3,Q26 - 0,Q26 - 1,Q26 - 2,Q26 - 3,Q27 - 0,Q27 - 1,Q27 - 2,Q27 - 3,Q29 - 0,Q29 - 1,Q29 - 2,Q29 - 3,Q30 - 0,Q30 - 1,Q30 - 2,Q30 - 3,Q31 - 0,Q31 - 1,Q31 - 2,Q31 - 3,Q32 - 0,Q32 - 1,Q32 - 2,Q32 - 3,Q33 - 0,Q33 - 1,Q33 - 2,Q33 - 3,Q34 - 0,Q34 - 1,Q34 - 2,Q34 - 3,Q43 - 0,Q43 - 1,Q43 - 2,Q43 - 3,Q44 - 0,Q44 - 1,Q44 - 2,Q44 - 3,Q45 - 0,Q45 - 1,Q45 - 2,Q45 - 3,Q58 - 0,Q58 - 1,Q58 - 2,Q58 - 3,Q59 - 0,Q59 - 1,Q59 - 2,Q59 - 3,Q60 - 0,Q60 - 1,Q60 - 2,Q60 - 3,Q61 - 0,Q61 - 1,Q61 - 2,Q61 - 3,Q62 - 0,Q62 - 1,Q62 - 2,Q62 - 3,Q63 - 0,Q63 - 1,Q63 - 2,Q63 - 3,Q64 - 0,Q64 - 1,Q64 - 2,Q64 - 3,Q65 - 0,Q65 - 1,Q65 - 2,Q65 - 3,Q66 - 0,Q66 - 1,Q66 - 2,Q66 - 3,Q67 - 0,Q67 - 1,Q67 - 2,Q67 - 3,Q68 - 0,Q68 - 1,Q68 - 2,Q68 - 3,Q69 - 0,Q69 - 1,Q69 - 2,Q69 - 3,Q70 - 0,Q70 - 1,Q70 - 2,Q70 - 3,Q71 - 0,Q71 - 1,Q71 - 2,Q71 - 3,Q72 - 0,Q72 - 1,Q72 - 2,Q72 - 3,Q73 - 0,Q73 - 1,Q73 - 2,Q73 - 3,Q74 - 0,Q74 - 1,Q74 - 2,Q74 - 3,Q77 - 0,Q77 - 1,Q77 - 2,Q77 - 3,Q79 - 0,Q79 - 1,Q79 - 2,Q79 - 3,Q80 - 0,Q80 - 1,Q80 - 2,Q80 - 3,Q81 - 0,Q81 - 1,Q81 - 2,Q81 - 3,Q83 - 0,Q83 - 1,Q83 - 2,Q83 - 3,Q106 - 0,Q106 - 1,Q106 - 2,Q106 - 3,Q107 - 0,Q107 - 1,Q107 - 2,Q107 - 3,Q108 - 0,Q108 - 1,Q108 - 2,Q108 - 3,Q109 - 0,Q109 - 1,Q109 - 2,Q109 - 3,Q110 - 0,Q110 - 1,Q110 - 2,Q110 - 3,Q111 - 0,Q111 - 1,Q111 - 2,Q111 - 3,Q151 - 0,Q151 - 1,Q151 - 2,Q151 - 3,Q152 - 0,Q152 - 1,Q152 - 2,Q152 - 3,Q154 - 0,Q154 - 1,Q154 - 2,Q154 - 3,Q158 - 0,Q158 - 1,Q158 - 2,Q158 - 3,Q159 - 0,Q159 - 1,Q159 - 2,Q159 - 3,Q160 - 0,Q160 - 1,Q160 - 2,Q160 - 3,Q163 - 0,Q163 - 1,Q163 - 2,Q163 - 3,Q164 - 0,Q164 - 1,Q164 - 2,Q164 - 3,Q177 - 0,Q177 - 1,Q177 - 2,Q177 - 3,Q178 - 0,Q178 - 1,Q178 - 2,Q178 - 3,Q180 - 0,Q180 - 1,Q180 - 2,Q180 - 3,Q181 - 0,Q181 - 1,Q181 - 2,Q181 - 3,Q182 - 0,Q182 - 1,Q182 - 2,Q182 - 3,Q183 - 0,Q183 - 1,Q183 - 2,Q183 - 3,Q184 - 0,Q184 - 1,Q184 - 2,Q184 - 3,Q185 - 0,Q185 - 1,Q185 - 2,Q185 - 3,Q187 - 0,Q187 - 1,Q187 - 2,Q187 - 3,Q189 - 0,Q189 - 1,Q189 - 2,Q189 - 3,Q235 - 0,Q235 - 1,Q235 - 2,Q235 - 3,Q236 - 0,Q236 - 1,Q236 - 2,Q236 - 3,Q237 - 0,Q237 - 1,Q237 - 2,Q237 - 3,Q238 - 0,Q238 - 1,Q238 - 2,Q238 - 3,Q241 - 0,Q241 - 1,Q241 - 2,Q241 - 3,Q242 - 0,Q242 - 1,Q242 - 2,Q242 - 3,Q243 - 0,Q243 - 1,Q243 - 2,Q243 - 3,Q244 - 0,Q244 - 1,Q244 - 2,Q244 - 3,Q245 - 0,Q245 - 1,Q245 - 2,Q245 - 3,Q246 - 0,Q246 - 1,Q246 - 2,Q246 - 3,Q249 - 0,Q249 - 1,Q249 - 2,Q249 - 3,Q250 - 0,Q250 - 1,Q250 - 2,Q250 - 3,Q251 - 0,Q251 - 1,Q251 - 2,Q251 - 3,Q253 - 0,Q253 - 1,Q253 - 2,Q253 - 3,Q254 - 0,Q254 - 1,Q254 - 2,Q254 - 3
Colombia,Spanish; Castilian,Living together as married,Female,Rural,CO-ANT Antioquia,45-54,Lower,Lower middle class,No answer,No answer,No answer,No answer,No answer,No answer,No answer,No answer,No answer,No answer,No answer,No answer,No answer,No answer,No answer,No answer,No answer,No answer,No answer,No answer,No answer,No answer,No answer,No answer,No answer,No answer,No answer,No answer,No answer,No answer,No answer,No answer,No answer,No answer,No answer,No answer,No answer,No answer,No answer,No answer,No answer,No answer,No answer,No answer,No answer,No answer,No answer,No answer,No answer,No answer,No answer,No answer,No answer,No answer,No answer,No answer,No answer,No answer,No answer,No answer,No answer,No answer,No answer,No answer,No answer,No answer,No answer,No answer,No answer,No answer,No answer,No answer,No answer,No answer,No answer,No answer,No answer,No answer,No answer,No answer,No answer,No answer,No answer,No answer,No answer,No answer,No answer,No answer,No answer,No answer,No answer,No answer,No answer,No answer,No answer,No answer,No answer,No answer,No answer,No answer,No answer,No answer,No answer,No answer,No answer,No answer,No answer,No answer,No answer,No answer,No answer,No answer,No answer,No answer,No answer,No answer,No answer,No answer,No answer,No answer,No answer,No answer,No answer,No answer,No answer,No answer,No answer,No answer,No answer,No answer,No answer,No answer,No answer,No answer,No answer,No answer,No answer,No answer,No answer,No answer,No answer,No answer,No answer,No answer,No answer,No answer,No answer,No answer,No answer,No answer,No answer,No answer,No answer,No answer,No answer,No answer,No answer,No answer,No answer,No answer,No answer,No answer,No answer,No answer,No answer,No answer,No answer,No answer,No answer,No answer,No answer,No answer,No answer,No answer,No answer,No answer,No answer,No answer,No answer,No answer,No answer,No answer,No answer,No answer,No answer,No answer,No answer,No answer,No answer,No answer,No answer,No answer,No answer,No answer,No answer,No answer,No answer,No answer,No answer,No answer,No answer,No answer,No answer,No answer,No answer,No answer,No answer,No answer,No answer,No answer,No answer,No answer,No answer,No answer,No answer,No answer,No answer,No answer,No answer,No answer,No answer,No answer,No answer,No answer,No answer,No answer,No answer,No answer,No answer,No answer,No answer,No answer,No answer,No answer,No answer,No answer,No answer,No answer,No answer,No answer,No answer,No answer,No answer,No answer,No answer,No answer,No answer,No answer,No answer,No answer,No answer,No answer,No answer,No answer,No answer,No answer,No answer,No answer,No answer,No answer,No answer,No answer,No answer,No answer,No answer,No answer,No answer,No answer,No answer,No answer,No answer,No answer,No answer,No answer,No answer,No answer,No answer,No answer,No answer,No answer,No answer,No answer,No answer,No answer,No answer,No answer,No answer,No answer,No answer,No answer,No answer,No answer,No answer,No answer,No answer,No answer,No answer,No answer,No answer,No answer,No answer,No answer,No answer,No answer,No answer,No answer,No answer,No answer,No answer,No answer,No answer,No answer,No answer,No answer,No answer,No answer,No answer,No answer,No answer,No answer,No answer,No answer,No answer,No answer,No answer,No answer,No answer,No answer,No answer,No answer,No answer,No answer,No answer,No answer,No answer,No answer,No answer,No answer,No answer,No answer
Colombia,Spanish; Castilian,Living together as married,Male,Rural,CO-ANT Antioquia,45-54,Lower,Lower class,No answer,No answer,No answer,No answer,No answer,No answer,No answer,No answer,No answer,No answer,No answer,No answer,No answer,No answer,No answer,No answer,No answer,No answer,No answer,No answer,No answer,No answer,No answer,No answer,No answer,No answer,No answer,No answer,No answer,No answer,No answer,No answer,No answer,No answer,No answer,No answer,No answer,No answer,No answer,No answer,No answer,No answer,No answer,No answer,No answer,No answer,No answer,No answer,No answer,No answer,No answer,No answer,No answer,No answer,No answer,No answer,No answer,No answer,No answer,No answer,No answer,No answer,No answer,No answer,No answer,No answer,No answer,No answer,No answer,No answer,No answer,No answer,No answer,No answer,No answer,No answer,No answer,No answer,No answer,No answer,No answer,No answer,No answer,No answer,No answer,No answer,No answer,No answer,No answer,No answer,No answer,No answer,No answer,No answer,No answer,No answer,No answer,No answer,No answer,No answer,No answer,No answer,No answer,No answer,No answer,No answer,No answer,No answer,No answer,No answer,No answer,No answer,No answer,No answer,No answer,No answer,No answer,No answer,No answer,No answer,No answer,No answer,No answer,No answer,No answer,No answer,No answer,No answer,No answer,No answer,No answer,No answer,No answer,No answer,No answer,No answer,No answer,No answer,No answer,No answer,No answer,No answer,No answer,No answer,No answer,No answer,No answer,No answer,No answer,No answer,No answer,No answer,No answer,No answer,No answer,No answer,No answer,No answer,No answer,No answer,No answer,No answer,No answer,No answer,No answer,No answer,No answer,No answer,No answer,No answer,No answer,No answer,No answer,No answer,No answer,No answer,No answer,No answer,No answer,No answer,No answer,No answer,No answer,No answer,No answer,No answer,No answer,No answer,No answer,No answer,No answer,No answer,No answer,No answer,No answer,No answer,No answer,No answer,No answer,No answer,No answer,No answer,No answer,No answer,No answer,No answer,No answer,No answer,No answer,No answer,No answer,No answer,No answer,No answer,No answer,No answer,No answer,No answer,No answer,No answer,No answer,No answer,No answer,No answer,No answer,No answer,No answer,No answer,No answer,No answer,No answer,No answer,No answer,No answer,No answer,No answer,No answer,No answer,No answer,No answer,No answer,No answer,No answer,No answer,No answer,No answer,No answer,No answer,No answer,No answer,No answer,No answer,No answer,No answer,No answer,No answer,No answer,No answer,No answer,No answer,No answer,No answer,No answer,No answer,No answer,No answer,No answer,No answer,No answer,No answer,No answer,No answer,No answer,No answer,No answer,No answer,No answer,No answer,No answer,No answer,No answer,No answer,No answer,No answer,No answer,No answer,No answer,No answer,No answer,No answer,No answer,No answer,No answer,No answer,No answer,No answer,No answer,No answer,No answer,No answer,No answer,No answer,No answer,No answer,No answer,No answer,No answer,No answer,No answer,No answer,No answer,No answer,No answer,No answer,No answer,No answer,No answer,No answer,No answer,No answer,No answer,No answer,No answer,No answer,No answer,No answer,No answer,No answer,No answer,No answer,No answer,No answer,No answer,No answer,No answer,No answer,No answer,No answer,No answer,No answer
Colombia,Spanish; Castilian,Single,Male,Urban,CO-ANT Antioquia,16-24,Middle,Lower middle class,No answer,No answer,No answer,No answer,No answer,No answer,No answer,No answer,No answer,No answer,No answer,No answer,No answer,No answer,No answer,No answer,No answer,No answer,No answer,No answer,No answer,No answer,No answer,No answer,No answer,No answer,No answer,No answer,No answer,No answer,No answer,No answer,No answer,No answer,No answer,No answer,No answer,No answer,No answer,No answer,No answer,No answer,No answer,No answer,No answer,No answer,No answer,No answer,No answer,No answer,No answer,No answer,No answer,No answer,No answer,No answer,No answer,No answer,No answer,No answer,No answer,No answer,No answer,No answer,No answer,No answer,No answer,No answer,No answer,No answer,No answer,No answer,No answer,No answer,No answer,No answer,No answer,No answer,No answer,No answer,No answer,No answer,No answer,No answer,No answer,No answer,No answer,No answer,No answer,No answer,No answer,No answer,No answer,No answer,No answer,No answer,No answer,No answer,No answer,No answer,No answer,No answer,No answer,No answer,No answer,No answer,No answer,No answer,No answer,No answer,No answer,No answer,No answer,No answer,No answer,No answer,No answer,No answer,No answer,No answer,No answer,No answer,No answer,No answer,No answer,No answer,No answer,No answer,No answer,No answer,No answer,No answer,No answer,No answer,No answer,No answer,No answer,No answer,No answer,No answer,No answer,No answer,No answer,No answer,No answer,No answer,No answer,No answer,No answer,No answer,No answer,No answer,No answer,No answer,No answer,No answer,No answer,No answer,No answer,No answer,No answer,No answer,No answer,No answer,No answer,No answer,No answer,No answer,No answer,No answer,No answer,No answer,No answer,No answer,No answer,No answer,No answer,No answer,No answer,No answer,No answer,No answer,No answer,No answer,No answer,No answer,No answer,No answer,No answer,No answer,No answer,No answer,No answer,No answer,No answer,No answer,No answer,No answer,No answer,No answer,No answer,No answer,No answer,No answer,No answer,No answer,No answer,No answer,No answer,No answer,No answer,No answer,No answer,No answer,No answer,No answer,No answer,No answer,No answer,No answer,No answer,No answer,No answer,No answer,No answer,No answer,No answer,No answer,No answer,No answer,No answer,No answer,No answer,No answer,No answer,No answer,No answer,No answer,No answer,No answer,No answer,No answer,No answer,No answer,No answer,No answer,No answer,No answer,No answer,No answer,No answer,No answer,No answer,No answer,No answer,No answer,No answer,No answer,No answer,No answer,No answer,No answer,No answer,No answer,No answer,No answer,No answer,No answer,No answer,No answer,No answer,No answer,No answer,No answer,No answer,No answer,No answer,No answer,No answer,No answer,No answer,No answer,No answer,No answer,No answer,No answer,No answer,No answer,No answer,No answer,No answer,No answer,No answer,No answer,No answer,No answer,No answer,No answer,No answer,No answer,No answer,No answer,No answer,No answer,No answer,No answer,No answer,No answer,No answer,No answer,No answer,No answer,No answer,No answer,No answer,No answer,No answer,No answer,No answer,No answer,No answer,No answer,No answer,No answer,No answer,No answer,No answer,No answer,No answer,No answer,No answer,No answer,No answer,No answer,No answer,No answer,No answer,No answer,No answer,No answer
Colombia,Spanish; Castilian,Married,Male,Urban,CO-ANT Antioquia,55-64,Lower,Lower middle class,No answer,No answer,No answer,No answer,No answer,No answer,No answer,No answer,No answer,No answer,No answer,No answer,No answer,No answer,No answer,No answer,No answer,No answer,No answer,No answer,No answer,No answer,No answer,No answer,No answer,No answer,No answer,No answer,No answer,No answer,No answer,No answer,No answer,No answer,No answer,No answer,No answer,No answer,No answer,No answer,No answer,No answer,No answer,No answer,No answer,No answer,No answer,No answer,No answer,No answer,No answer,No answer,No answer,No answer,No answer,No answer,No answer,No answer,No answer,No answer,No answer,No answer,No answer,No answer,No answer,No answer,No answer,No answer,No answer,No answer,No answer,No answer,No answer,No answer,No answer,No answer,No answer,No answer,No answer,No answer,No answer,No answer,No answer,No answer,No answer,No answer,No answer,No answer,No answer,No answer,No answer,No answer,No answer,No answer,No answer,No answer,No answer,No answer,No answer,No answer,No answer,No answer,No answer,No answer,No answer,No answer,No answer,No answer,No answer,No answer,No answer,No answer,No answer,No answer,No answer,No answer,No answer,No answer,No answer,No answer,No answer,No answer,No answer,No answer,No answer,No answer,No answer,No answer,No answer,No answer,No answer,No answer,No answer,No answer,No answer,No answer,No answer,No answer,No answer,No answer,No answer,No answer,No answer,No answer,No answer,No answer,No answer,No answer,No answer,No answer,No answer,No answer,No answer,No answer,No answer,No answer,No answer,No answer,No answer,No answer,No answer,No answer,No answer,No answer,No answer,No answer,No answer,No answer,No answer,No answer,No answer,No answer,No answer,No answer,No answer,No answer,No answer,No answer,No answer,No answer,No answer,No answer,No answer,No answer,No answer,No answer,No answer,No answer,No answer,No answer,No answer,No answer,No answer,No answer,No answer,No answer,No answer,No answer,No answer,No answer,No answer,No answer,No answer,No answer,No answer,No answer,No answer,No answer,No answer,No answer,No answer,No answer,No answer,No answer,No answer,No answer,No answer,No answer,No answer,No answer,No answer,No answer,No answer,No answer,No answer,No answer,No answer,No answer,No answer,No answer,No answer,No answer,No answer,No answer,No answer,No answer,No answer,No answer,No answer,No answer,No answer,No answer,No answer,No answer,No answer,No answer,No answer,No answer,No answer,No answer,No answer,No answer,No answer,No answer,No answer,No answer,No answer,No answer,No answer,No answer,No answer,No answer,No answer,No answer,No answer,No answer,No answer,No answer,No answer,No answer,No answer,No answer,No answer,No answer,No answer,No answer,No answer,No answer,No answer,No answer,No answer,No answer,No answer,No answer,No answer,No answer,No answer,No answer,No answer,No answer,No answer,No answer,No answer,No answer,No answer,No answer,No answer,No answer,No answer,No answer,No answer,No answer,No answer,No answer,No answer,No answer,No answer,No answer,No answer,No answer,No answer,No answer,No answer,No answer,No answer,No answer,No answer,No answer,No answer,No answer,No answer,No answer,No answer,No answer,No answer,No answer,No answer,No answer,No answer,No answer,No answer,No answer,No answer,No answer,No answer,No answer,No answer,No answer,No answer,No answer
Colombia,Spanish; Castilian,Single,Female,Urban,CO-DC Distrito Capital de Bogotá,16-24,Higher,Lower middle class,No answer,No answer,No answer,No answer,No answer,No answer,No answer,No answer,No answer,No answer,No answer,No answer,No answer,No answer,No answer,No answer,No answer,No answer,No answer,No answer,No answer,No answer,No answer,No answer,No answer,No answer,No answer,No answer,No answer,No answer,No answer,No answer,No answer,No answer,No answer,No answer,No answer,No answer,No answer,No answer,No answer,No answer,No answer,No answer,No answer,No answer,No answer,No answer,No answer,No answer,No answer,No answer,No answer,No answer,No answer,No answer,No answer,No answer,No answer,No answer,No answer,No answer,No answer,No answer,No answer,No answer,No answer,No answer,No answer,No answer,No answer,No answer,No answer,No answer,No answer,No answer,No answer,No answer,No answer,No answer,No answer,No answer,No answer,No answer,No answer,No answer,No answer,No answer,No answer,No answer,No answer,No answer,No answer,No answer,No answer,No answer,No answer,No answer,No answer,No answer,No answer,No answer,No answer,No answer,No answer,No answer,No answer,No answer,No answer,No answer,No answer,No answer,No answer,No answer,No answer,No answer,No answer,No answer,No answer,No answer,No answer,No answer,No answer,No answer,No answer,No answer,No answer,No answer,No answer,No answer,No answer,No answer,No answer,No answer,No answer,No answer,No answer,No answer,No answer,No answer,No answer,No answer,No answer,No answer,No answer,No answer,No answer,No answer,No answer,No answer,No answer,No answer,No answer,No answer,No answer,No answer,No answer,No answer,No answer,No answer,No answer,No answer,No answer,No answer,No answer,No answer,No answer,No answer,No answer,No answer,No answer,No answer,No answer,No answer,No answer,No answer,No answer,No answer,No answer,No answer,No answer,No answer,No answer,No answer,No answer,No answer,No answer,No answer,No answer,No answer,No answer,No answer,No answer,No answer,No answer,No answer,No answer,No answer,No answer,No answer,No answer,No answer,No answer,No answer,No answer,No answer,No answer,No answer,No answer,No answer,No answer,No answer,No answer,No answer,No answer,No answer,No answer,No answer,No answer,No answer,No answer,No answer,No answer,No answer,No answer,No answer,No answer,No answer,No answer,No answer,No answer,No answer,No answer,No answer,No answer,No answer,No answer,No answer,No answer,No answer,No answer,No answer,No answer,No answer,No answer,No answer,No answer,No answer,No answer,No answer,No answer,No answer,No answer,No answer,No answer,No answer,No answer,No answer,No answer,No answer,No answer,No answer,No answer,No answer,No answer,No answer,No answer,No answer,No answer,No answer,No answer,No answer,No answer,No answer,No answer,No answer,No answer,No answer,No answer,No answer,No answer,No answer,No answer,No answer,No answer,No answer,No answer,No answer,No answer,No answer,No answer,No answer,No answer,No answer,No answer,No answer,No answer,No answer,No answer,No answer,No answer,No answer,No answer,No answer,No answer,No answer,No answer,No answer,No answer,No answer,No answer,No answer,No answer,No answer,No answer,No answer,No answer,No answer,No answer,No answer,No answer,No answer,No answer,No answer,No answer,No answer,No answer,No answer,No answer,No answer,No answer,No answer,No answer,No answer,No answer,No answer,No answer,No answer,No answer,No answer
Colombia,Spanish; Castilian,Single,Female,Urban,CO-DC Distrito Capital de Bogotá,16-24,Lower,Lower middle class,No answer,No answer,No answer,No answer,No answer,No answer,No answer,No answer,No answer,No answer,No answer,No answer,No answer,No answer,No answer,No answer,No answer,No answer,No answer,No answer,No answer,No answer,No answer,No answer,No answer,No answer,No answer,No answer,No answer,No answer,No answer,No answer,No answer,No answer,No answer,No answer,No answer,No answer,No answer,No answer,No answer,No answer,No answer,No answer,No answer,No answer,No answer,No answer,No answer,No answer,No answer,No answer,No answer,No answer,No answer,No answer,No answer,No answer,No answer,No answer,No answer,No answer,No answer,No answer,No answer,No answer,No answer,No answer,No answer,No answer,No answer,No answer,No answer,No answer,No answer,No answer,No answer,No answer,No answer,No answer,No answer,No answer,No answer,No answer,No answer,No answer,No answer,No answer,No answer,No answer,No answer,No answer,No answer,No answer,No answer,No answer,No answer,No answer,No answer,No answer,No answer,No answer,No answer,No answer,No answer,No answer,No answer,No answer,No answer,No answer,No answer,No answer,No answer,No answer,No answer,No answer,No answer,No answer,No answer,No answer,No answer,No answer,No answer,No answer,No answer,No answer,No answer,No answer,No answer,No answer,No answer,No answer,No answer,No answer,No answer,No answer,No answer,No answer,No answer,No answer,No answer,No answer,No answer,No answer,No answer,No answer,No answer,No answer,No answer,No answer,No answer,No answer,No answer,No answer,No answer,No answer,No answer,No answer,No answer,No answer,No answer,No answer,No answer,No answer,No answer,No answer,No answer,No answer,No answer,No answer,No answer,No answer,No answer,No answer,No answer,No answer,No answer,No answer,No answer,No answer,No answer,No answer,No answer,No answer,No answer,No answer,No answer,No answer,No answer,No answer,No answer,No answer,No answer,No answer,No answer,No answer,No answer,No answer,No answer,No answer,No answer,No answer,No answer,No answer,No answer,No answer,No answer,No answer,No answer,No answer,No answer,No answer,No answer,No answer,No answer,No answer,No answer,No answer,No answer,No answer,No answer,No answer,No answer,No answer,No answer,No answer,No answer,No answer,No answer,No answer,No answer,No answer,No answer,No answer,No answer,No answer,No answer,No answer,No answer,No answer,No answer,No answer,No answer,No answer,No answer,No answer,No answer,No answer,No answer,No answer,No answer,No answer,No answer,No answer,No answer,No answer,No answer,No answer,No answer,No answer,No answer,No answer,No answer,No answer,No answer,No answer,No answer,No answer,No answer,No answer,No answer,No answer,No answer,No answer,No answer,No answer,No answer,No answer,No answer,No answer,No answer,No answer,No answer,No answer,No answer,No answer,No answer,No answer,No answer,No answer,No answer,No answer,No answer,No answer,No answer,No answer,No answer,No answer,No answer,No answer,No answer,No answer,No answer,No answer,No answer,No answer,No answer,No answer,No answer,No answer,No answer,No answer,No answer,No answer,No answer,No answer,No answer,No answer,No answer,No answer,No answer,No answer,No answer,No answer,No answer,No answer,No answer,No answer,No answer,No answer,No answer,No answer,No answer,No answer,No answer,No answer,No answer,No answer,No answer,No answer
Colombia,Spanish; Castilian,Single,Female,Urban,CO-DC Distrito Capital de Bogotá,16-24,Middle,Lower middle class,No answer,No answer,No answer,No answer,No answer,No answer,No answer,No answer,No answer,No answer,No answer,No answer,No answer,No answer,No answer,No answer,No answer,No answer,No answer,No answer,No answer,No answer,No answer,No answer,No answer,No answer,No answer,No answer,No answer,No answer,No answer,No answer,No answer,No answer,No answer,No answer,No answer,No answer,No answer,No answer,No answer,No answer,No answer,No answer,No answer,No answer,No answer,No answer,No answer,No answer,No answer,No answer,No answer,No answer,No answer,No answer,No answer,No answer,No answer,No answer,No answer,No answer,No answer,No answer,No answer,No answer,No answer,No answer,No answer,No answer,No answer,No answer,No answer,No answer,No answer,No answer,No answer,No answer,No answer,No answer,No answer,No answer,No answer,No answer,No answer,No answer,No answer,No answer,No answer,No answer,No answer,No answer,No answer,No answer,No answer,No answer,No answer,No answer,No answer,No answer,No answer,No answer,No answer,No answer,No answer,No answer,No answer,No answer,No answer,No answer,No answer,No answer,No answer,No answer,No answer,No answer,No answer,No answer,No answer,No answer,No answer,No answer,No answer,No answer,No answer,No answer,No answer,No answer,No answer,No answer,No answer,No answer,No answer,No answer,No answer,No answer,No answer,No answer,No answer,No answer,No answer,No answer,No answer,No answer,No answer,No answer,No answer,No answer,No answer,No answer,No answer,No answer,No answer,No answer,No answer,No answer,No answer,No answer,No answer,No answer,No answer,No answer,No answer,No answer,No answer,No answer,No answer,No answer,No answer,No answer,No answer,No answer,No answer,No answer,No answer,No answer,No answer,No answer,No answer,No answer,No answer,No answer,No answer,No answer,No answer,No answer,No answer,No answer,No answer,No answer,No answer,No answer,No answer,No answer,No answer,No answer,No answer,No answer,No answer,No answer,No answer,No answer,No answer,No answer,No answer,No answer,No answer,No answer,No answer,No answer,No answer,No answer,No answer,No answer,No answer,No answer,No answer,No answer,No answer,No answer,No answer,No answer,No answer,No answer,No answer,No answer,No answer,No answer,No answer,No answer,No answer,No answer,No answer,No answer,No answer,No answer,No answer,No answer,No answer,No answer,No answer,No answer,No answer,No answer,No answer,No answer,No answer,No answer,No answer,No answer,No answer,No answer,No answer,No answer,No answer,No answer,No answer,No answer,No answer,No answer,No answer,No answer,No answer,No answer,No answer,No answer,No answer,No answer,No answer,No answer,No answer,No answer,No answer,No answer,No answer,No answer,No answer,No answer,No answer,No answer,No answer,No answer,No answer,No answer,No answer,No answer,No answer,No answer,No answer,No answer,No answer,No answer,No answer,No answer,No answer,No answer,No answer,No answer,No answer,No answer,No answer,No answer,No answer,No answer,No answer,No answer,No answer,No answer,No answer,No answer,No answer,No answer,No answer,No answer,No answer,No answer,No answer,No answer,No answer,No answer,No answer,No answer,No answer,No answer,No answer,No answer,No answer,No answer,No answer,No answer,No answer,No answer,No answer,No answer,No answer,No answer,No answer,No answer,No answer,No answer
Colombia,Spanish; Castilian,Living together as married,Female,Urban,CO-DC Distrito Capital de Bogotá,25-34,Higher,Lower middle class,No answer,No answer,No answer,No answer,No answer,No answer,No answer,No answer,No answer,No answer,No answer,No answer,No answer,No answer,No answer,No answer,No answer,No answer,No answer,No answer,No answer,No answer,No answer,No answer,No answer,No answer,No answer,No answer,No answer,No answer,No answer,No answer,No answer,No answer,No answer,No answer,No answer,No answer,No answer,No answer,No answer,No answer,No answer,No answer,No answer,No answer,No answer,No answer,No answer,No answer,No answer,No answer,No answer,No answer,No answer,No answer,No answer,No answer,No answer,No answer,No answer,No answer,No answer,No answer,No answer,No answer,No answer,No answer,No answer,No answer,No answer,No answer,No answer,No answer,No answer,No answer,No answer,No answer,No answer,No answer,No answer,No answer,No answer,No answer,No answer,No answer,No answer,No answer,No answer,No answer,No answer,No answer,No answer,No answer,No answer,No answer,No answer,No answer,No answer,No answer,No answer,No answer,No answer,No answer,No answer,No answer,No answer,No answer,No answer,No answer,No answer,No answer,No answer,No answer,No answer,No answer,No answer,No answer,No answer,No answer,No answer,No answer,No answer,No answer,No answer,No answer,No answer,No answer,No answer,No answer,No answer,No answer,No answer,No answer,No answer,No answer,No answer,No answer,No answer,No answer,No answer,No answer,No answer,No answer,No answer,No answer,No answer,No answer,No answer,No answer,No answer,No answer,No answer,No answer,No answer,No answer,No answer,No answer,No answer,No answer,No answer,No answer,No answer,No answer,No answer,No answer,No answer,No answer,No answer,No answer,No answer,No answer,No answer,No answer,No answer,No answer,No answer,No answer,No answer,No answer,No answer,No answer,No answer,No answer,No answer,No answer,No answer,No answer,No answer,No answer,No answer,No answer,No answer,No answer,No answer,No answer,No answer,No answer,No answer,No answer,No answer,No answer,No answer,No answer,No answer,No answer,No answer,No answer,No answer,No answer,No answer,No answer,No answer,No answer,No answer,No answer,No answer,No answer,No answer,No answer,No answer,No answer,No answer,No answer,No answer,No answer,No answer,No answer,No answer,No answer,No answer,No answer,No answer,No answer,No answer,No answer,No answer,No answer,No answer,No answer,No answer,No answer,No answer,No answer,No answer,No answer,No answer,No answer,No answer,No answer,No answer,No answer,No answer,No answer,No answer,No answer,No answer,No answer,No answer,No answer,No answer,No answer,No answer,No answer,No answer,No answer,No answer,No answer,No answer,No answer,No answer,No answer,No answer,No answer,No answer,No answer,No answer,No answer,No answer,No answer,No answer,No answer,No answer,No answer,No answer,No answer,No answer,No answer,No answer,No answer,No answer,No answer,No answer,No answer,No answer,No answer,No answer,No answer,No answer,No answer,No answer,No answer,No answer,No answer,No answer,No answer,No answer,No answer,No answer,No answer,No answer,No answer,No answer,No answer,No answer,No answer,No answer,No answer,No answer,No answer,No answer,No answer,No answer,No answer,No answer,No answer,No answer,No answer,No answer,No answer,No answer,No answer,No answer,No answer,No answer,No answer,No answer,No answer,No answer,No answer
Colombia,Spanish; Castilian,Living together as married,Female,Urban,CO-DC Distrito Capital de Bogotá,25-34,Lower,Lower middle class,No answer,No answer,No answer,No answer,No answer,No answer,No answer,No answer,No answer,No answer,No answer,No answer,No answer,No answer,No answer,No answer,No answer,No answer,No answer,No answer,No answer,No answer,No answer,No answer,No answer,No answer,No answer,No answer,No answer,No answer,No answer,No answer,No answer,No answer,No answer,No answer,No answer,No answer,No answer,No answer,No answer,No answer,No answer,No answer,No answer,No answer,No answer,No answer,No answer,No answer,No answer,No answer,No answer,No answer,No answer,No answer,No answer,No answer,No answer,No answer,No answer,No answer,No answer,No answer,No answer,No answer,No answer,No answer,No answer,No answer,No answer,No answer,No answer,No answer,No answer,No answer,No answer,No answer,No answer,No answer,No answer,No answer,No answer,No answer,No answer,No answer,No answer,No answer,No answer,No answer,No answer,No answer,No answer,No answer,No answer,No answer,No answer,No answer,No answer,No answer,No answer,No answer,No answer,No answer,No answer,No answer,No answer,No answer,No answer,No answer,No answer,No answer,No answer,No answer,No answer,No answer,No answer,No answer,No answer,No answer,No answer,No answer,No answer,No answer,No answer,No answer,No answer,No answer,No answer,No answer,No answer,No answer,No answer,No answer,No answer,No answer,No answer,No answer,No answer,No answer,No answer,No answer,No answer,No answer,No answer,No answer,No answer,No answer,No answer,No answer,No answer,No answer,No answer,No answer,No answer,No answer,No answer,No answer,No answer,No answer,No answer,No answer,No answer,No answer,No answer,No answer,No answer,No answer,No answer,No answer,No answer,No answer,No answer,No answer,No answer,No answer,No answer,No answer,No answer,No answer,No answer,No answer,No answer,No answer,No answer,No answer,No answer,No answer,No answer,No answer,No answer,No answer,No answer,No answer,No answer,No answer,No answer,No answer,No answer,No answer,No answer,No answer,No answer,No answer,No answer,No answer,No answer,No answer,No answer,No answer,No answer,No answer,No answer,No answer,No answer,No answer,No answer,No answer,No answer,No answer,No answer,No answer,No answer,No answer,No answer,No answer,No answer,No answer,No answer,No answer,No answer,No answer,No answer,No answer,No answer,No answer,No answer,No answer,No answer,No answer,No answer,No answer,No answer,No answer,No answer,No answer,No answer,No answer,No answer,No answer,No answer,No answer,No answer,No answer,No answer,No answer,No answer,No answer,No answer,No answer,No answer,No answer,No answer,No answer,No answer,No answer,No answer,No answer,No answer,No answer,No answer,No answer,No answer,No answer,No answer,No answer,No answer,No answer,No answer,No answer,No answer,No answer,No answer,No answer,No answer,No answer,No answer,No answer,No answer,No answer,No answer,No answer,No answer,No answer,No answer,No answer,No answer,No answer,No answer,No answer,No answer,No answer,No answer,No answer,No answer,No answer,No answer,No answer,No answer,No answer,No answer,No answer,No answer,No answer,No answer,No answer,No answer,No answer,No answer,No answer,No answer,No answer,No answer,No answer,No answer,No answer,No answer,No answer,No answer,No answer,No answer,No answer,No answer,No answer,No answer,No answer,No answer,No answer,No answer,No answer
Colombia,Spanish; Castilian,Living together as married,Female,Urban,CO-DC Distrito Capital de Bogotá,25-34,Middle,Lower middle class,No answer,No answer,No answer,No answer,No answer,No answer,No answer,No answer,No answer,No answer,No answer,No answer,No answer,No answer,No answer,No answer,No answer,No answer,No answer,No answer,No answer,No answer,No answer,No answer,No answer,No answer,No answer,No answer,No answer,No answer,No answer,No answer,No answer,No answer,No answer,No answer,No answer,No answer,No answer,No answer,No answer,No answer,No answer,No answer,No answer,No answer,No answer,No answer,No answer,No answer,No answer,No answer,No answer,No answer,No answer,No answer,No answer,No answer,No answer,No answer,No answer,No answer,No answer,No answer,No answer,No answer,No answer,No answer,No answer,No answer,No answer,No answer,No answer,No answer,No answer,No answer,No answer,No answer,No answer,No answer,No answer,No answer,No answer,No answer,No answer,No answer,No answer,No answer,No answer,No answer,No answer,No answer,No answer,No answer,No answer,No answer,No answer,No answer,No answer,No answer,No answer,No answer,No answer,No answer,No answer,No answer,No answer,No answer,No answer,No answer,No answer,No answer,No answer,No answer,No answer,No answer,No answer,No answer,No answer,No answer,No answer,No answer,No answer,No answer,No answer,No answer,No answer,No answer,No answer,No answer,No answer,No answer,No answer,No answer,No answer,No answer,No answer,No answer,No answer,No answer,No answer,No answer,No answer,No answer,No answer,No answer,No answer,No answer,No answer,No answer,No answer,No answer,No answer,No answer,No answer,No answer,No answer,No answer,No answer,No answer,No answer,No answer,No answer,No answer,No answer,No answer,No answer,No answer,No answer,No answer,No answer,No answer,No answer,No answer,No answer,No answer,No answer,No answer,No answer,No answer,No answer,No answer,No answer,No answer,No answer,No answer,No answer,No answer,No answer,No answer,No answer,No answer,No answer,No answer,No answer,No answer,No answer,No answer,No answer,No answer,No answer,No answer,No answer,No answer,No answer,No answer,No answer,No answer,No answer,No answer,No answer,No answer,No answer,No answer,No answer,No answer,No answer,No answer,No answer,No answer,No answer,No answer,No answer,No answer,No answer,No answer,No answer,No answer,No answer,No answer,No answer,No answer,No answer,No answer,No answer,No answer,No answer,No answer,No answer,No answer,No answer,No answer,No answer,No answer,No answer,No answer,No answer,No answer,No answer,No answer,No answer,No answer,No answer,No answer,No answer,No answer,No answer,No answer,No answer,No answer,No answer,No answer,No answer,No answer,No answer,No answer,No answer,No answer,No answer,No answer,No answer,No answer,No answer,No answer,No answer,No answer,No answer,No answer,No answer,No answer,No answer,No answer,No answer,No answer,No answer,No answer,No answer,No answer,No answer,No answer,No answer,No answer,No answer,No answer,No answer,No answer,No answer,No answer,No answer,No answer,No answer,No answer,No answer,No answer,No answer,No answer,No answer,No answer,No answer,No answer,No answer,No answer,No answer,No answer,No answer,No answer,No answer,No answer,No answer,No answer,No answer,No answer,No answer,No answer,No answer,No answer,No answer,No answer,No answer,No answer,No answer,No answer,No answer,No answer,No answer,No answer,No answer,No answer,No answer,No answer
Colombia,Spanish; Castilian,Single,Female,Urban,CO-DC Distrito Capital de Bogotá,25-34,Higher,Lower middle class,No answer,No answer,No answer,No answer,No answer,No answer,No answer,No answer,No answer,No answer,No answer,No answer,No answer,No answer,No answer,No answer,No answer,No answer,No answer,No answer,No answer,No answer,No answer,No answer,No answer,No answer,No answer,No answer,No answer,No answer,No answer,No answer,No answer,No answer,No answer,No answer,No answer,No answer,No answer,No answer,No answer,No answer,No answer,No answer,No answer,No answer,No answer,No answer,No answer,No answer,No answer,No answer,No answer,No answer,No answer,No answer,No answer,No answer,No answer,No answer,No answer,No answer,No answer,No answer,No answer,No answer,No answer,No answer,No answer,No answer,No answer,No answer,No answer,No answer,No answer,No answer,No answer,No answer,No answer,No answer,No answer,No answer,No answer,No answer,No answer,No answer,No answer,No answer,No answer,No answer,No answer,No answer,No answer,No answer,No answer,No answer,No answer,No answer,No answer,No answer,No answer,No answer,No answer,No answer,No answer,No answer,No answer,No answer,No answer,No answer,No answer,No answer,No answer,No answer,No answer,No answer,No answer,No answer,No answer,No answer,No answer,No answer,No answer,No answer,No answer,No answer,No answer,No answer,No answer,No answer,No answer,No answer,No answer,No answer,No answer,No answer,No answer,No answer,No answer,No answer,No answer,No answer,No answer,No answer,No answer,No answer,No answer,No answer,No answer,No answer,No answer,No answer,No answer,No answer,No answer,No answer,No answer,No answer,No answer,No answer,No answer,No answer,No answer,No answer,No answer,No answer,No answer,No answer,No answer,No answer,No answer,No answer,No answer,No answer,No answer,No answer,No answer,No answer,No answer,No answer,No answer,No answer,No answer,No answer,No answer,No answer,No answer,No answer,No answer,No answer,No answer,No answer,No answer,No answer,No answer,No answer,No answer,No answer,No answer,No answer,No answer,No answer,No answer,No answer,No answer,No answer,No answer,No answer,No answer,No answer,No answer,No answer,No answer,No answer,No answer,No answer,No answer,No answer,No answer,No answer,No answer,No answer,No answer,No answer,No answer,No answer,No answer,No answer,No answer,No answer,No answer,No answer,No answer,No answer,No answer,No answer,No answer,No answer,No answer,No answer,No answer,No answer,No answer,No answer,No answer,No answer,No answer,No answer,No answer,No answer,No answer,No answer,No answer,No answer,No answer,No answer,No answer,No answer,No answer,No answer,No answer,No answer,No answer,No answer,No answer,No answer,No answer,No answer,No answer,No answer,No answer,No answer,No answer,No answer,No answer,No answer,No answer,No answer,No answer,No answer,No answer,No answer,No answer,No answer,No answer,No answer,No answer,No answer,No answer,No answer,No answer,No answer,No answer,No answer,No answer,No answer,No answer,No answer,No answer,No answer,No answer,No answer,No answer,No answer,No answer,No answer,No answer,No answer,No answer,No answer,No answer,No answer,No answer,No answer,No answer,No answer,No answer,No answer,No answer,No answer,No answer,No answer,No answer,No answer,No answer,No answer,No answer,No answer,No answer,No answer,No answer,No answer,No answer,No answer,No answer,No answer,No answer,No answer,No answer,No answer
Colombia,Spanish; Castilian,Single,Female,Urban,CO-DC Distrito Capital de Bogotá,25-34,Middle,Lower middle class,No answer,No answer,No answer,No answer,No answer,No answer,No answer,No answer,No answer,No answer,No answer,No answer,No answer,No answer,No answer,No answer,No answer,No answer,No answer,No answer,No answer,No answer,No answer,No answer,No answer,No answer,No answer,No answer,No answer,No answer,No answer,No answer,No answer,No answer,No answer,No answer,No answer,No answer,No answer,No answer,No answer,No answer,No answer,No answer,No answer,No answer,No answer,No answer,No answer,No answer,No answer,No answer,No answer,No answer,No answer,No answer,No answer,No answer,No answer,No answer,No answer,No answer,No answer,No answer,No answer,No answer,No answer,No answer,No answer,No answer,No answer,No answer,No answer,No answer,No answer,No answer,No answer,No answer,No answer,No answer,No answer,No answer,No answer,No answer,No answer,No answer,No answer,No answer,No answer,No answer,No answer,No answer,No answer,No answer,No answer,No answer,No answer,No answer,No answer,No answer,No answer,No answer,No answer,No answer,No answer,No answer,No answer,No answer,No answer,No answer,No answer,No answer,No answer,No answer,No answer,No answer,No answer,No answer,No answer,No answer,No answer,No answer,No answer,No answer,No answer,No answer,No answer,No answer,No answer,No answer,No answer,No answer,No answer,No answer,No answer,No answer,No answer,No answer,No answer,No answer,No answer,No answer,No answer,No answer,No answer,No answer,No answer,No answer,No answer,No answer,No answer,No answer,No answer,No answer,No answer,No answer,No answer,No answer,No answer,No answer,No answer,No answer,No answer,No answer,No answer,No answer,No answer,No answer,No answer,No answer,No answer,No answer,No answer,No answer,No answer,No answer,No answer,No answer,No answer,No answer,No answer,No answer,No answer,No answer,No answer,No answer,No answer,No answer,No answer,No answer,No answer,No answer,No answer,No answer,No answer,No answer,No answer,No answer,No answer,No answer,No answer,No answer,No answer,No answer,No answer,No answer,No answer,No answer,No answer,No answer,No answer,No answer,No answer,No answer,No answer,No answer,No answer,No answer,No answer,No answer,No answer,No answer,No answer,No answer,No answer,No answer,No answer,No answer,No answer,No answer,No answer,No answer,No answer,No answer,No answer,No answer,No answer,No answer,No answer,No answer,No answer,No answer,No answer,No answer,No answer,No answer,No answer,No answer,No answer,No answer,No answer,No answer,No answer,No answer,No answer,No answer,No answer,No answer,No answer,No answer,No answer,No answer,No answer,No answer,No answer,No answer,No answer,No answer,No answer,No answer,No answer,No answer,No answer,No answer,No answer,No answer,No answer,No answer,No answer,No answer,No answer,No answer,No answer,No answer,No answer,No answer,No answer,No answer,No answer,No answer,No answer,No answer,No answer,No answer,No answer,No answer,No answer,No answer,No answer,No answer,No answer,No answer,No answer,No answer,No answer,No answer,No answer,No answer,No answer,No answer,No answer,No answer,No answer,No answer,No answer,No answer,No answer,No answer,No answer,No answer,No answer,No answer,No answer,No answer,No answer,No answer,No answer,No answer,No answer,No answer,No answer,No answer,No answer,No answer,No answer,No answer,No answer,No answer,No answer,No answer
Colombia,Spanish; Castilian,Single,Male,Urban,CO-DC Distrito Capital de Bogotá,16-24,Higher,Lower middle class,No answer,No answer,No answer,No answer,No answer,No answer,No answer,No answer,No answer,No answer,No answer,No answer,No answer,No answer,No answer,No answer,No answer,No answer,No answer,No answer,No answer,No answer,No answer,No answer,No answer,No answer,No answer,No answer,No answer,No answer,No answer,No answer,No answer,No answer,No answer,No answer,No answer,No answer,No answer,No answer,No answer,No answer,No answer,No answer,No answer,No answer,No answer,No answer,No answer,No answer,No answer,No answer,No answer,No answer,No answer,No answer,No answer,No answer,No answer,No answer,No answer,No answer,No answer,No answer,No answer,No answer,No answer,No answer,No answer,No answer,No answer,No answer,No answer,No answer,No answer,No answer,No answer,No answer,No answer,No answer,No answer,No answer,No answer,No answer,No answer,No answer,No answer,No answer,No answer,No answer,No answer,No answer,No answer,No answer,No answer,No answer,No answer,No answer,No answer,No answer,No answer,No answer,No answer,No answer,No answer,No answer,No answer,No answer,No answer,No answer,No answer,No answer,No answer,No answer,No answer,No answer,No answer,No answer,No answer,No answer,No answer,No answer,No answer,No answer,No answer,No answer,No answer,No answer,No answer,No answer,No answer,No answer,No answer,No answer,No answer,No answer,No answer,No answer,No answer,No answer,No answer,No answer,No answer,No answer,No answer,No answer,No answer,No answer,No answer,No answer,No answer,No answer,No answer,No answer,No answer,No answer,No answer,No answer,No answer,No answer,No answer,No answer,No answer,No answer,No answer,No answer,No answer,No answer,No answer,No answer,No answer,No answer,No answer,No answer,No answer,No answer,No answer,No answer,No answer,No answer,No answer,No answer,No answer,No answer,No answer,No answer,No answer,No answer,No answer,No answer,No answer,No answer,No answer,No answer,No answer,No answer,No answer,No answer,No answer,No answer,No answer,No answer,No answer,No answer,No answer,No answer,No answer,No answer,No answer,No answer,No answer,No answer,No answer,No answer,No answer,No answer,No answer,No answer,No answer,No answer,No answer,No answer,No answer,No answer,No answer,No answer,No answer,No answer,No answer,No answer,No answer,No answer,No answer,No answer,No answer,No answer,No answer,No answer,No answer,No answer,No answer,No answer,No answer,No answer,No answer,No answer,No answer,No answer,No answer,No answer,No answer,No answer,No answer,No answer,No answer,No answer,No answer,No answer,No answer,No answer,No answer,No answer,No answer,No answer,No answer,No answer,No answer,No answer,No answer,No answer,No answer,No answer,No answer,No answer,No answer,No answer,No answer,No answer,No answer,No answer,No answer,No answer,No answer,No answer,No answer,No answer,No answer,No answer,No answer,No answer,No answer,No answer,No answer,No answer,No answer,No answer,No answer,No answer,No answer,No answer,No answer,No answer,No answer,No answer,No answer,No answer,No answer,No answer,No answer,No answer,No answer,No answer,No answer,No answer,No answer,No answer,No answer,No answer,No answer,No answer,No answer,No answer,No answer,No answer,No answer,No answer,No answer,No answer,No answer,No answer,No answer,No answer,No answer,No answer,No answer,No answer,No answer,No answer,No answer,No answer
Colombia,Spanish; Castilian,Single,Male,Urban,CO-DC Distrito Capital de Bogotá,16-24,Middle,Lower middle class,No answer,No answer,No answer,No answer,No answer,No answer,No answer,No answer,No answer,No answer,No answer,No answer,No answer,No answer,No answer,No answer,No answer,No answer,No answer,No answer,No answer,No answer,No answer,No answer,No answer,No answer,No answer,No answer,No answer,No answer,No answer,No answer,No answer,No answer,No answer,No answer,No answer,No answer,No answer,No answer,No answer,No answer,No answer,No answer,No answer,No answer,No answer,No answer,No answer,No answer,No answer,No answer,No answer,No answer,No answer,No answer,No answer,No answer,No answer,No answer,No answer,No answer,No answer,No answer,No answer,No answer,No answer,No answer,No answer,No answer,No answer,No answer,No answer,No answer,No answer,No answer,No answer,No answer,No answer,No answer,No answer,No answer,No answer,No answer,No answer,No answer,No answer,No answer,No answer,No answer,No answer,No answer,No answer,No answer,No answer,No answer,No answer,No answer,No answer,No answer,No answer,No answer,No answer,No answer,No answer,No answer,No answer,No answer,No answer,No answer,No answer,No answer,No answer,No answer,No answer,No answer,No answer,No answer,No answer,No answer,No answer,No answer,No answer,No answer,No answer,No answer,No answer,No answer,No answer,No answer,No answer,No answer,No answer,No answer,No answer,No answer,No answer,No answer,No answer,No answer,No answer,No answer,No answer,No answer,No answer,No answer,No answer,No answer,No answer,No answer,No answer,No answer,No answer,No answer,No answer,No answer,No answer,No answer,No answer,No answer,No answer,No answer,No answer,No answer,No answer,No answer,No answer,No answer,No answer,No answer,No answer,No answer,No answer,No answer,No answer,No answer,No answer,No answer,No answer,No answer,No answer,No answer,No answer,No answer,No answer,No answer,No answer,No answer,No answer,No answer,No answer,No answer,No answer,No answer,No answer,No answer,No answer,No answer,No answer,No answer,No answer,No answer,No answer,No answer,No answer,No answer,No answer,No answer,No answer,No answer,No answer,No answer,No answer,No answer,No answer,No answer,No answer,No answer,No answer,No answer,No answer,No answer,No answer,No answer,No answer,No answer,No answer,No answer,No answer,No answer,No answer,No answer,No answer,No answer,No answer,No answer,No answer,No answer,No answer,No answer,No answer,No answer,No answer,No answer,No answer,No answer,No answer,No answer,No answer,No answer,No answer,No answer,No answer,No answer,No answer,No answer,No answer,No answer,No answer,No answer,No answer,No answer,No answer,No answer,No answer,No answer,No answer,No answer,No answer,No answer,No answer,No answer,No answer,No answer,No answer,No answer,No answer,No answer,No answer,No answer,No answer,No answer,No answer,No answer,No answer,No answer,No answer,No answer,No answer,No answer,No answer,No answer,No answer,No answer,No answer,No answer,No answer,No answer,No answer,No answer,No answer,No answer,No answer,No answer,No answer,No answer,No answer,No answer,No answer,No answer,No answer,No answer,No answer,No answer,No answer,No answer,No answer,No answer,No answer,No answer,No answer,No answer,No answer,No answer,No answer,No answer,No answer,No answer,No answer,No answer,No answer,No answer,No answer,No answer,No answer,No answer,No answer,No answer,No answer,No answer
Colombia,Spanish; Castilian,Single,Male,Urban,CO-DC Distrito Capital de Bogotá,16-24,Middle,Working class,No answer,No answer,No answer,No answer,No answer,No answer,No answer,No answer,No answer,No answer,No answer,No answer,No answer,No answer,No answer,No answer,No answer,No answer,No answer,No answer,No answer,No answer,No answer,No answer,No answer,No answer,No answer,No answer,No answer,No answer,No answer,No answer,No answer,No answer,No answer,No answer,No answer,No answer,No answer,No answer,No answer,No answer,No answer,No answer,No answer,No answer,No answer,No answer,No answer,No answer,No answer,No answer,No answer,No answer,No answer,No answer,No answer,No answer,No answer,No answer,No answer,No answer,No answer,No answer,No answer,No answer,No answer,No answer,No answer,No answer,No answer,No answer,No answer,No answer,No answer,No answer,No answer,No answer,No answer,No answer,No answer,No answer,No answer,No answer,No answer,No answer,No answer,No answer,No answer,No answer,No answer,No answer,No answer,No answer,No answer,No answer,No answer,No answer,No answer,No answer,No answer,No answer,No answer,No answer,No answer,No answer,No answer,No answer,No answer,No answer,No answer,No answer,No answer,No answer,No answer,No answer,No answer,No answer,No answer,No answer,No answer,No answer,No answer,No answer,No answer,No answer,No answer,No answer,No answer,No answer,No answer,No answer,No answer,No answer,No answer,No answer,No answer,No answer,No answer,No answer,No answer,No answer,No answer,No answer,No answer,No answer,No answer,No answer,No answer,No answer,No answer,No answer,No answer,No answer,No answer,No answer,No answer,No answer,No answer,No answer,No answer,No answer,No answer,No answer,No answer,No answer,No answer,No answer,No answer,No answer,No answer,No answer,No answer,No answer,No answer,No answer,No answer,No answer,No answer,No answer,No answer,No answer,No answer,No answer,No answer,No answer,No answer,No answer,No answer,No answer,No answer,No answer,No answer,No answer,No answer,No answer,No answer,No answer,No answer,No answer,No answer,No answer,No answer,No answer,No answer,No answer,No answer,No answer,No answer,No answer,No answer,No answer,No answer,No answer,No answer,No answer,No answer,No answer,No answer,No answer,No answer,No answer,No answer,No answer,No answer,No answer,No answer,No answer,No answer,No answer,No answer,No answer,No answer,No answer,No answer,No answer,No answer,No answer,No answer,No answer,No answer,No answer,No answer,No answer,No answer,No answer,No answer,No answer,No answer,No answer,No answer,No answer,No answer,No answer,No answer,No answer,No answer,No answer,No answer,No answer,No answer,No answer,No answer,No answer,No answer,No answer,No answer,No answer,No answer,No answer,No answer,No answer,No answer,No answer,No answer,No answer,No answer,No answer,No answer,No answer,No answer,No answer,No answer,No answer,No answer,No answer,No answer,No answer,No answer,No answer,No answer,No answer,No answer,No answer,No answer,No answer,No answer,No answer,No answer,No answer,No answer,No answer,No answer,No answer,No answer,No answer,No answer,No answer,No answer,No answer,No answer,No answer,No answer,No answer,No answer,No answer,No answer,No answer,No answer,No answer,No answer,No answer,No answer,No answer,No answer,No answer,No answer,No answer,No answer,No answer,No answer,No answer,No answer,No answer,No answer,No answer,No answer,No answer,No answer,No answer
Colombia,Spanish; Castilian,Single,Male,Urban,CO-DC Distrito Capital de Bogotá,25-34,Higher,Lower middle class,No answer,No answer,No answer,No answer,No answer,No answer,No answer,No answer,No answer,No answer,No answer,No answer,No answer,No answer,No answer,No answer,No answer,No answer,No answer,No answer,No answer,No answer,No answer,No answer,No answer,No answer,No answer,No answer,No answer,No answer,No answer,No answer,No answer,No answer,No answer,No answer,No answer,No answer,No answer,No answer,No answer,No answer,No answer,No answer,No answer,No answer,No answer,No answer,No answer,No answer,No answer,No answer,No answer,No answer,No answer,No answer,No answer,No answer,No answer,No answer,No answer,No answer,No answer,No answer,No answer,No answer,No answer,No answer,No answer,No answer,No answer,No answer,No answer,No answer,No answer,No answer,No answer,No answer,No answer,No answer,No answer,No answer,No answer,No answer,No answer,No answer,No answer,No answer,No answer,No answer,No answer,No answer,No answer,No answer,No answer,No answer,No answer,No answer,No answer,No answer,No answer,No answer,No answer,No answer,No answer,No answer,No answer,No answer,No answer,No answer,No answer,No answer,No answer,No answer,No answer,No answer,No answer,No answer,No answer,No answer,No answer,No answer,No answer,No answer,No answer,No answer,No answer,No answer,No answer,No answer,No answer,No answer,No answer,No answer,No answer,No answer,No answer,No answer,No answer,No answer,No answer,No answer,No answer,No answer,No answer,No answer,No answer,No answer,No answer,No answer,No answer,No answer,No answer,No answer,No answer,No answer,No answer,No answer,No answer,No answer,No answer,No answer,No answer,No answer,No answer,No answer,No answer,No answer,No answer,No answer,No answer,No answer,No answer,No answer,No answer,No answer,No answer,No answer,No answer,No answer,No answer,No answer,No answer,No answer,No answer,No answer,No answer,No answer,No answer,No answer,No answer,No answer,No answer,No answer,No answer,No answer,No answer,No answer,No answer,No answer,No answer,No answer,No answer,No answer,No answer,No answer,No answer,No answer,No answer,No answer,No answer,No answer,No answer,No answer,No answer,No answer,No answer,No answer,No answer,No answer,No answer,No answer,No answer,No answer,No answer,No answer,No answer,No answer,No answer,No answer,No answer,No answer,No answer,No answer,No answer,No answer,No answer,No answer,No answer,No answer,No answer,No answer,No answer,No answer,No answer,No answer,No answer,No answer,No answer,No answer,No answer,No answer,No answer,No answer,No answer,No answer,No answer,No answer,No answer,No answer,No answer,No answer,No answer,No answer,No answer,No answer,No answer,No answer,No answer,No answer,No answer,No answer,No answer,No answer,No answer,No answer,No answer,No answer,No answer,No answer,No answer,No answer,No answer,No answer,No answer,No answer,No answer,No answer,No answer,No answer,No answer,No answer,No answer,No answer,No answer,No answer,No answer,No answer,No answer,No answer,No answer,No answer,No answer,No answer,No answer,No answer,No answer,No answer,No answer,No answer,No answer,No answer,No answer,No answer,No answer,No answer,No answer,No answer,No answer,No answer,No answer,No answer,No answer,No answer,No answer,No answer,No answer,No answer,No answer,No answer,No answer,No answer,No answer,No answer,No answer,No answer,No answer,No answer,No answer,No answer
